{
    "o3-mini-2025-01-31": {
        "Dataset": "owasp",
        "Prompt Type": "simple",
        "Vulnerability Metrics": {
            "Accuracy": 0.8474452554744526,
            "Precision": 0.8201669877970456,
            "Recall": 0.9024734982332155,
            "F1-Score": 0.8593539703903096,
            "Youden Index": 0.6911527435162346,
            "ROC-AUC Score": 0.8455763717581173,
            "FPR": 0.21132075471698114,
            "FNR": 0.09752650176678446,
            "Specificity": 0.7886792452830189,
            "NPV": 0.8833474218089603,
            "FDR": 0.1798330122029544,
            "MCC": 0.6973061840414115,
            "Confusion Matrix": [
                [
                    1045,
                    280
                ],
                [
                    138,
                    1277
                ]
            ]
        },
        "Vulnerability Type Metrics": {
            "Using Predicted CWE": {
                "Per Class Metrics": {
                    "Accuracy": {
                        "CWE-22": 0.9529197080291971,
                        "CWE-78": 0.9602189781021898,
                        "CWE-79": 0.9171532846715329,
                        "CWE-89": 0.9291970802919708,
                        "CWE-90": 0.9901459854014598,
                        "CWE-327": 0.9412408759124088,
                        "CWE-328": 0.9138686131386862,
                        "CWE-330": 0.8948905109489051,
                        "CWE-501": 0.954014598540146,
                        "CWE-614": 0.9886861313868613,
                        "CWE-643": 0.993065693430657
                    },
                    "Precision": {
                        "CWE-22": 1.0,
                        "CWE-78": 1.0,
                        "CWE-79": 1.0,
                        "CWE-89": 1.0,
                        "CWE-90": 1.0,
                        "CWE-327": 0.6855895196506551,
                        "CWE-328": 0.0,
                        "CWE-330": 1.0,
                        "CWE-501": 0.0,
                        "CWE-614": 1.0,
                        "CWE-643": 1.0
                    },
                    "Recall": {
                        "CWE-22": 0.5186567164179104,
                        "CWE-78": 0.5657370517928287,
                        "CWE-79": 0.5010989010989011,
                        "CWE-89": 0.6150793650793651,
                        "CWE-90": 0.5423728813559322,
                        "CWE-327": 0.6382113821138211,
                        "CWE-328": 0.0,
                        "CWE-330": 0.4158215010141988,
                        "CWE-501": 0.0,
                        "CWE-614": 0.5373134328358209,
                        "CWE-643": 0.45714285714285713
                    },
                    "F1-Score": {
                        "CWE-22": 0.683046683046683,
                        "CWE-78": 0.72264631043257,
                        "CWE-79": 0.6676427525622255,
                        "CWE-89": 0.7616707616707616,
                        "CWE-90": 0.7032967032967034,
                        "CWE-327": 0.6610526315789473,
                        "CWE-328": 0.0,
                        "CWE-330": 0.5873925501432665,
                        "CWE-501": 0.0,
                        "CWE-614": 0.6990291262135923,
                        "CWE-643": 0.6274509803921569
                    }
                },
                "Macro Precision": 0.7895990472409686,
                "Macro Recall": 0.43558491716833053,
                "Macro F1-Score": 0.5557480453942641,
                "Weighted Precision": 0.8396551174576866,
                "Weighted Recall": 0.46167883211678834,
                "Weighted F1-Score": 0.5892678712140713,
                "MCC": 0.507292735918705,
                "Cohen Kappa": 0.9366453299426238,
                "Confusion Matrix": [
                    [
                        139,
                        0,
                        0,
                        0,
                        0,
                        0,
                        0,
                        0,
                        0,
                        0,
                        0
                    ],
                    [
                        0,
                        142,
                        0,
                        0,
                        0,
                        0,
                        0,
                        0,
                        0,
                        0,
                        0
                    ],
                    [
                        0,
                        0,
                        228,
                        0,
                        0,
                        0,
                        0,
                        0,
                        0,
                        0,
                        0
                    ],
                    [
                        0,
                        0,
                        0,
                        310,
                        0,
                        0,
                        0,
                        0,
                        0,
                        0,
                        0
                    ],
                    [
                        0,
                        0,
                        0,
                        0,
                        32,
                        0,
                        0,
                        0,
                        0,
                        0,
                        0
                    ],
                    [
                        0,
                        0,
                        0,
                        0,
                        0,
                        157,
                        0,
                        0,
                        0,
                        0,
                        0
                    ],
                    [
                        0,
                        0,
                        0,
                        0,
                        0,
                        72,
                        0,
                        0,
                        0,
                        0,
                        0
                    ],
                    [
                        0,
                        0,
                        0,
                        0,
                        0,
                        0,
                        0,
                        205,
                        0,
                        0,
                        0
                    ],
                    [
                        0,
                        0,
                        0,
                        0,
                        0,
                        0,
                        0,
                        0,
                        0,
                        0,
                        0
                    ],
                    [
                        0,
                        0,
                        0,
                        0,
                        0,
                        0,
                        0,
                        0,
                        0,
                        36,
                        0
                    ],
                    [
                        0,
                        0,
                        0,
                        0,
                        0,
                        0,
                        0,
                        0,
                        0,
                        0,
                        16
                    ]
                ]
            },
            "Using Predicted Vulnerability Name": {
                "Per Class Metrics": {
                    "Accuracy": {
                        "CWE-22": 0.9492700729927007,
                        "CWE-78": 0.960948905109489,
                        "CWE-79": 0.9094890510948905,