{
    "qwen3-coder:30b": {
        "Dataset": "owasp",
        "Prompt Type": "vulnerability_specific",
        "Vulnerability Metrics": {
            "Accuracy": 0.5244525547445256,
            "Precision": 0.5527306967984934,
            "Recall": 0.4148409893992933,
            "F1-Score": 0.473960436011304,
            "Youden Index": 0.05635042336155749,
            "ROC-AUC Score": 0.5281752116807787,
            "FPR": 0.3584905660377358,
            "FNR": 0.5851590106007067,
            "Specificity": 0.6415094339622641,
            "NPV": 0.5065554231227652,
            "FDR": 0.4472693032015066,
            "MCC": 0.057799636305317585,
            "Confusion Matrix": [
                [
                    850,
                    475
                ],
                [
                    828,
                    587
                ]
            ]
        },
        "Vulnerability Type Metrics": {
            "Using Predicted CWE": {
                "Per Class Metrics": {
                    "Accuracy": {
                        "CWE-22": 0.9697080291970803,
                        "CWE-78": 1.0,
                        "CWE-79": 0.8452554744525548,
                        "CWE-89": 0.9974452554744525,
                        "CWE-90": 0.9996350364963503,
                        "CWE-327": 0.9105839416058394,
                        "CWE-328": 0.9142335766423357,
                        "CWE-330": 0.8233576642335766,
                        "CWE-501": 0.954014598540146,
                        "CWE-614": 0.9751824817518249,
                        "CWE-643": 0.9974452554744525
                    },
                    "Precision": {
                        "CWE-22": 1.0,
                        "CWE-78": 1.0,
                        "CWE-79": 1.0,
                        "CWE-89": 1.0,
                        "CWE-90": 1.0,
                        "CWE-327": 1.0,
                        "CWE-328": 1.0,
                        "CWE-330": 1.0,
                        "CWE-501": 0.0,
                        "CWE-614": 0.0,
                        "CWE-643": 1.0
                    },
                    "Recall": {
                        "CWE-22": 0.6902985074626866,
                        "CWE-78": 1.0,
                        "CWE-79": 0.06813186813186813,
                        "CWE-89": 0.9861111111111112,
                        "CWE-90": 0.9830508474576272,
                        "CWE-327": 0.0040650406504065045,
                        "CWE-328": 0.00423728813559322,
                        "CWE-330": 0.018255578093306288,
                        "CWE-501": 0.0,
                        "CWE-614": 0.0,
                        "CWE-643": 0.8
                    },
                    "F1-Score": {
                        "CWE-22": 0.8167770419426048,
                        "CWE-78": 1.0,
                        "CWE-79": 0.12757201646090535,
                        "CWE-89": 0.993006993006993,
                        "CWE-90": 0.9914529914529915,
                        "CWE-327": 0.008097165991902834,
                        "CWE-328": 0.008438818565400843,
                        "CWE-330": 0.035856573705179286,
                        "CWE-501": 0.0,
                        "CWE-614": 0.0,
                        "CWE-643": 0.8888888888888888
                    }
                },
                "Macro Precision": 0.8181818181818182,
                "Macro Recall": 0.4140136582765999,
                "Macro F1-Score": 0.4427354990922607,
                "Weighted Precision": 0.9295620437956205,
                "Weighted Recall": 0.3872262773722628,
                "Weighted F1-Score": 0.4159432962280249,
                "MCC": 0.47343531236304903,
                "Cohen Kappa": 0.9986356436177798,
                "Confusion Matrix": [
                    [
                        185,
                        0,
                        0,
                        0,
                        0,
                        0,
                        0,
                        0,
                        0,
                        0,
                        0
                    ],
                    [
                        0,
                        251,
                        0,
                        0,
                        0,
                        0,
                        0,
                        0,
                        0,
                        0,
                        0
                    ],
                    [
                        0,
                        0,
                        31,
                        0,
                        0,
                        0,
                        0,
                        0,
                        0,
                        0,
                        0
                    ],
                    [
                        0,
                        0,
                        0,
                        497,
                        0,
                        0,
                        0,
                        0,
                        0,
                        0,
                        0
                    ],
                    [
                        0,
                        0,
                        0,
                        0,
                        58,
                        0,
                        0,
                        0,
                        0,
                        0,
                        0
                    ],
                    [
                        0,
                        0,
                        0,
                        0,
                        0,
                        1,
                        0,
                        0,
                        0,
                        0,
                        0
                    ],
                    [
                        0,
                        0,
                        0,
                        0,
                        0,
                        0,
                        1,
                        0,
                        0,
                        0,
                        0
                    ],
                    [
                        0,
                        0,
                        0,
                        0,
                        0,
                        0,
                        0,
                        9,
                        0,
                        0,
                        0
                    ],
                    [
                        0,
                        0,
                        0,
                        0,
                        0,
                        0,
                        0,
                        0,
                        0,
                        0,
                        0
                    ],
                    [
                        0,
                        0,
                        0,
                        0,
                        0,
                        0,
                        0,
                        0,
                        0,
                        0,
                        0
                    ],
                    [
                        0,
                        0,
                        0,
                        0,
                        0,
                        0,
                        0,
                        0,
                        0,
                        1,
                        28
                    ]
                ]
            },
            "Using Predicted Vulnerability Name": {
                "Per Class Metrics": {
                    "Accuracy": {
                        "CWE-22": 0.9697080291970803,
                        "CWE-78": 1.0,
                        "CWE-79": 0.8452554744525548,
                        "CWE-89": 0.9974452554744525,