{
    "qwen3-coder:30b": {
        "Dataset": "owasp",
        "Prompt Type": "simple",
        "Vulnerability Metrics": {
            "Accuracy": 0.5525547445255474,
            "Precision": 0.5671641791044776,
            "Recall": 0.5639575971731449,
            "F1-Score": 0.5655563430191354,
            "Youden Index": 0.10433495566371098,
            "ROC-AUC Score": 0.5521674778318555,
            "FPR": 0.45962264150943394,
            "FNR": 0.43604240282685514,
            "Specificity": 0.540377358490566,
            "NPV": 0.5371342835708928,
            "FDR": 0.43283582089552236,
            "MCC": 0.10431670757375336,
            "Confusion Matrix": [
                [
                    716,
                    609
                ],
                [
                    617,
                    798
                ]
            ]
        },
        "Vulnerability Type Metrics": {
            "Using Predicted CWE": {
                "Per Class Metrics": {
                    "Accuracy": {
                        "CWE-22": 0.9850364963503649,
                        "CWE-78": 0.9992700729927008,
                        "CWE-79": 0.7795620437956204,
                        "CWE-89": 0.9364963503649635,
                        "CWE-90": 0.9989051094890511,
                        "CWE-327": 0.9032846715328468,
                        "CWE-328": 0.9138686131386862,
                        "CWE-330": 0.8259124087591241,
                        "CWE-501": 0.954014598540146,
                        "CWE-614": 0.9755474452554744,
                        "CWE-643": 0.9941605839416059
                    },
                    "Precision": {
                        "CWE-22": 1.0,
                        "CWE-78": 1.0,
                        "CWE-79": 0.08839779005524862,
                        "CWE-89": 1.0,
                        "CWE-90": 0.9827586206896551,
                        "CWE-327": 0.1935483870967742,
                        "CWE-328": 0.0,
                        "CWE-330": 1.0,
                        "CWE-501": 0.0,
                        "CWE-614": 0.0,
                        "CWE-643": 1.0
                    },
                    "Recall": {
                        "CWE-22": 0.8470149253731343,
                        "CWE-78": 0.9920318725099602,
                        "CWE-79": 0.035164835164835165,
                        "CWE-89": 0.6547619047619048,
                        "CWE-90": 0.9661016949152542,
                        "CWE-327": 0.024390243902439025,
                        "CWE-328": 0.0,
                        "CWE-330": 0.032454361054766734,
                        "CWE-501": 0.0,
                        "CWE-614": 0.0,
                        "CWE-643": 0.5428571428571428
                    },
                    "F1-Score": {
                        "CWE-22": 0.9171717171717172,
                        "CWE-78": 0.996,
                        "CWE-79": 0.050314465408805034,
                        "CWE-89": 0.7913669064748201,
                        "CWE-90": 0.9743589743589743,
                        "CWE-327": 0.04332129963898917,
                        "CWE-328": 0.0,
                        "CWE-330": 0.06286836935166994,
                        "CWE-501": 0.0,
                        "CWE-614": 0.0,
                        "CWE-643": 0.7037037037037037
                    }
                },
                "Macro Precision": 0.569518617985607,
                "Macro Recall": 0.3722524527763125,
                "Macro F1-Score": 0.41264594873715266,
                "Weighted Precision": 0.6192761519422022,
                "Weighted Recall": 0.3357664233576642,
                "Weighted F1-Score": 0.3800394079360254,
                "MCC": 0.38882731197131737,
                "Cohen Kappa": 0.777296293186684,
                "Confusion Matrix": [
                    [
                        227,
                        0,
                        0,
                        0,
                        0,
                        0,
                        0,
                        0,
                        0,
                        0,
                        0
                    ],
                    [
                        0,
                        249,
                        0,
                        0,
                        0,
                        0,
                        0,
                        0,
                        0,
                        0,
                        0
                    ],
                    [
                        0,
                        0,
                        16,
                        0,
                        0,
                        0,
                        0,
                        0,
                        0,
                        0,
                        0
                    ],
                    [
                        0,
                        0,
                        157,
                        330,
                        0,
                        0,
                        0,
                        0,
                        0,
                        0,
                        0
                    ],
                    [
                        0,
                        0,
                        0,
                        0,
                        57,
                        0,
                        0,
                        0,
                        0,
                        0,
                        0
                    ],
                    [
                        0,
                        0,
                        7,
                        0,
                        0,
                        6,
                        0,
                        0,
                        0,
                        0,
                        0
                    ],
                    [
                        0,
                        0,
                        0,
                        0,
                        0,
                        25,
                        0,
                        0,
                        0,
                        0,
                        0
                    ],
                    [
                        0,
                        0,
                        0,
                        0,
                        0,
                        0,
                        0,
                        16,
                        0,
                        0,
                        0
                    ],
                    [
                        0,
                        0,
                        0,
                        0,
                        0,
                        0,
                        0,
                        0,
                        0,
                        0,
                        0
                    ],
                    [
                        0,
                        0,
                        1,
                        0,
                        0,
                        0,
                        0,
                        0,
                        0,
                        0,
                        0
                    ],
                    [
                        0,
                        0,
                        0,
                        0,
                        1,
                        0,
                        0,
                        0,
                        0,
                        0,
                        19
                    ]
                ]
            },
            "Using Predicted Vulnerability Name": {
                "Per Class Metrics": {
                    "Accuracy": {
                        "CWE-22": 0.9850364963503649,
                        "CWE-78": 0.9883211678832117,
                        "CWE-79": 0.7901459854014599,