{
  "gpt-35-turbo-16k-0613": {
    "Dataset": "owasp",
    "Prompt Type": "chain_of_thought",
    "Vulnerability Metrics": {
      "Accuracy": 0.5098540145985402,
      "Precision": 0.5861244019138756,
      "Recall": 0.17314487632508835,
      "F1-Score": 0.2673213311511184,
      "Youden Index": 0.042578838589239165,
      "ROC-AUC Score": 0.5212894192946196,
      "FPR": 0.13056603773584904,
      "FNR": 0.8268551236749117,
      "Specificity": 0.8694339622641509,
      "NPV": 0.49612403100775193,
      "FDR": 0.4138755980861244,
      "MCC": 0.05917805969772794,
      "Confusion Matrix": [
        [
          1152,
          173
        ],
        [
          1170,
          245
        ]
      ]
    },
    "Vulnerability Type Metrics": {
      "Using Predicted CWE": {
        "Per Class Metrics": {
          "Accuracy": {
            "CWE-22": 0.9021897810218978,
            "CWE-78": 0.9427007299270073,
            "CWE-79": 0.833941605839416,
            "CWE-89": 0.922992700729927,
            "CWE-90": 0.9784671532846715,
            "CWE-327": 0.9164233576642336,
            "CWE-328": 0.9138686131386862,
            "CWE-330": 0.82007299270073,
            "CWE-501": 0.954014598540146,
            "CWE-614": 0.9755474452554744,
            "CWE-643": 0.9872262773722628
          },
          "Precision": {
            "CWE-22": 0.0,
            "CWE-78": 0.97,
            "CWE-79": 0.0,
            "CWE-89": 0.9966101694915255,
            "CWE-90": 0.0,
            "CWE-327": 0.9473684210526315,
            "CWE-328": 0.0,
            "CWE-330": 0.0,
            "CWE-501": 0.0,
            "CWE-614": 0.0,
            "CWE-643": 0.0
          },
          "Recall": {
            "CWE-22": 0.0,
            "CWE-78": 0.38645418326693226,
            "CWE-79": 0.0,
            "CWE-89": 0.5833333333333334,
            "CWE-90": 0.0,
            "CWE-327": 0.07317073170731707,
            "CWE-328": 0.0,
            "CWE-330": 0.0,
            "CWE-501": 0.0,
            "CWE-614": 0.0,
            "CWE-643": 0.0
          },
          "F1-Score": {
            "CWE-22": 0.0,
            "CWE-78": 0.5527065527065527,
            "CWE-79": 0.0,
            "CWE-89": 0.7359198998748435,
            "CWE-90": 0.0,
            "CWE-327": 0.13584905660377358,
            "CWE-328": 0.0,
            "CWE-330": 0.0,
            "CWE-501": 0.0,
            "CWE-614": 0.0,
            "CWE-643": 0.0
          }
        },
        "Macro Precision": 0.26490714459492337,
        "Macro Recall": 0.09481438620978025,
        "Macro F1-Score": 0.12949777356228817,
        "Weighted Precision": 0.35723144416156066,
        "Weighted Recall": 0.14927007299270073,
        "Weighted F1-Score": 0.19819410298934093,
        "MCC": 0.26077587977336103,
        "Cohen Kappa": 0.9722468023489663,
        "Confusion Matrix": [
          [
            0,
            1,
            0,
            0,
            0,
            0,
            0,
            0,
            0,
            0,
            0
          ],
          [
            0,
            97,
            0,
            0,
            0,
            0,
            0,
            0,
            0,
            0,
            0
          ],
          [
            0,
            0,
            0,
            0,
            0,
            0,
            0,
            0,
            0,
            0,
            0
          ],
          [
            0,
            0,
            0,
            294,
            0,
            0,
            0,
            0,
            0,
            0,
            0
          ],
          [
            0,
            0,
            0,
            1,
            0,
            0,
            0,
            0,
            0,
            0,
            0
          ],
          [
            0,
            2,
            0,
            0,
            0,
            18,
            0,
            0,
            0,
            0,
            0
          ],
          [
            0,
            0,
            0,
            0,
            0,
            1,
            0,
            0,
            0,
            0,
            0
          ],
          [
            0,
            0,
            0,
            0,
            0,
            0,
            0,
            0,
            0,
            0,
            0
          ],
          [
            0,
            0,
            0,
            0,
            0,
            0,
            0,
            0,
            0,
            0,
            0
          ],
          [
            0,
            0,
            0,
            0,
            0,
            0,
            0,
            0,
            0,
            0,
            0
          ],
          [
            0,
            0,
            0,
            0,
            0,
            0,
            0,
            0,
            0,
            0,
            0
          ]
        ]
      },
      "Using Predicted Vulnerability Name": {
        "Per Class Metrics": {
          "Accuracy": {
            "CWE-22": 0.9021897810218978,
            "CWE-78": 0.9427007299270073,
            "CWE-79": 0.833941605839416,
            "CWE-89": 0.922992700729927,
            "CWE-90": 0.9784671532846715,
            "CWE-327": 0.9102189781021898,
            "CWE-328": 0.9138686131386862,
            "CWE-330": 0.82007299270073,
            "CWE-501": 0.954014598540146,
            "CWE-614": 0.9755474452554744,
            "CWE-643": 0.9872262773722628
          },
          "Precision": {
            "CWE-22": 0.0,
            "CWE-78": 0.97,
            "CWE-79": 0.0,
            "CWE-89": 0.9966101694915255,
            "CWE-90": 0.0,
            "CWE-327": 0.0,
            "CWE-328": 0.0,
            "CWE-330": 0.0,
            "CWE-501": 0.0,
            "CWE-614": 0.0,
            "CWE-643": 0.0
          },
          "Recall": {
            "CWE-22": 0.0,
            "CWE-78": 0.38645418326693226,
            "CWE-79": 0.0,
            "CWE-89": 0.5833333333333334,
            "CWE-90": 0.0,
            "CWE-327": 0.0,
            "CWE-328": 0.0,
            "CWE-330": 0.0,
            "CWE-501": 0.0,
            "CWE-614": 0.0,
            "CWE-643": 0.0
          },
          "F1-Score": {
            "CWE-22": 0.0,
            "CWE-78": 0.5527065527065527,
            "CWE-79": 0.0,
            "CWE-89": 0.7359198998748435,
            "CWE-90": 0.0,
            "CWE-327": 0.0,
            "CWE-328": 0.0,
            "CWE-330": 0.0,
            "CWE-501": 0.0,
            "CWE-614": 0.0,
            "CWE-643": 0.0
          }
        },
        "Macro Precision": 0.17878274268104777,
        "Macro Recall": 0.08816250150911506,
        "Macro F1-Score": 0.11714785932558147,
        "Weighted Precision": 0.27217573920574045,
        "Weighted Recall": 0.1427007299270073,
        "Weighted F1-Score": 0.18599743586360065,
        "MCC": 0.25409755061297024,
        "Cohen Kappa": 0.9734877087003944,