{
  "gpt-35-turbo-16k-0613": {
    "Dataset": "owasp",
    "Prompt Type": "simple",
    "Vulnerability Metrics": {
      "Accuracy": 0.5076642335766424,
      "Precision": 0.6044303797468354,
      "Recall": 0.13498233215547703,
      "F1-Score": 0.22068168688619294,
      "Youden Index": 0.040642709513967645,
      "ROC-AUC Score": 0.5203213547569838,
      "FPR": 0.09433962264150944,
      "FNR": 0.8650176678445229,
      "Specificity": 0.9056603773584906,
      "NPV": 0.49504950495049505,
      "FDR": 0.39556962025316456,
      "MCC": 0.06358562774901726,
      "Confusion Matrix": [
        [
          1200,
          125
        ],
        [
          1224,
          191
        ]
      ]
    },
    "Vulnerability Type Metrics": {
      "Using Predicted CWE": {
        "Per Class Metrics": {
          "Accuracy": {
            "CWE-22": 0.9021897810218978,
            "CWE-78": 0.9467153284671533,
            "CWE-79": 0.833941605839416,
            "CWE-89": 0.8697080291970803,
            "CWE-90": 0.9784671532846715,
            "CWE-327": 0.9273722627737226,
            "CWE-328": 0.9138686131386862,
            "CWE-330": 0.82007299270073,
            "CWE-501": 0.954014598540146,
            "CWE-614": 0.9755474452554744,
            "CWE-643": 0.9875912408759124
          },
          "Precision": {
            "CWE-22": 0.0,
            "CWE-78": 0.9906542056074766,
            "CWE-79": 0.0,
            "CWE-89": 1.0,
            "CWE-90": 0.0,
            "CWE-327": 0.9795918367346939,
            "CWE-328": 0.0,
            "CWE-330": 0.0,
            "CWE-501": 0.0,
            "CWE-614": 0.0,
            "CWE-643": 1.0
          },
          "Recall": {
            "CWE-22": 0.0,
            "CWE-78": 0.42231075697211157,
            "CWE-79": 0.0,
            "CWE-89": 0.2916666666666667,
            "CWE-90": 0.0,
            "CWE-327": 0.1951219512195122,
            "CWE-328": 0.0,
            "CWE-330": 0.0,
            "CWE-501": 0.0,
            "CWE-614": 0.0,
            "CWE-643": 0.02857142857142857
          },
          "F1-Score": {
            "CWE-22": 0.0,
            "CWE-78": 0.5921787709497207,
            "CWE-79": 0.0,
            "CWE-89": 0.45161290322580644,
            "CWE-90": 0.0,
            "CWE-327": 0.3254237288135593,
            "CWE-328": 0.0,
            "CWE-330": 0.0,
            "CWE-501": 0.0,
            "CWE-614": 0.0,
            "CWE-643": 0.05555555555555555
          }
        },
        "Macro Precision": 0.3609314583947427,
        "Macro Recall": 0.08524280031179264,
        "Macro F1-Score": 0.12952463259496746,
        "Weighted Precision": 0.37541379468766833,
        "Weighted Recall": 0.11021897810218978,
        "Weighted F1-Score": 0.1672439622141483,
        "MCC": 0.22548354238816887,
        "Cohen Kappa": 0.9893542512956996,
        "Confusion Matrix": [
          [
            0,
            1,
            0,
            0,
            0,
            0,
            0,
            0,
            0,
            0,
            0
          ],
          [
            0,
            106,
            0,
            0,
            0,
            0,
            0,
            0,
            0,
            0,
            0
          ],
          [
            0,
            0,
            0,
            0,
            0,
            0,
            0,
            0,
            0,
            0,
            0
          ],
          [
            0,
            0,
            0,
            147,
            0,
            0,
            0,
            0,
            0,
            0,
            0
          ],
          [
            0,
            0,
            0,
            0,
            0,
            0,
            0,
            0,
            0,
            0,
            0
          ],
          [
            0,
            0,
            0,
            0,
            0,
            48,
            0,
            0,
            0,
            0,
            0
          ],
          [
            0,
            0,
            0,
            0,
            0,
            1,
            0,
            0,
            0,
            0,
            0
          ],
          [
            0,
            0,
            0,
            0,
            0,
            0,
            0,
            0,
            0,
            0,
            0
          ],
          [
            0,
            0,
            0,
            0,
            0,
            0,
            0,
            0,
            0,
            0,
            0
          ],
          [
            0,
            0,
            0,
            0,
            0,
            0,
            0,
            0,
            0,
            0,
            0
          ],
          [
            0,
            0,
            0,
            0,
            0,
            0,
            0,
            0,
            0,
            0,
            1
          ]
        ]
      },
      "Using Predicted Vulnerability Name": {
        "Per Class Metrics": {
          "Accuracy": {
            "CWE-22": 0.9021897810218978,
            "CWE-78": 0.9467153284671533,
            "CWE-79": 0.833941605839416,
            "CWE-89": 0.8697080291970803,
            "CWE-90": 0.9784671532846715,
            "CWE-327": 0.9102189781021898,
            "CWE-328": 0.9138686131386862,
            "CWE-330": 0.82007299270073,
            "CWE-501": 0.954014598540146,
            "CWE-614": 0.9755474452554744,
            "CWE-643": 0.9875912408759124
          },
          "Precision": {
            "CWE-22": 0.0,
            "CWE-78": 0.9906542056074766,
            "CWE-79": 0.0,
            "CWE-89": 1.0,
            "CWE-90": 0.0,
            "CWE-327": 0.0,
            "CWE-328": 0.0,
            "CWE-330": 0.0,
            "CWE-501": 0.0,
            "CWE-614": 0.0,
            "CWE-643": 1.0
          },
          "Recall": {
            "CWE-22": 0.0,
            "CWE-78": 0.42231075697211157,
            "CWE-79": 0.0,
            "CWE-89": 0.2916666666666667,
            "CWE-90": 0.0,
            "CWE-327": 0.0,
            "CWE-328": 0.0,
            "CWE-330": 0.0,
            "CWE-501": 0.0,
            "CWE-614": 0.0,
            "CWE-643": 0.02857142857142857
          },
          "F1-Score": {
            "CWE-22": 0.0,
            "CWE-78": 0.5921787709497207,
            "CWE-79": 0.0,
            "CWE-89": 0.45161290322580644,
            "CWE-90": 0.0,
            "CWE-327": 0.0,
            "CWE-328": 0.0,
            "CWE-330": 0.0,
            "CWE-501": 0.0,
            "CWE-614": 0.0,
            "CWE-643": 0.05555555555555555
          }
        },
        "Macro Precision": 0.27187765505522515,
        "Macro Recall": 0.0675044411100188,
        "Macro F1-Score": 0.09994065724828025,
        "Weighted Precision": 0.28746503854287464,
        "Weighted Recall": 0.0927007299270073,
        "Weighted F1-Score": 0.1380270872914711,
        "MCC": 0.20430302358024652,
        "Cohen Kappa": 0.9920493873351417,