{
  "gpt-35-turbo-16k-0613": {
    "Dataset": "owasp",
    "Prompt Type": "vulnerability_specific",
    "Vulnerability Metrics": {
      "Accuracy": 0.4916058394160584,
      "Precision": 0.8235294117647058,
      "Recall": 0.019787985865724382,
      "F1-Score": 0.03864734299516908,
      "Youden Index": 0.015259683978931848,
      "ROC-AUC Score": 0.507629841989466,
      "FPR": 0.004528301886792453,
      "FNR": 0.9802120141342756,
      "Specificity": 0.9954716981132076,
      "NPV": 0.4874353288987435,
      "FDR": 0.17647058823529413,
      "MCC": 0.0688855839135792,
      "Confusion Matrix": [
        [
          1319,
          6
        ],
        [
          1387,
          28
        ]
      ]
    },
    "Vulnerability Type Metrics": {
      "Using Predicted CWE": {
        "Per Class Metrics": {
          "Accuracy": {
            "CWE-22": 0.9021897810218978,
            "CWE-78": 0.9156934306569343,
            "CWE-79": 0.833941605839416,
            "CWE-89": 0.8211678832116789,
            "CWE-90": 0.9784671532846715,
            "CWE-327": 0.9102189781021898,
            "CWE-328": 0.9138686131386862,
            "CWE-330": 0.82007299270073,
            "CWE-501": 0.954014598540146,
            "CWE-614": 0.9755474452554744,
            "CWE-643": 0.9872262773722628
          },
          "Precision": {
            "CWE-22": 0.0,
            "CWE-78": 1.0,
            "CWE-79": 0.0,
            "CWE-89": 1.0,
            "CWE-90": 0.0,
            "CWE-327": 0.0,
            "CWE-328": 0.0,
            "CWE-330": 0.0,
            "CWE-501": 0.0,
            "CWE-614": 0.0,
            "CWE-643": 0.0
          },
          "Recall": {
            "CWE-22": 0.0,
            "CWE-78": 0.0796812749003984,
            "CWE-79": 0.0,
            "CWE-89": 0.027777777777777776,
            "CWE-90": 0.0,
            "CWE-327": 0.0,
            "CWE-328": 0.0,
            "CWE-330": 0.0,
            "CWE-501": 0.0,
            "CWE-614": 0.0,
            "CWE-643": 0.0
          },
          "F1-Score": {
            "CWE-22": 0.0,
            "CWE-78": 0.14760147601476015,
            "CWE-79": 0.0,
            "CWE-89": 0.05405405405405406,
            "CWE-90": 0.0,
            "CWE-327": 0.0,
            "CWE-328": 0.0,
            "CWE-330": 0.0,
            "CWE-501": 0.0,
            "CWE-614": 0.0,
            "CWE-643": 0.0
          }
        },
        "Macro Precision": 0.18181818181818182,
        "Macro Recall": 0.009769004788925107,
        "Macro F1-Score": 0.018332320915346745,
        "Weighted Precision": 0.2755474452554745,
        "Weighted Recall": 0.012408759124087591,
        "Weighted F1-Score": 0.023463946614214616,
        "MCC": 0.07387317785528959,
        "Cohen Kappa": 1.0,
        "Confusion Matrix": [
          [
            0,
            0,
            0,
            0,
            0,
            0,
            0,
            0,
            0,
            0,
            0
          ],
          [
            0,
            20,
            0,
            0,
            0,
            0,
            0,
            0,
            0,
            0,
            0
          ],
          [
            0,
            0,
            0,
            0,
            0,
            0,
            0,
            0,
            0,
            0,
            0
          ],
          [
            0,
            0,
            0,
            14,
            0,
            0,
            0,
            0,
            0,
            0,
            0
          ],
          [
            0,
            0,
            0,
            0,
            0,
            0,
            0,
            0,
            0,
            0,
            0
          ],
          [
            0,
            0,
            0,
            0,
            0,
            0,
            0,
            0,
            0,
            0,
            0
          ],
          [
            0,
            0,
            0,
            0,
            0,
            0,
            0,
            0,
            0,
            0,
            0
          ],
          [
            0,
            0,
            0,
            0,
            0,
            0,
            0,
            0,
            0,
            0,
            0
          ],
          [
            0,
            0,
            0,
            0,
            0,
            0,
            0,
            0,
            0,
            0,
            0
          ],
          [
            0,
            0,
            0,
            0,
            0,
            0,
            0,
            0,
            0,
            0,
            0
          ],
          [
            0,
            0,
            0,
            0,
            0,
            0,
            0,
            0,
            0,
            0,
            0
          ]
        ]
      },
      "Using Predicted Vulnerability Name": {
        "Per Class Metrics": {
          "Accuracy": {
            "CWE-22": 0.9021897810218978,
            "CWE-78": 0.9156934306569343,
            "CWE-79": 0.833941605839416,
            "CWE-89": 0.8211678832116789,
            "CWE-90": 0.9784671532846715,
            "CWE-327": 0.9102189781021898,
            "CWE-328": 0.9138686131386862,
            "CWE-330": 0.82007299270073,
            "CWE-501": 0.954014598540146,
            "CWE-614": 0.9755474452554744,
            "CWE-643": 0.9872262773722628
          },
          "Precision": {
            "CWE-22": 0.0,
            "CWE-78": 1.0,
            "CWE-79": 0.0,
            "CWE-89": 1.0,
            "CWE-90": 0.0,
            "CWE-327": 0.0,
            "CWE-328": 0.0,
            "CWE-330": 0.0,
            "CWE-501": 0.0,
            "CWE-614": 0.0,
            "CWE-643": 0.0
          },
          "Recall": {
            "CWE-22": 0.0,
            "CWE-78": 0.0796812749003984,
            "CWE-79": 0.0,
            "CWE-89": 0.027777777777777776,
            "CWE-90": 0.0,
            "CWE-327": 0.0,
            "CWE-328": 0.0,
            "CWE-330": 0.0,
            "CWE-501": 0.0,
            "CWE-614": 0.0,
            "CWE-643": 0.0
          },
          "F1-Score": {
            "CWE-22": 0.0,
            "CWE-78": 0.14760147601476015,
            "CWE-79": 0.0,
            "CWE-89": 0.05405405405405406,
            "CWE-90": 0.0,
            "CWE-327": 0.0,
            "CWE-328": 0.0,
            "CWE-330": 0.0,
            "CWE-501": 0.0,
            "CWE-614": 0.0,
            "CWE-643": 0.0
          }
        },
        "Macro Precision": 0.18181818181818182,
        "Macro Recall": 0.009769004788925107,
        "Macro F1-Score": 0.018332320915346745,
        "Weighted Precision": 0.2755474452554745,
        "Weighted Recall": 0.012408759124087591,
        "Weighted F1-Score": 0.023463946614214616,
        "MCC": 0.07387317785528959,
        "Cohen Kappa": 1.0,