{
  "gpt-35-turbo-16k-0613": {
    "Dataset": "owasp",
    "Prompt Type": "few_shot",
    "Vulnerability Metrics": {
      "Accuracy": 0.4996350364963504,
      "Precision": 0.6486486486486487,
      "Recall": 0.06784452296819787,
      "F1-Score": 0.12284069097888675,
      "Youden Index": 0.028599239949330002,
      "ROC-AUC Score": 0.514299619974665,
      "FPR": 0.03924528301886793,
      "FNR": 0.9321554770318021,
      "Specificity": 0.9607547169811321,
      "NPV": 0.49112654320987653,
      "FDR": 0.35135135135135137,
      "MCC": 0.06322550316862328,
      "Confusion Matrix": [
        [
          1273,
          52
        ],
        [
          1319,
          96
        ]
      ]
    },
    "Vulnerability Type Metrics": {
      "Using Predicted CWE": {
        "Per Class Metrics": {
          "Accuracy": {
            "CWE-22": 0.9021897810218978,
            "CWE-78": 0.927007299270073,
            "CWE-79": 0.833941605839416,
            "CWE-89": 0.8492700729927007,
            "CWE-90": 0.9788321167883212,
            "CWE-327": 0.910948905109489,
            "CWE-328": 0.9138686131386862,
            "CWE-330": 0.82007299270073,
            "CWE-501": 0.954014598540146,
            "CWE-614": 0.9755474452554744,
            "CWE-643": 0.9872262773722628
          },
          "Precision": {
            "CWE-22": 0.0,
            "CWE-78": 1.0,
            "CWE-79": 0.0,
            "CWE-89": 1.0,
            "CWE-90": 1.0,
            "CWE-327": 1.0,
            "CWE-328": 0.0,
            "CWE-330": 0.0,
            "CWE-501": 0.0,
            "CWE-614": 0.0,
            "CWE-643": 0.0
          },
          "Recall": {
            "CWE-22": 0.0,
            "CWE-78": 0.20318725099601595,
            "CWE-79": 0.0,
            "CWE-89": 0.18055555555555555,
            "CWE-90": 0.01694915254237288,
            "CWE-327": 0.008130081300813009,
            "CWE-328": 0.0,
            "CWE-330": 0.0,
            "CWE-501": 0.0,
            "CWE-614": 0.0,
            "CWE-643": 0.0
          },
          "F1-Score": {
            "CWE-22": 0.0,
            "CWE-78": 0.33774834437086093,
            "CWE-79": 0.0,
            "CWE-89": 0.3058823529411765,
            "CWE-90": 0.03333333333333333,
            "CWE-327": 0.016129032258064516,
            "CWE-328": 0.0,
            "CWE-330": 0.0,
            "CWE-501": 0.0,
            "CWE-614": 0.0,
            "CWE-643": 0.0
          }
        },
        "Macro Precision": 0.36363636363636365,
        "Macro Recall": 0.037165640035887036,
        "Macro F1-Score": 0.06300846026394866,
        "Weighted Precision": 0.38686131386861317,
        "Weighted Recall": 0.05291970802919708,
        "Weighted F1-Score": 0.08937005435094511,
        "MCC": 0.15152384465653335,
        "Cohen Kappa": 1.0,
        "Confusion Matrix": [
          [
            0,
            0,
            0,
            0,
            0,
            0,
            0,
            0,
            0,
            0,
            0
          ],
          [
            0,
            51,
            0,
            0,
            0,
            0,
            0,
            0,
            0,
            0,
            0
          ],
          [
            0,
            0,
            0,
            0,
            0,
            0,
            0,
            0,
            0,
            0,
            0
          ],
          [
            0,
            0,
            0,
            91,
            0,
            0,
            0,
            0,
            0,
            0,
            0
          ],
          [
            0,
            0,
            0,
            0,
            1,
            0,
            0,
            0,
            0,
            0,
            0
          ],
          [
            0,
            0,
            0,
            0,
            0,
            2,
            0,
            0,
            0,
            0,
            0
          ],
          [
            0,
            0,
            0,
            0,
            0,
            0,
            0,
            0,
            0,
            0,
            0
          ],
          [
            0,
            0,
            0,
            0,
            0,
            0,
            0,
            0,
            0,
            0,
            0
          ],
          [
            0,
            0,
            0,
            0,
            0,
            0,
            0,
            0,
            0,
            0,
            0
          ],
          [
            0,
            0,
            0,
            0,
            0,
            0,
            0,
            0,
            0,
            0,
            0
          ],
          [
            0,
            0,
            0,
            0,
            0,
            0,
            0,
            0,
            0,
            0,
            0
          ]
        ]
      },
      "Using Predicted Vulnerability Name": {
        "Per Class Metrics": {
          "Accuracy": {
            "CWE-22": 0.9021897810218978,
            "CWE-78": 0.927007299270073,
            "CWE-79": 0.833941605839416,
            "CWE-89": 0.8492700729927007,
            "CWE-90": 0.9788321167883212,
            "CWE-327": 0.9102189781021898,
            "CWE-328": 0.9138686131386862,
            "CWE-330": 0.82007299270073,
            "CWE-501": 0.954014598540146,
            "CWE-614": 0.9755474452554744,
            "CWE-643": 0.9872262773722628
          },
          "Precision": {
            "CWE-22": 0.0,
            "CWE-78": 1.0,
            "CWE-79": 0.0,
            "CWE-89": 1.0,
            "CWE-90": 1.0,
            "CWE-327": 0.0,
            "CWE-328": 0.0,
            "CWE-330": 0.0,
            "CWE-501": 0.0,
            "CWE-614": 0.0,
            "CWE-643": 0.0
          },
          "Recall": {
            "CWE-22": 0.0,
            "CWE-78": 0.20318725099601595,
            "CWE-79": 0.0,
            "CWE-89": 0.18055555555555555,
            "CWE-90": 0.01694915254237288,
            "CWE-327": 0.0,
            "CWE-328": 0.0,
            "CWE-330": 0.0,
            "CWE-501": 0.0,
            "CWE-614": 0.0,
            "CWE-643": 0.0
          },
          "F1-Score": {
            "CWE-22": 0.0,
            "CWE-78": 0.33774834437086093,
            "CWE-79": 0.0,
            "CWE-89": 0.3058823529411765,
            "CWE-90": 0.03333333333333333,
            "CWE-327": 0.0,
            "CWE-328": 0.0,
            "CWE-330": 0.0,
            "CWE-501": 0.0,
            "CWE-614": 0.0,
            "CWE-643": 0.0
          }
        },
        "Macro Precision": 0.2727272727272727,
        "Macro Recall": 0.036426541735813125,
        "Macro F1-Score": 0.06154218460412461,
        "Weighted Precision": 0.29708029197080293,
        "Weighted Recall": 0.05218978102189781,
        "Weighted F1-Score": 0.08792197335259333,
        "MCC": 0.15031468023748132,
        "Cohen Kappa": 1.0,