{
    "psyche/Meta-Llama-3-70B-Instruct-awq": {
        "Vulnerability Metrics": {
            "Accuracy": 0.5266423357664234,
            "Precision": 0.5217712177121772,
            "Recall": 0.9992932862190813,
            "F1-Score": 0.6855757575757576,
            "ROC-AUC Score": 0.5105900393359558,
            "Confusion Matrix": [
                [
                    29,
                    1296
                ],
                [
                    1,
                    1414
                ]
            ],
            "FPR": 0.9781132075471698,
            "FNR": 0.0007067137809187279,
            "Specificity": 0.02188679245283019,
            "NPV": 0.9666666666666667,
            "FDR": 0.4782287822878229,
            "MCC": 0.10171112435464424
        },
        "Vulnerability Type Metrics": {
            "Using Predicted CWE": {
                "Per Class Metrics": {
                    "Accuracy": {
                        "CWE-78": 1.0,
                        "CWE-89": 0.9361313868613139,
                        "CWE-330": 0.9572992700729926,
                        "CWE-22": 0.9916058394160584,
                        "CWE-328": 0.9138686131386862,
                        "CWE-79": 0.785036496350365,
                        "CWE-501": 0.954014598540146,
                        "CWE-327": 0.9102189781021898,
                        "CWE-614": 0.9755474452554744,
                        "CWE-90": 0.9784671532846715,
                        "CWE-643": 0.9872262773722628
                    },
                    "Precision": {
                        "CWE-78": 1.0,
                        "CWE-89": 0.7422680412371134,
                        "CWE-330": 1.0,
                        "CWE-22": 1.0,
                        "CWE-328": 0.0,
                        "CWE-79": 0.08125,
                        "CWE-501": 0.0,
                        "CWE-327": 0.0,
                        "CWE-614": 0.0,
                        "CWE-90": 0.0,
                        "CWE-643": 0.0
                    },
                    "Recall": {
                        "CWE-78": 1.0,
                        "CWE-89": 1.0,
                        "CWE-330": 0.7626774847870182,
                        "CWE-22": 0.914179104477612,
                        "CWE-328": 0.0,
                        "CWE-79": 0.02857142857142857,
                        "CWE-501": 0.0,
                        "CWE-327": 0.0,
                        "CWE-614": 0.0,
                        "CWE-90": 0.0,
                        "CWE-643": 0.0
                    },
                    "F1-Score": {
                        "CWE-78": 1.0,
                        "CWE-89": 0.8520710059171598,
                        "CWE-330": 0.8653624856156502,
                        "CWE-22": 0.9551656920077972,
                        "CWE-328": 0.0,
                        "CWE-79": 0.04227642276422764,
                        "CWE-501": 0.0,
                        "CWE-327": 0.0,
                        "CWE-614": 0.0,
                        "CWE-90": 0.0,
                        "CWE-643": 0.0
                    }
                },
                "Macro Precision": 0.34759254920337396,
                "Macro Recall": 0.3368570925305508,
                "Macro F1-Score": 0.33771596420953043,
                "Weighted Precision": 0.5193692856874107,
                "Weighted Recall": 0.506934306569343,
                "Weighted F1-Score": 0.5044845511702837,
                "MCC": 0.48289203988533547,
                "Cohen Kappa": 0.7602717612177214,
                "Confusion Matrix": [
                    [
                        251,
                        0,
                        0,
                        0,
                        0,
                        0,
                        0,
                        0,
                        0,
                        0,
                        0
                    ],
                    [
                        0,
                        504,
                        0,
                        0,
                        0,
                        0,
                        0,
                        0,
                        0,
                        0,
                        0
                    ],
                    [
                        0,
                        0,
                        376,
                        0,
                        0,
                        49,
                        0,
                        0,
                        0,
                        0,
                        0
                    ],
                    [
                        0,
                        0,
                        0,
                        245,
                        0,
                        9,
                        0,
                        0,
                        0,
                        0,
                        0
                    ],
                    [
                        0,
                        115,
                        0,
                        0,
                        0,
                        54,
                        0,
                        0,
                        0,
                        0,
                        0
                    ],
                    [
                        0,
                        0,
                        0,
                        0,
                        0,
                        13,
                        0,
                        0,
                        0,
                        0,
                        0
                    ],
                    [
                        0,
                        0,
                        0,
                        0,
                        0,
                        1,
                        0,
                        0,
                        0,
                        0,
                        0
                    ],
                    [
                        0,
                        10,
                        0,
                        0,
                        0,
                        0,
                        0,
                        0,
                        0,
                        0,
                        0
                    ],
                    [
                        0,
                        0,
                        0,
                        0,
                        0,
                        6,
                        0,
                        0,
                        0,
                        0,
                        0
                    ],
                    [
                        0,
                        50,
                        0,
                        0,
                        0,
                        0,
                        0,
                        0,
                        0,
                        0,
                        0
                    ],
                    [
                        0,
                        0,
                        0,
                        0,
                        0,
                        28,
                        0,
                        0,
                        0,
                        0,
                        0
                    ]
                ]
            },
            "Using Predicted Vulnerability Name": {
                "Per Class Metrics": {
                    "Accuracy": {
                        "CWE-78": 0.9828467153284671,
                        "CWE-89": 0.8160583941605839,
                        "CWE-330": 0.82007299270073,
                        "CWE-22": 0.9481751824817518,
                        "CWE-328": 0.9138686131386862,
                        "CWE-79": 0.5295620437956204,
                        "CWE-501": 0.954014598540146,
                        "CWE-327": 0.9102189781021898,