{
    "psyche/Meta-Llama-3-70B-Instruct-awq": {
        "Vulnerability Metrics": {
            "Accuracy": 0.5244525547445256,
            "Precision": 0.5206033848417955,
            "Recall": 1.0,
            "F1-Score": 0.6847326397290104,
            "ROC-AUC Score": 0.5083018867924528,
            "Confusion Matrix": [
                [
                    22,
                    1303
                ],
                [
                    0,
                    1415
                ]
            ],
            "FPR": 0.9833962264150944,
            "FNR": 0.0,
            "Specificity": 0.01660377358490566,
            "NPV": 1.0,
            "FDR": 0.4793966151582046,
            "MCC": 0.09297301075822315
        },
        "Vulnerability Type Metrics": {
            "Using Predicted CWE": "Not Evaluated",
            "Using Predicted Vulnerability Name": {
                "Per Class Metrics": {
                    "Accuracy": {
                        "CWE-22": 0.9857664233576642,
                        "CWE-328": 0.9138686131386862,
                        "CWE-501": 0.954014598540146,
                        "CWE-327": 0.9102189781021898,
                        "CWE-78": 0.9996350364963503,
                        "CWE-89": 1.0,
                        "CWE-330": 0.82007299270073,
                        "CWE-90": 1.0,
                        "CWE-79": 0.8927007299270073,
                        "CWE-614": 0.9755474452554744,
                        "CWE-643": 0.9941605839416059
                    },
                    "Precision": {
                        "CWE-22": 0.8729641693811075,
                        "CWE-328": 0.0,
                        "CWE-501": 0.0,
                        "CWE-327": 0.0,
                        "CWE-78": 0.996031746031746,
                        "CWE-89": 1.0,
                        "CWE-330": 0.0,
                        "CWE-90": 1.0,
                        "CWE-79": 0.618208516886931,
                        "CWE-614": 0.0,
                        "CWE-643": 1.0
                    },
                    "Recall": {
                        "CWE-22": 1.0,
                        "CWE-328": 0.0,
                        "CWE-501": 0.0,
                        "CWE-327": 0.0,
                        "CWE-78": 1.0,
                        "CWE-89": 1.0,
                        "CWE-330": 0.0,
                        "CWE-90": 1.0,
                        "CWE-79": 0.9252747252747253,
                        "CWE-614": 0.0,
                        "CWE-643": 0.5428571428571428
                    },
                    "F1-Score": {
                        "CWE-22": 0.9321739130434783,
                        "CWE-328": 0.0,
                        "CWE-501": 0.0,
                        "CWE-327": 0.0,
                        "CWE-78": 0.9980119284294234,
                        "CWE-89": 1.0,
                        "CWE-330": 0.0,
                        "CWE-90": 1.0,
                        "CWE-79": 0.7411971830985915,
                        "CWE-614": 0.0,
                        "CWE-643": 0.7037037037037037
                    }
                },
                "Macro Precision": 0.4988367665727077,
                "Macro Recall": 0.4971028971028971,
                "Macro F1-Score": 0.488644248025018,
                "Weighted Precision": 0.4975340295006053,
                "Weighted Recall": 0.5554744525547445,
                "Weighted F1-Score": 0.5201452374711409,
                "MCC": 0.5625036019516075,
                "Cohen Kappa": 0.7920665752155226,
                "Confusion Matrix": [
                    [
                        268,
                        0,
                        0,
                        0,
                        0,
                        0,
                        0,
                        0,
                        0,
                        0,
                        0
                    ],
                    [
                        36,
                        0,
                        0,
                        0,
                        0,
                        0,
                        0,
                        0,
                        38,
                        0,
                        0
                    ],
                    [
                        0,
                        0,
                        0,
                        0,
                        0,
                        0,
                        0,
                        0,
                        113,
                        0,
                        0
                    ],
                    [
                        3,
                        0,
                        0,
                        0,
                        0,
                        0,
                        0,
                        0,
                        18,
                        0,
                        0
                    ],
                    [
                        0,
                        0,
                        0,
                        0,
                        251,
                        0,
                        0,
                        0,
                        0,
                        0,
                        0
                    ],
                    [
                        0,
                        0,
                        0,
                        0,
                        0,
                        504,
                        0,
                        0,
                        0,
                        0,
                        0
                    ],
                    [
                        0,
                        0,
                        0,
                        0,
                        0,
                        0,
                        0,
                        0,
                        29,
                        0,
                        0
                    ],
                    [
                        0,
                        0,
                        0,
                        0,
                        0,
                        0,
                        0,
                        59,
                        0,
                        0,
                        0
                    ],
                    [
                        0,
                        0,
                        0,
                        0,
                        1,
                        0,
                        0,
                        0,
                        421,
                        0,
                        0
                    ],
                    [
                        0,
                        0,
                        0,
                        0,
                        0,
                        0,
                        0,
                        0,
                        52,
                        0,
                        0
                    ],
                    [
                        0,
                        0,
                        0,
                        0,
                        0,
                        0,
                        0,
                        0,
                        10,
                        0,
                        19
                    ]
                ]
            }
        }
    }
}