{
    "psyche/Meta-Llama-3-70B-Instruct-awq": {
        "Vulnerability Metrics": {
            "Accuracy": 0.5773722627737227,
            "Precision": 0.5545647558386412,
            "Recall": 0.9229681978798586,
            "F1-Score": 0.6928381962864721,
            "ROC-AUC Score": 0.5656350423361558,
            "Confusion Matrix": [
                [
                    276,
                    1049
                ],
                [
                    109,
                    1306
                ]
            ],
            "FPR": 0.7916981132075471,
            "FNR": 0.07703180212014134,
            "Specificity": 0.20830188679245282,
            "NPV": 0.7168831168831169,
            "FDR": 0.4454352441613588,
            "MCC": 0.1887670131042604
        },
        "Vulnerability Type Metrics": {
            "Using Predicted CWE": {
                "Per Class Metrics": {
                    "Accuracy": {
                        "CWE-22": 0.9952554744525547,
                        "CWE-328": 0.9302919708029197,
                        "CWE-501": 0.954014598540146,
                        "CWE-327": 0.9598540145985401,
                        "CWE-78": 1.0,
                        "CWE-89": 0.9985401459854014,
                        "CWE-330": 0.9635036496350365,
                        "CWE-90": 1.0,
                        "CWE-79": 0.7784671532846715,
                        "CWE-614": 0.9802919708029197,
                        "CWE-643": 0.9890510948905109
                    },
                    "Precision": {
                        "CWE-22": 0.9537366548042705,
                        "CWE-328": 0.7227722772277227,
                        "CWE-501": 0.0,
                        "CWE-327": 0.9927536231884058,
                        "CWE-78": 1.0,
                        "CWE-89": 0.9921259842519685,
                        "CWE-330": 1.0,
                        "CWE-90": 1.0,
                        "CWE-79": 0.3587360594795539,
                        "CWE-614": 0.6511627906976745,
                        "CWE-643": 1.0
                    },
                    "Recall": {
                        "CWE-22": 1.0,
                        "CWE-328": 0.3093220338983051,
                        "CWE-501": 0.0,
                        "CWE-327": 0.556910569105691,
                        "CWE-78": 1.0,
                        "CWE-89": 1.0,
                        "CWE-330": 0.7971602434077079,
                        "CWE-90": 1.0,
                        "CWE-79": 0.42417582417582417,
                        "CWE-614": 0.417910447761194,
                        "CWE-643": 0.14285714285714285
                    },
                    "F1-Score": {
                        "CWE-22": 0.97632058287796,
                        "CWE-328": 0.4332344213649852,
                        "CWE-501": 0.0,
                        "CWE-327": 0.7135416666666666,
                        "CWE-78": 1.0,
                        "CWE-89": 0.9960474308300395,
                        "CWE-330": 0.8871331828442438,
                        "CWE-90": 1.0,
                        "CWE-79": 0.38872104733131924,
                        "CWE-614": 0.509090909090909,
                        "CWE-643": 0.25
                    }
                },
                "Macro Precision": 0.7882988536045087,
                "Macro Recall": 0.6043942055641697,
                "Macro F1-Score": 0.6503717491823748,
                "Weighted Precision": 0.8084953950075068,
                "Weighted Recall": 0.6974452554744526,
                "Weighted F1-Score": 0.7330365771455559,
                "MCC": 0.6671550838703978,
                "Cohen Kappa": 0.7977230288627358,
                "Confusion Matrix": [
                    [
                        268,
                        0,
                        0,
                        0,
                        0,
                        0,
                        0,
                        0,
                        0,
                        0,
                        0
                    ],
                    [
                        12,
                        73,
                        0,
                        1,
                        0,
                        0,
                        0,
                        0,
                        142,
                        7,
                        0
                    ],
                    [
                        1,
                        0,
                        0,
                        0,
                        0,
                        2,
                        0,
                        0,
                        91,
                        0,
                        0
                    ],
                    [
                        0,
                        28,
                        0,
                        137,
                        0,
                        1,
                        0,
                        0,
                        58,
                        4,
                        0
                    ],
                    [
                        0,
                        0,
                        0,
                        0,
                        251,
                        0,
                        0,
                        0,
                        0,
                        0,
                        0
                    ],
                    [
                        0,
                        0,
                        0,
                        0,
                        0,
                        504,
                        0,
                        0,
                        0,
                        0,
                        0
                    ],
                    [
                        0,
                        0,
                        0,
                        0,
                        0,
                        0,
                        393,
                        0,
                        6,
                        4,
                        0
                    ],
                    [
                        0,
                        0,
                        0,
                        0,
                        0,
                        0,
                        0,
                        59,
                        0,
                        0,
                        0
                    ],
                    [
                        0,
                        0,
                        0,
                        0,
                        0,
                        1,
                        0,
                        0,
                        193,
                        0,
                        0
                    ],
                    [
                        0,
                        0,
                        0,
                        0,
                        0,
                        0,
                        0,
                        0,
                        18,
                        28,
                        0
                    ],
                    [
                        0,
                        0,
                        0,
                        0,
                        0,
                        0,
                        0,
                        0,
                        30,
                        0,
                        5
                    ]
                ]
            },
            "Using Predicted Vulnerability Name": {
                "Per Class Metrics": {
                    "Accuracy": {
                        "CWE-22": 0.9923357664233576,
                        "CWE-328": 0.9302919708029197,
                        "CWE-501": 0.954014598540146,
                        "CWE-327": 0.9102189781021898,
                        "CWE-78": 1.0,
                        "CWE-89": 0.82007299270073,