{
  "deepseek-coder-v2:16b-lite-instruct-q4_0": {
    "Dataset": "owasp",
    "Prompt Type": "chain_of_thought",
    "Vulnerability Metrics": {
      "Accuracy": 0.5281021897810219,
      "Precision": 0.5278538812785388,
      "Recall": 0.8169611307420495,
      "F1-Score": 0.6413314840499307,
      "Youden Index": 0.03658377225148346,
      "ROC-AUC Score": 0.5182918861257417,
      "FPR": 0.780377358490566,
      "FNR": 0.18303886925795054,
      "Specificity": 0.21962264150943397,
      "NPV": 0.5290909090909091,
      "FDR": 0.47214611872146117,
      "MCC": 0.0456426910006887,
      "Confusion Matrix": [
        [
          291,
          1034
        ],
        [
          259,
          1156
        ]
      ]
    },
    "Vulnerability Type Metrics": {
      "Using Predicted CWE": {
        "Per Class Metrics": {
          "Accuracy": {
            "CWE-22": 0.904014598540146,
            "CWE-78": 0.9211678832116789,
            "CWE-79": 0.8346715328467154,
            "CWE-89": 0.8948905109489051,
            "CWE-90": 0.9784671532846715,
            "CWE-327": 0.9091240875912409,
            "CWE-328": 0.9138686131386862,
            "CWE-330": 0.8215328467153284,
            "CWE-501": 0.954014598540146,
            "CWE-614": 0.9755474452554744,
            "CWE-643": 0.987956204379562
          },
          "Precision": {
            "CWE-22": 1.0,
            "CWE-78": 1.0,
            "CWE-79": 1.0,
            "CWE-89": 0.6698113207547169,
            "CWE-90": 0.0,
            "CWE-327": 0.0,
            "CWE-328": 0.0,
            "CWE-330": 1.0,
            "CWE-501": 0.0,
            "CWE-614": 0.0,
            "CWE-643": 0.6666666666666666
          },
          "Recall": {
            "CWE-22": 0.018656716417910446,
            "CWE-78": 0.1394422310756972,
            "CWE-79": 0.004395604395604396,
            "CWE-89": 0.8452380952380952,
            "CWE-90": 0.0,
            "CWE-327": 0.0,
            "CWE-328": 0.0,
            "CWE-330": 0.008113590263691683,
            "CWE-501": 0.0,
            "CWE-614": 0.0,
            "CWE-643": 0.11428571428571428
          },
          "F1-Score": {
            "CWE-22": 0.03663003663003663,
            "CWE-78": 0.24475524475524477,
            "CWE-79": 0.0087527352297593,
            "CWE-89": 0.7473684210526316,
            "CWE-90": 0.0,
            "CWE-327": 0.0,
            "CWE-328": 0.0,
            "CWE-330": 0.01609657947686117,
            "CWE-501": 0.0,
            "CWE-614": 0.0,
            "CWE-643": 0.1951219512195122
          }
        },
        "Macro Precision": 0.4851343624928531,
        "Macro Recall": 0.10273926833424665,
        "Macro F1-Score": 0.1135204516694587,
        "Weighted Precision": 0.6671234448882156,
        "Weighted Recall": 0.17372262773722627,
        "Weighted F1-Score": 0.1703180572865907,
        "MCC": 0.22275786091295727,
        "Cohen Kappa": 0.2647335392168507,
        "Confusion Matrix": [
          [
            5,
            0,
            0,
            10,
            0,
            0,
            0,
            0,
            0,
            0,
            1
          ],
          [
            0,
            35,
            0,
            84,
            0,
            0,
            0,
            0,
            0,
            0,
            0
          ],
          [
            0,
            0,
            2,
            68,
            0,
            0,
            0,
            0,
            0,
            0,
            1
          ],
          [
            0,
            0,
            0,
            426,
            0,
            0,
            0,
            0,
            0,
            0,
            0
          ],
          [
            0,
            0,
            0,
            28,
            0,
            0,
            0,
            0,
            0,
            0,
            0
          ],
          [
            0,
            0,
            0,
            4,
            0,
            0,
            0,
            0,
            0,
            0,
            0
          ],
          [
            0,
            0,
            0,
            5,
            0,
            0,
            0,
            0,
            0,
            0,
            0
          ],
          [
            0,
            0,
            0,
            2,
            0,
            3,
            0,
            4,
            0,
            0,
            0
          ],
          [
            0,
            0,
            0,
            2,
            0,
            0,
            0,
            0,
            0,
            0,
            0
          ],
          [
            0,
            0,
            0,
            2,
            0,
            0,
            0,
            0,
            0,
            0,
            0
          ],
          [
            0,
            0,
            0,
            5,
            0,
            0,
            0,
            0,
            0,
            0,
            4
          ]
        ]
      },
      "Using Predicted Vulnerability Name": {
        "Per Class Metrics": {
          "Accuracy": {
            "CWE-22": 0.9029197080291971,
            "CWE-78": 0.9317518248175183,
            "CWE-79": 0.8350364963503649,
            "CWE-89": 0.904014598540146,
            "CWE-90": 0.9872262773722628,
            "CWE-327": 0.9102189781021898,
            "CWE-328": 0.9138686131386862,
            "CWE-330": 0.82007299270073,
            "CWE-501": 0.954014598540146,
            "CWE-614": 0.9755474452554744,
            "CWE-643": 0.9890510948905109
          },
          "Precision": {
            "CWE-22": 0.6666666666666666,
            "CWE-78": 0.9444444444444444,
            "CWE-79": 0.5789473684210527,
            "CWE-89": 0.7074010327022375,
            "CWE-90": 1.0,
            "CWE-327": 0.0,
            "CWE-328": 0.0,
            "CWE-330": 0.0,
            "CWE-501": 0.0,
            "CWE-614": 0.0,
            "CWE-643": 1.0
          },
          "Recall": {
            "CWE-22": 0.014925373134328358,
            "CWE-78": 0.27091633466135456,
            "CWE-79": 0.024175824175824177,
            "CWE-89": 0.8154761904761905,
            "CWE-90": 0.4067796610169492,
            "CWE-327": 0.0,
            "CWE-328": 0.0,
            "CWE-330": 0.0,
            "CWE-501": 0.0,
            "CWE-614": 0.0,
            "CWE-643": 0.14285714285714285
          },
          "F1-Score": {
            "CWE-22": 0.029197080291970802,
            "CWE-78": 0.42105263157894735,
            "CWE-79": 0.046413502109704644,
            "CWE-89": 0.7576036866359447,
            "CWE-90": 0.5783132530120482,
            "CWE-327": 0.0,
            "CWE-328": 0.0,
            "CWE-330": 0.0,
            "CWE-501": 0.0,
            "CWE-614": 0.0,
            "CWE-643": 0.25
          }
        },
        "Macro Precision": 0.4452235920213092,
        "Macro Recall": 0.15228459330198085,
        "Macro F1-Score": 0.18932546851169232,
        "Weighted Precision": 0.4122895603415069,
        "Weighted Recall": 0.19087591240875912,
        "Weighted F1-Score": 0.20413500419587827,
        "MCC": 0.24962379995569553,
        "Cohen Kappa": 0.47473572853324286,