{
  "deepseek-coder-v2:16b-lite-instruct-q4_0": {
    "Dataset": "owasp",
    "Prompt Type": "vulnerability_specific",
    "Vulnerability Metrics": {
      "Accuracy": 0.5532846715328467,
      "Precision": 0.5574954846478025,
      "Recall": 0.6544169611307421,
      "F1-Score": 0.6020806241872562,
      "Youden Index": 0.09969997999866664,
      "ROC-AUC Score": 0.5498499899993333,
      "FPR": 0.5547169811320755,
      "FNR": 0.34558303886925795,
      "Specificity": 0.44528301886792454,
      "NPV": 0.5468025949953661,
      "FDR": 0.4425045153521975,
      "MCC": 0.1019731163313314,
      "Confusion Matrix": [
        [
          590,
          735
        ],
        [
          489,
          926
        ]
      ]
    },
    "Vulnerability Type Metrics": {
      "Using Predicted CWE": {
        "Per Class Metrics": {
          "Accuracy": {
            "CWE-22": 0.9105839416058394,
            "CWE-78": 0.9613138686131387,
            "CWE-79": 0.8408759124087591,
            "CWE-89": 0.8313868613138686,
            "CWE-90": 0.9784671532846715,
            "CWE-327": 0.9102189781021898,
            "CWE-328": 0.9138686131386862,
            "CWE-330": 0.82007299270073,
            "CWE-501": 0.954014598540146,
            "CWE-614": 0.9755474452554744,
            "CWE-643": 0.9872262773722628
          },
          "Precision": {
            "CWE-22": 0.9259259259259259,
            "CWE-78": 0.8222222222222222,
            "CWE-79": 0.8518518518518519,
            "CWE-89": 0.9038461538461539,
            "CWE-90": 0.0,
            "CWE-327": 0.0,
            "CWE-328": 0.0,
            "CWE-330": 0.0,
            "CWE-501": 0.0,
            "CWE-614": 0.0,
            "CWE-643": 0.0
          },
          "Recall": {
            "CWE-22": 0.09328358208955224,
            "CWE-78": 0.7370517928286853,
            "CWE-79": 0.05054945054945055,
            "CWE-89": 0.09325396825396826,
            "CWE-90": 0.0,
            "CWE-327": 0.0,
            "CWE-328": 0.0,
            "CWE-330": 0.0,
            "CWE-501": 0.0,
            "CWE-614": 0.0,
            "CWE-643": 0.0
          },
          "F1-Score": {
            "CWE-22": 0.1694915254237288,
            "CWE-78": 0.7773109243697479,
            "CWE-79": 0.0954356846473029,
            "CWE-89": 0.16906474820143885,
            "CWE-90": 0.0,
            "CWE-327": 0.0,
            "CWE-328": 0.0,
            "CWE-330": 0.0,
            "CWE-501": 0.0,
            "CWE-614": 0.0,
            "CWE-643": 0.0
          }
        },
        "Macro Precision": 0.3185314685314685,
        "Macro Recall": 0.08855807215651422,
        "Macro F1-Score": 0.11011844387656532,
        "Weighted Precision": 0.473597437977,
        "Weighted Recall": 0.10218978102189781,
        "Weighted F1-Score": 0.13473016074394673,
        "MCC": 0.20266020628467157,
        "Cohen Kappa": 0.7324341031208889,
        "Confusion Matrix": [
          [
            25,
            2,
            0,
            0,
            0,
            0,
            0,
            0,
            0,
            0,
            0
          ],
          [
            0,
            185,
            0,
            3,
            0,
            0,
            0,
            0,
            0,
            0,
            0
          ],
          [
            2,
            9,
            23,
            1,
            0,
            0,
            0,
            0,
            0,
            0,
            0
          ],
          [
            0,
            1,
            0,
            47,
            0,
            0,
            0,
            0,
            0,
            0,
            0
          ],
          [
            0,
            0,
            0,
            0,
            0,
            0,
            0,
            0,
            0,
            0,
            0
          ],
          [
            0,
            1,
            0,
            0,
            0,
            0,
            0,
            0,
            0,
            0,
            0
          ],
          [
            0,
            0,
            0,
            0,
            0,
            0,
            0,
            0,
            0,
            0,
            0
          ],
          [
            0,
            24,
            4,
            0,
            0,
            0,
            0,
            0,
            0,
            0,
            0
          ],
          [
            0,
            2,
            0,
            1,
            0,
            0,
            0,
            0,
            0,
            0,
            0
          ],
          [
            0,
            0,
            0,
            0,
            0,
            0,
            0,
            0,
            0,
            0,
            0
          ],
          [
            0,
            1,
            0,
            0,
            0,
            0,
            0,
            0,
            0,
            0,
            0
          ]
        ]
      },
      "Using Predicted Vulnerability Name": {
        "Per Class Metrics": {
          "Accuracy": {
            "CWE-22": 0.9102189781021898,
            "CWE-78": 0.9686131386861314,
            "CWE-79": 0.8408759124087591,
            "CWE-89": 0.831021897810219,
            "CWE-90": 0.9784671532846715,
            "CWE-327": 0.9102189781021898,
            "CWE-328": 0.9138686131386862,
            "CWE-330": 0.82007299270073,
            "CWE-501": 0.954014598540146,
            "CWE-614": 0.9755474452554744,
            "CWE-643": 0.9872262773722628
          },
          "Precision": {
            "CWE-22": 0.8928571428571429,
            "CWE-78": 0.9024390243902439,
            "CWE-79": 0.8518518518518519,
            "CWE-89": 0.9019607843137255,
            "CWE-90": 0.0,
            "CWE-327": 0.0,
            "CWE-328": 0.0,
            "CWE-330": 0.0,
            "CWE-501": 0.0,
            "CWE-614": 0.0,
            "CWE-643": 0.0
          },
          "Recall": {
            "CWE-22": 0.09328358208955224,
            "CWE-78": 0.7370517928286853,
            "CWE-79": 0.05054945054945055,
            "CWE-89": 0.09126984126984126,
            "CWE-90": 0.0,
            "CWE-327": 0.0,
            "CWE-328": 0.0,
            "CWE-330": 0.0,
            "CWE-501": 0.0,
            "CWE-614": 0.0,
            "CWE-643": 0.0
          },
          "F1-Score": {
            "CWE-22": 0.16891891891891891,
            "CWE-78": 0.8114035087719298,
            "CWE-79": 0.0954356846473029,
            "CWE-89": 0.16576576576576577,
            "CWE-90": 0.0,
            "CWE-327": 0.0,
            "CWE-328": 0.0,
            "CWE-330": 0.0,
            "CWE-501": 0.0,
            "CWE-614": 0.0,
            "CWE-643": 0.0
          }
        },
        "Macro Precision": 0.322646254855724,
        "Macro Recall": 0.08837769697613904,
        "Macro F1-Score": 0.11286580710035611,
        "Weighted Precision": 0.47736450266218095,
        "Weighted Recall": 0.10182481751824818,
        "Weighted F1-Score": 0.13719041366149395,
        "MCC": 0.20908796148718634,
        "Cohen Kappa": 0.8161632954650411,