{
  "deepseek-coder-v2:16b-lite-instruct-q4_0": {
    "Dataset": "owasp",
    "Prompt Type": "few_shot",
    "Vulnerability Metrics": {
      "Accuracy": 0.512043795620438,
      "Precision": 0.5377906976744186,
      "Recall": 0.392226148409894,
      "F1-Score": 0.4536166734777278,
      "Youden Index": 0.03222614840989402,
      "ROC-AUC Score": 0.516113074204947,
      "FPR": 0.36,
      "FNR": 0.607773851590106,
      "Specificity": 0.64,
      "NPV": 0.4964871194379391,
      "FDR": 0.4622093023255814,
      "MCC": 0.033236155334665944,
      "Confusion Matrix": [
        [
          848,
          477
        ],
        [
          860,
          555
        ]
      ]
    },
    "Vulnerability Type Metrics": {
      "Using Predicted CWE": {
        "Per Class Metrics": {
          "Accuracy": {
            "CWE-22": 0.9036496350364963,
            "CWE-78": 0.935036496350365,
            "CWE-79": 0.8350364963503649,
            "CWE-89": 0.7525547445255475,
            "CWE-90": 0.9781021897810219,
            "CWE-327": 0.9102189781021898,
            "CWE-328": 0.9138686131386862,
            "CWE-330": 0.82007299270073,
            "CWE-501": 0.954014598540146,
            "CWE-614": 0.9759124087591241,
            "CWE-643": 0.9850364963503649
          },
          "Precision": {
            "CWE-22": 1.0,
            "CWE-78": 1.0,
            "CWE-79": 1.0,
            "CWE-89": 0.3494809688581315,
            "CWE-90": 0.0,
            "CWE-327": 0.0,
            "CWE-328": 0.0,
            "CWE-330": 0.0,
            "CWE-501": 0.0,
            "CWE-614": 1.0,
            "CWE-643": 0.0
          },
          "Recall": {
            "CWE-22": 0.014925373134328358,
            "CWE-78": 0.2908366533864542,
            "CWE-79": 0.006593406593406593,
            "CWE-89": 0.4007936507936508,
            "CWE-90": 0.0,
            "CWE-327": 0.0,
            "CWE-328": 0.0,
            "CWE-330": 0.0,
            "CWE-501": 0.0,
            "CWE-614": 0.014925373134328358,
            "CWE-643": 0.0
          },
          "F1-Score": {
            "CWE-22": 0.029411764705882353,
            "CWE-78": 0.4506172839506173,
            "CWE-79": 0.013100436681222707,
            "CWE-89": 0.3733826247689464,
            "CWE-90": 0.0,
            "CWE-327": 0.0,
            "CWE-328": 0.0,
            "CWE-330": 0.0,
            "CWE-501": 0.0,
            "CWE-614": 0.029411764705882353,
            "CWE-643": 0.0
          }
        },
        "Macro Precision": 0.39540736080528466,
        "Macro Recall": 0.06618858700383348,
        "Macro F1-Score": 0.0814476249829592,
        "Weighted Precision": 0.4442110979213497,
        "Weighted Recall": 0.10328467153284672,
        "Weighted F1-Score": 0.11573117555532147,
        "MCC": 0.10703723516993202,
        "Cohen Kappa": 0.2015188415233491,
        "Confusion Matrix": [
          [
            4,
            0,
            0,
            32,
            0,
            0,
            0,
            0,
            0,
            0,
            1
          ],
          [
            0,
            73,
            0,
            6,
            0,
            0,
            0,
            0,
            0,
            0,
            0
          ],
          [
            0,
            0,
            3,
            274,
            0,
            0,
            0,
            0,
            0,
            0,
            5
          ],
          [
            0,
            0,
            0,
            202,
            1,
            0,
            0,
            0,
            0,
            0,
            0
          ],
          [
            0,
            0,
            0,
            0,
            0,
            0,
            0,
            0,
            0,
            0,
            0
          ],
          [
            0,
            0,
            0,
            0,
            0,
            0,
            0,
            0,
            0,
            0,
            0
          ],
          [
            0,
            0,
            0,
            0,
            0,
            0,
            0,
            0,
            0,
            0,
            0
          ],
          [
            0,
            0,
            0,
            0,
            0,
            0,
            0,
            0,
            0,
            0,
            0
          ],
          [
            0,
            0,
            0,
            63,
            0,
            0,
            0,
            0,
            0,
            0,
            0
          ],
          [
            0,
            0,
            0,
            0,
            0,
            0,
            0,
            0,
            0,
            1,
            0
          ],
          [
            0,
            0,
            0,
            1,
            0,
            0,
            0,
            0,
            0,
            0,
            0
          ]
        ]
      },
      "Using Predicted Vulnerability Name": {
        "Per Class Metrics": {
          "Accuracy": {
            "CWE-22": 0.9047445255474452,
            "CWE-78": 0.9255474452554745,
            "CWE-79": 0.8364963503649635,
            "CWE-89": 0.7583941605839416,
            "CWE-90": 0.9784671532846715,
            "CWE-327": 0.9102189781021898,
            "CWE-328": 0.9138686131386862,
            "CWE-330": 0.82007299270073,
            "CWE-501": 0.954014598540146,
            "CWE-614": 0.9755474452554744,
            "CWE-643": 0.9872262773722628
          },
          "Precision": {
            "CWE-22": 0.8888888888888888,
            "CWE-78": 1.0,
            "CWE-79": 0.7333333333333333,
            "CWE-89": 0.36140350877192984,
            "CWE-90": 0.0,
            "CWE-327": 0.0,
            "CWE-328": 0.0,
            "CWE-330": 0.0,
            "CWE-501": 0.0,
            "CWE-614": 0.0,
            "CWE-643": 0.0
          },
          "Recall": {
            "CWE-22": 0.029850746268656716,
            "CWE-78": 0.18725099601593626,
            "CWE-79": 0.024175824175824177,
            "CWE-89": 0.4087301587301587,
            "CWE-90": 0.0,
            "CWE-327": 0.0,
            "CWE-328": 0.0,
            "CWE-330": 0.0,
            "CWE-501": 0.0,
            "CWE-614": 0.0,
            "CWE-643": 0.0
          },
          "F1-Score": {
            "CWE-22": 0.05776173285198556,
            "CWE-78": 0.31543624161073824,
            "CWE-79": 0.04680851063829787,
            "CWE-89": 0.38361266294227186,
            "CWE-90": 0.0,
            "CWE-327": 0.0,
            "CWE-328": 0.0,
            "CWE-330": 0.0,
            "CWE-501": 0.0,
            "CWE-614": 0.0,
            "CWE-643": 0.0
          }
        },
        "Macro Precision": 0.27123870281765017,
        "Macro Recall": 0.059091611380961445,
        "Macro F1-Score": 0.07305628618575395,
        "Weighted Precision": 0.36680155376275236,
        "Weighted Recall": 0.09927007299270073,
        "Weighted F1-Score": 0.11288076478538613,
        "MCC": 0.10268196721752311,
        "Cohen Kappa": 0.1743525658255286,