{
  "deepseek-coder-v2:16b-lite-instruct-q4_0": {
    "Dataset": "owasp",
    "Prompt Type": "simple",
    "Vulnerability Metrics": {
      "Accuracy": 0.5313868613138686,
      "Precision": 0.527672158850866,
      "Recall": 0.8826855123674912,
      "F1-Score": 0.6604970914859862,
      "Youden Index": 0.03891192746183081,
      "ROC-AUC Score": 0.5194559637309154,
      "FPR": 0.8437735849056603,
      "FNR": 0.11731448763250883,
      "Specificity": 0.15622641509433963,
      "NPV": 0.5549597855227882,
      "FDR": 0.4723278411491339,
      "MCC": 0.056704216999246826,
      "Confusion Matrix": [
        [
          207,
          1118
        ],
        [
          166,
          1249
        ]
      ]
    },
    "Vulnerability Type Metrics": {
      "Using Predicted CWE": {
        "Per Class Metrics": {
          "Accuracy": {
            "CWE-22": 0.9120437956204379,
            "CWE-78": 0.9437956204379562,
            "CWE-79": 0.8357664233576643,
            "CWE-89": 0.8766423357664234,
            "CWE-90": 0.9777372262773723,
            "CWE-327": 0.9145985401459854,
            "CWE-328": 0.9138686131386862,
            "CWE-330": 0.858029197080292,
            "CWE-501": 0.954014598540146,
            "CWE-614": 0.9751824817518249,
            "CWE-643": 0.983941605839416
          },
          "Precision": {
            "CWE-22": 1.0,
            "CWE-78": 0.98989898989899,
            "CWE-79": 1.0,
            "CWE-89": 0.8878504672897196,
            "CWE-90": 0.0,
            "CWE-327": 0.75,
            "CWE-328": 0.0,
            "CWE-330": 1.0,
            "CWE-501": 0.0,
            "CWE-614": 0.4,
            "CWE-643": 0.0
          },
          "Recall": {
            "CWE-22": 0.10074626865671642,
            "CWE-78": 0.3904382470119522,
            "CWE-79": 0.01098901098901099,
            "CWE-89": 0.376984126984127,
            "CWE-90": 0.0,
            "CWE-327": 0.07317073170731707,
            "CWE-328": 0.0,
            "CWE-330": 0.21095334685598377,
            "CWE-501": 0.0,
            "CWE-614": 0.029850746268656716,
            "CWE-643": 0.0
          },
          "F1-Score": {
            "CWE-22": 0.18305084745762712,
            "CWE-78": 0.56,
            "CWE-79": 0.021739130434782608,
            "CWE-89": 0.5292479108635098,
            "CWE-90": 0.0,
            "CWE-327": 0.13333333333333333,
            "CWE-328": 0.0,
            "CWE-330": 0.34840871021775544,
            "CWE-501": 0.0,
            "CWE-614": 0.05555555555555555,
            "CWE-643": 0.0
          }
        },
        "Macro Precision": 0.5479772233807918,
        "Macro Recall": 0.10846658895216038,
        "Macro F1-Score": 0.16648504435114214,
        "Weighted Precision": 0.7749055773644763,
        "Weighted Recall": 0.16204379562043797,
        "Weighted F1-Score": 0.24618160397856007,
        "MCC": 0.25826696042831526,
        "Cohen Kappa": 0.8732094909941575,
        "Confusion Matrix": [
          [
            27,
            0,
            0,
            1,
            0,
            0,
            0,
            0,
            0,
            0,
            5
          ],
          [
            0,
            98,
            0,
            13,
            0,
            0,
            0,
            0,
            0,
            0,
            0
          ],
          [
            0,
            1,
            5,
            2,
            0,
            0,
            0,
            0,
            0,
            1,
            2
          ],
          [
            0,
            0,
            0,
            190,
            2,
            0,
            0,
            0,
            0,
            0,
            2
          ],
          [
            0,
            0,
            0,
            4,
            0,
            0,
            0,
            0,
            0,
            0,
            0
          ],
          [
            0,
            0,
            0,
            0,
            0,
            18,
            0,
            0,
            0,
            0,
            0
          ],
          [
            0,
            0,
            0,
            1,
            0,
            0,
            0,
            0,
            0,
            0,
            0
          ],
          [
            0,
            0,
            0,
            1,
            0,
            6,
            0,
            104,
            0,
            1,
            0
          ],
          [
            0,
            0,
            0,
            1,
            0,
            0,
            0,
            0,
            0,
            0,
            0
          ],
          [
            0,
            0,
            0,
            0,
            0,
            0,
            0,
            0,
            0,
            2,
            0
          ],
          [
            0,
            0,
            0,
            1,
            0,
            0,
            0,
            0,
            0,
            1,
            0
          ]
        ]
      },
      "Using Predicted Vulnerability Name": {
        "Per Class Metrics": {
          "Accuracy": {
            "CWE-22": 0.9098540145985401,
            "CWE-78": 0.9277372262773723,
            "CWE-79": 0.8350364963503649,
            "CWE-89": 0.8715328467153285,
            "CWE-90": 0.9799270072992701,
            "CWE-327": 0.9102189781021898,
            "CWE-328": 0.9138686131386862,
            "CWE-330": 0.82007299270073,
            "CWE-501": 0.954014598540146,
            "CWE-614": 0.9755474452554744,
            "CWE-643": 0.9875912408759124
          },
          "Precision": {
            "CWE-22": 0.9565217391304348,
            "CWE-78": 0.9076923076923077,
            "CWE-79": 0.6,
            "CWE-89": 0.8392857142857143,
            "CWE-90": 1.0,
            "CWE-327": 0.0,
            "CWE-328": 0.0,
            "CWE-330": 0.0,
            "CWE-501": 0.0,
            "CWE-614": 0.0,
            "CWE-643": 1.0
          },
          "Recall": {
            "CWE-22": 0.08208955223880597,
            "CWE-78": 0.2350597609561753,
            "CWE-79": 0.01978021978021978,
            "CWE-89": 0.373015873015873,
            "CWE-90": 0.06779661016949153,
            "CWE-327": 0.0,
            "CWE-328": 0.0,
            "CWE-330": 0.0,
            "CWE-501": 0.0,
            "CWE-614": 0.0,
            "CWE-643": 0.02857142857142857
          },
          "F1-Score": {
            "CWE-22": 0.15120274914089346,
            "CWE-78": 0.37341772151898733,
            "CWE-79": 0.03829787234042553,
            "CWE-89": 0.5164835164835165,
            "CWE-90": 0.12698412698412698,
            "CWE-327": 0.0,
            "CWE-328": 0.0,
            "CWE-330": 0.0,
            "CWE-501": 0.0,
            "CWE-614": 0.0,
            "CWE-643": 0.05555555555555555
          }
        },
        "Macro Precision": 0.4821363419189506,
        "Macro Recall": 0.07330122224836312,
        "Macro F1-Score": 0.11472195836577324,
        "Weighted Precision": 0.46502868442252765,
        "Weighted Recall": 0.10328467153284672,
        "Weighted F1-Score": 0.15380288942705078,
        "MCC": 0.1926351394742073,
        "Cohen Kappa": 0.732209583696851,