{
    "gemma2:27b": {
        "Dataset": "owasp",
        "Prompt Type": "vulnerability_specific_self_reflection",
        "Vulnerability Metrics": {
            "Accuracy": 0.5175182481751824,
            "Precision": 0.5173831775700934,
            "Recall": 0.9780918727915194,
            "F1-Score": 0.6767726161369193,
            "Youden Index": 0.003752250150010017,
            "ROC-AUC Score": 0.501876125075005,
            "FPR": 0.9743396226415094,
            "FNR": 0.021908127208480566,
            "Specificity": 0.025660377358490565,
            "NPV": 0.5230769230769231,
            "FDR": 0.48261682242990656,
            "MCC": 0.012321380552608037,
            "Confusion Matrix": [
                [
                    34,
                    1291
                ],
                [
                    31,
                    1384
                ]
            ]
        },
        "Vulnerability Type Metrics": {
            "Using Predicted CWE": {
                "Per Class Metrics": {
                    "Accuracy": {
                        "CWE-22": 0.9766423357664233,
                        "CWE-78": 0.9405109489051094,
                        "CWE-79": 0.9302919708029197,
                        "CWE-89": 0.9872262773722628,
                        "CWE-90": 0.9901459854014598,
                        "CWE-327": 0.9145985401459854,
                        "CWE-328": 0.9138686131386862,
                        "CWE-330": 0.9733576642335766,
                        "CWE-501": 0.9638686131386861,
                        "CWE-614": 0.9934306569343065,
                        "CWE-643": 0.9875912408759124
                    },
                    "Precision": {
                        "CWE-22": 0.8090909090909091,
                        "CWE-78": 0.606280193236715,
                        "CWE-79": 0.7049689440993789,
                        "CWE-89": 0.935064935064935,
                        "CWE-90": 0.9210526315789473,
                        "CWE-327": 0.538961038961039,
                        "CWE-328": 0.0,
                        "CWE-330": 1.0,
                        "CWE-501": 0.9090909090909091,
                        "CWE-614": 0.8769230769230769,
                        "CWE-643": 1.0
                    },
                    "Recall": {
                        "CWE-22": 0.996268656716418,
                        "CWE-78": 1.0,
                        "CWE-79": 0.9978021978021978,
                        "CWE-89": 1.0,
                        "CWE-90": 0.5932203389830508,
                        "CWE-327": 0.33739837398373984,
                        "CWE-328": 0.0,
                        "CWE-330": 0.8519269776876268,
                        "CWE-501": 0.23809523809523808,
                        "CWE-614": 0.8507462686567164,
                        "CWE-643": 0.02857142857142857
                    },
                    "F1-Score": {
                        "CWE-22": 0.8929765886287625,
                        "CWE-78": 0.7548872180451128,
                        "CWE-79": 0.8262056414922657,
                        "CWE-89": 0.9664429530201343,
                        "CWE-90": 0.7216494845360825,
                        "CWE-327": 0.415,
                        "CWE-328": 0.0,
                        "CWE-330": 0.9200438116100766,
                        "CWE-501": 0.37735849056603776,
                        "CWE-614": 0.8636363636363636,
                        "CWE-643": 0.05555555555555555
                    }
                },
                "Macro Precision": 0.75467569436781,
                "Macro Recall": 0.6267299527724014,
                "Macro F1-Score": 0.6176141915536719,
                "Weighted Precision": 0.7479095293881743,
                "Weighted Recall": 0.7671532846715329,
                "Weighted F1-Score": 0.7289815335816635,
                "MCC": 0.7399263832776152,
                "Cohen Kappa": 0.7626480881156181,
                "Confusion Matrix": [
                    [
                        267,
                        1,
                        0,
                        0,
                        0,
                        0,
                        0,
                        0,
                        0,
                        0,
                        0
                    ],
                    [
                        0,
                        251,
                        0,
                        0,
                        0,
                        0,
                        0,
                        0,
                        0,
                        0,
                        0
                    ],
                    [
                        0,
                        1,
                        454,
                        0,
                        0,
                        0,
                        0,
                        0,
                        0,
                        0,
                        0
                    ],
                    [
                        0,
                        0,
                        0,
                        504,
                        0,
                        0,
                        0,
                        0,
                        0,
                        0,
                        0
                    ],
                    [
                        0,
                        0,
                        0,
                        18,
                        35,
                        0,
                        0,
                        0,
                        0,
                        0,
                        0
                    ],
                    [
                        25,
                        32,
                        32,
                        7,
                        1,
                        83,
                        0,
                        0,
                        1,
                        1,
                        0
                    ],
                    [
                        38,
                        70,
                        111,
                        3,
                        2,
                        3,
                        0,
                        0,
                        2,
                        5,
                        0
                    ],
                    [
                        0,
                        2,
                        1,
                        0,
                        0,
                        68,
                        0,
                        420,
                        0,
                        0,
                        0
                    ],
                    [
                        0,
                        57,
                        36,
                        2,
                        0,
                        0,
                        0,
                        0,
                        30,
                        0,
                        0
                    ],
                    [
                        0,
                        0,
                        10,
                        0,
                        0,
                        0,
                        0,
                        0,
                        0,
                        57,
                        0
                    ],
                    [
                        0,
                        0,
                        0,
                        5,
                        0,
                        0,
                        0,
                        0,
                        0,
                        2,
                        1
                    ]
                ]
            },
            "Using Predicted Vulnerability Name": {
                "Per Class Metrics": {
                    "Accuracy": {
                        "CWE-22": 0.977007299270073,