{
    "gemma2:27b": {
        "Dataset": "owasp",
        "Prompt Type": "few_shot_self_reflection",
        "Vulnerability Metrics": {
            "Accuracy": 0.5145985401459854,
            "Precision": 0.5168450257629805,
            "Recall": 0.9215547703180212,
            "F1-Score": 0.6622651091924835,
            "Youden Index": 0.0015547703180212036,
            "ROC-AUC Score": 0.5007773851590106,
            "FPR": 0.92,
            "FNR": 0.0784452296819788,
            "Specificity": 0.08,
            "NPV": 0.48847926267281105,
            "FDR": 0.4831549742370194,
            "MCC": 0.002877159297736636,
            "Confusion Matrix": [
                [
                    106,
                    1219
                ],
                [
                    111,
                    1304
                ]
            ]
        },
        "Vulnerability Type Metrics": {
            "Using Predicted CWE": {
                "Per Class Metrics": {
                    "Accuracy": {
                        "CWE-22": 0.922992700729927,
                        "CWE-78": 0.9978102189781022,
                        "CWE-79": 0.8423357664233576,
                        "CWE-89": 0.8204379562043795,
                        "CWE-90": 0.9784671532846715,
                        "CWE-327": 0.8332116788321168,
                        "CWE-328": 0.9138686131386862,
                        "CWE-330": 0.82007299270073,
                        "CWE-501": 0.954014598540146,
                        "CWE-614": 0.9755474452554744,
                        "CWE-643": 0.9872262773722628
                    },
                    "Precision": {
                        "CWE-22": 1.0,
                        "CWE-78": 1.0,
                        "CWE-79": 0.96,
                        "CWE-89": 0.5060851926977687,
                        "CWE-90": 0.0,
                        "CWE-327": 0.15857605177993528,
                        "CWE-328": 0.0,
                        "CWE-330": 0.0,
                        "CWE-501": 0.0,
                        "CWE-614": 0.0,
                        "CWE-643": 0.0
                    },
                    "Recall": {
                        "CWE-22": 0.2126865671641791,
                        "CWE-78": 0.9760956175298805,
                        "CWE-79": 0.05274725274725275,
                        "CWE-89": 0.9900793650793651,
                        "CWE-90": 0.0,
                        "CWE-327": 0.1991869918699187,
                        "CWE-328": 0.0,
                        "CWE-330": 0.0,
                        "CWE-501": 0.0,
                        "CWE-614": 0.0,
                        "CWE-643": 0.0
                    },
                    "F1-Score": {
                        "CWE-22": 0.3507692307692308,
                        "CWE-78": 0.9879032258064516,
                        "CWE-79": 0.1,
                        "CWE-89": 0.6697986577181209,
                        "CWE-90": 0.0,
                        "CWE-327": 0.17657657657657658,
                        "CWE-328": 0.0,
                        "CWE-330": 0.0,
                        "CWE-501": 0.0,
                        "CWE-614": 0.0,
                        "CWE-643": 0.0
                    }
                },
                "Macro Precision": 0.3295146585888821,
                "Macro Recall": 0.22098143585369057,
                "Macro F1-Score": 0.20773160826094364,
                "Weighted Precision": 0.45615935980202166,
                "Weighted Recall": 0.318978102189781,
                "Weighted F1-Score": 0.28046942512822776,
                "MCC": 0.2997086033097522,
                "Cohen Kappa": 0.3945299614487293,
                "Confusion Matrix": [
                    [
                        57,
                        0,
                        0,
                        4,
                        0,
                        0,
                        0,
                        0,
                        0,
                        0,
                        0
                    ],
                    [
                        0,
                        245,
                        1,
                        5,
                        0,
                        0,
                        0,
                        0,
                        0,
                        0,
                        0
                    ],
                    [
                        0,
                        0,
                        24,
                        35,
                        0,
                        0,
                        0,
                        0,
                        0,
                        0,
                        0
                    ],
                    [
                        0,
                        0,
                        0,
                        499,
                        0,
                        0,
                        0,
                        0,
                        0,
                        0,
                        0
                    ],
                    [
                        0,
                        0,
                        0,
                        31,
                        0,
                        0,
                        0,
                        0,
                        0,
                        0,
                        0
                    ],
                    [
                        0,
                        0,
                        0,
                        173,
                        0,
                        49,
                        0,
                        0,
                        0,
                        0,
                        0
                    ],
                    [
                        0,
                        0,
                        0,
                        100,
                        0,
                        1,
                        0,
                        0,
                        0,
                        0,
                        0
                    ],
                    [
                        0,
                        0,
                        0,
                        77,
                        0,
                        259,
                        0,
                        0,
                        0,
                        0,
                        0
                    ],
                    [
                        0,
                        0,
                        0,
                        36,
                        0,
                        0,
                        0,
                        0,
                        0,
                        0,
                        0
                    ],
                    [
                        0,
                        0,
                        0,
                        7,
                        0,
                        0,
                        0,
                        0,
                        0,
                        0,
                        0
                    ],
                    [
                        0,
                        0,
                        0,
                        19,
                        0,
                        0,
                        0,
                        0,
                        0,
                        0,
                        0
                    ]
                ]
            },
            "Using Predicted Vulnerability Name": {
                "Per Class Metrics": {
                    "Accuracy": {
                        "CWE-22": 0.9127737226277373,
                        "CWE-78": 0.9083941605839416,
                        "CWE-79": 0.8777372262773723,
                        "CWE-89": 0.8204379562043795,
                        "CWE-90": 0.9821167883211679,