{
    "gemma2:27b": {
        "Dataset": "owasp",
        "Prompt Type": "chain_of_thought",
        "Vulnerability Metrics": {
            "Accuracy": 0.577007299270073,
            "Precision": 0.5807061790668349,
            "Recall": 0.6508833922261484,
            "F1-Score": 0.6137954015328224,
            "Youden Index": 0.14899659977331825,
            "ROC-AUC Score": 0.5744982998866591,
            "FPR": 0.5018867924528302,
            "FNR": 0.3491166077738516,
            "Specificity": 0.4981132075471698,
            "NPV": 0.5719237435008665,
            "FDR": 0.4192938209331652,
            "MCC": 0.15080231923366547,
            "Confusion Matrix": [
                [
                    660,
                    665
                ],
                [
                    494,
                    921
                ]
            ]
        },
        "Vulnerability Type Metrics": {
            "Using Predicted CWE": {
                "Per Class Metrics": {
                    "Accuracy": {
                        "CWE-22": 0.910948905109489,
                        "CWE-78": 0.9850364963503649,
                        "CWE-79": 0.8313868613138686,
                        "CWE-89": 0.9273722627737226,
                        "CWE-90": 0.9784671532846715,
                        "CWE-327": 0.9003649635036496,
                        "CWE-328": 0.9138686131386862,
                        "CWE-330": 0.82007299270073,
                        "CWE-501": 0.954014598540146,
                        "CWE-614": 0.9755474452554744,
                        "CWE-643": 0.9872262773722628
                    },
                    "Precision": {
                        "CWE-22": 1.0,
                        "CWE-78": 0.8947368421052632,
                        "CWE-79": 0.0,
                        "CWE-89": 0.7206946454413893,
                        "CWE-90": 0.0,
                        "CWE-327": 0.0,
                        "CWE-328": 0.0,
                        "CWE-330": 0.0,
                        "CWE-501": 0.0,
                        "CWE-614": 0.0,
                        "CWE-643": 0.0
                    },
                    "Recall": {
                        "CWE-22": 0.08955223880597014,
                        "CWE-78": 0.9482071713147411,
                        "CWE-79": 0.0,
                        "CWE-89": 0.9880952380952381,
                        "CWE-90": 0.0,
                        "CWE-327": 0.0,
                        "CWE-328": 0.0,
                        "CWE-330": 0.0,
                        "CWE-501": 0.0,
                        "CWE-614": 0.0,
                        "CWE-643": 0.0
                    },
                    "F1-Score": {
                        "CWE-22": 0.1643835616438356,
                        "CWE-78": 0.9206963249516441,
                        "CWE-79": 0.0,
                        "CWE-89": 0.8334728033472804,
                        "CWE-90": 0.0,
                        "CWE-327": 0.0,
                        "CWE-328": 0.0,
                        "CWE-330": 0.0,
                        "CWE-501": 0.0,
                        "CWE-614": 0.0,
                        "CWE-643": 0.0
                    }
                },
                "Macro Precision": 0.23776649886787748,
                "Macro Recall": 0.1841686043832681,
                "Macro F1-Score": 0.17441388090388726,
                "Weighted Precision": 0.31233906885798585,
                "Weighted Recall": 0.2773722627737226,
                "Weighted F1-Score": 0.2537298777264379,
                "MCC": 0.3238430070212953,
                "Cohen Kappa": 0.5818915801614764,
                "Confusion Matrix": [
                    [
                        24,
                        28,
                        2,
                        0,
                        0,
                        0,
                        0,
                        0,
                        0,
                        0,
                        0
                    ],
                    [
                        0,
                        238,
                        5,
                        0,
                        0,
                        0,
                        0,
                        0,
                        0,
                        0,
                        0
                    ],
                    [
                        0,
                        0,
                        0,
                        4,
                        0,
                        0,
                        0,
                        0,
                        0,
                        0,
                        0
                    ],
                    [
                        0,
                        0,
                        0,
                        498,
                        0,
                        0,
                        0,
                        0,
                        0,
                        0,
                        0
                    ],
                    [
                        0,
                        0,
                        0,
                        59,
                        0,
                        0,
                        0,
                        0,
                        0,
                        0,
                        0
                    ],
                    [
                        0,
                        0,
                        0,
                        41,
                        0,
                        0,
                        0,
                        0,
                        0,
                        0,
                        0
                    ],
                    [
                        0,
                        0,
                        0,
                        11,
                        0,
                        0,
                        0,
                        0,
                        0,
                        0,
                        0
                    ],
                    [
                        0,
                        0,
                        0,
                        37,
                        0,
                        27,
                        0,
                        0,
                        0,
                        0,
                        0
                    ],
                    [
                        0,
                        0,
                        0,
                        3,
                        0,
                        0,
                        0,
                        0,
                        0,
                        0,
                        0
                    ],
                    [
                        0,
                        0,
                        0,
                        5,
                        0,
                        0,
                        0,
                        0,
                        0,
                        0,
                        0
                    ],
                    [
                        0,
                        0,
                        0,
                        33,
                        0,
                        0,
                        0,
                        0,
                        0,
                        0,
                        0
                    ]
                ]
            },
            "Using Predicted Vulnerability Name": {
                "Per Class Metrics": {
                    "Accuracy": {
                        "CWE-22": 0.904014598540146,
                        "CWE-78": 0.9087591240875912,
                        "CWE-79": 0.8638686131386861,
                        "CWE-89": 0.9273722627737226,
                        "CWE-90": 0.9784671532846715,
                        "CWE-327": 0.9102189781021898,