{
    "gemma2:27b": {
        "Dataset": "owasp",
        "Prompt Type": "simple",
        "Vulnerability Metrics": {
            "Accuracy": 0.57992700729927,
            "Precision": 0.5866141732283464,
            "Recall": 0.6318021201413427,
            "F1-Score": 0.6083701939435182,
            "Youden Index": 0.15633042202813519,
            "ROC-AUC Score": 0.5781652110140676,
            "FPR": 0.47547169811320755,
            "FNR": 0.36819787985865726,
            "Specificity": 0.5245283018867924,
            "NPV": 0.571546052631579,
            "FDR": 0.41338582677165353,
            "MCC": 0.1572426623303845,
            "Confusion Matrix": [
                [
                    695,
                    630
                ],
                [
                    521,
                    894
                ]
            ]
        },
        "Vulnerability Type Metrics": {
            "Using Predicted CWE": {
                "Per Class Metrics": {
                    "Accuracy": {
                        "CWE-22": 0.9102189781021898,
                        "CWE-78": 0.9981751824817519,
                        "CWE-79": 0.8335766423357664,
                        "CWE-89": 0.9788321167883212,
                        "CWE-90": 0.9784671532846715,
                        "CWE-327": 0.881021897810219,
                        "CWE-328": 0.9138686131386862,
                        "CWE-330": 0.8211678832116789,
                        "CWE-501": 0.954014598540146,
                        "CWE-614": 0.9755474452554744,
                        "CWE-643": 0.9872262773722628
                    },
                    "Precision": {
                        "CWE-22": 1.0,
                        "CWE-78": 0.984251968503937,
                        "CWE-79": 0.0,
                        "CWE-89": 0.9099264705882353,
                        "CWE-90": 0.0,
                        "CWE-327": 0.08333333333333333,
                        "CWE-328": 0.0,
                        "CWE-330": 1.0,
                        "CWE-501": 0.0,
                        "CWE-614": 0.0,
                        "CWE-643": 0.0
                    },
                    "Recall": {
                        "CWE-22": 0.08208955223880597,
                        "CWE-78": 0.9960159362549801,
                        "CWE-79": 0.0,
                        "CWE-89": 0.9821428571428571,
                        "CWE-90": 0.0,
                        "CWE-327": 0.032520325203252036,
                        "CWE-328": 0.0,
                        "CWE-330": 0.006085192697768763,
                        "CWE-501": 0.0,
                        "CWE-614": 0.0,
                        "CWE-643": 0.0
                    },
                    "F1-Score": {
                        "CWE-22": 0.15172413793103448,
                        "CWE-78": 0.9900990099009901,
                        "CWE-79": 0.0,
                        "CWE-89": 0.9446564885496184,
                        "CWE-90": 0.0,
                        "CWE-327": 0.04678362573099415,
                        "CWE-328": 0.0,
                        "CWE-330": 0.012096774193548387,
                        "CWE-501": 0.0,
                        "CWE-614": 0.0,
                        "CWE-643": 0.0
                    }
                },
                "Macro Precision": 0.3615919793114096,
                "Macro Recall": 0.19080489668524214,
                "Macro F1-Score": 0.19503273057328963,
                "Weighted Precision": 0.542755542069693,
                "Weighted Recall": 0.2839416058394161,
                "Weighted F1-Score": 0.2856774716375611,
                "MCC": 0.3526976996688893,
                "Cohen Kappa": 0.7446906641286866,
                "Confusion Matrix": [
                    [
                        22,
                        4,
                        1,
                        0,
                        0,
                        0,
                        0,
                        0,
                        0,
                        0,
                        0
                    ],
                    [
                        0,
                        250,
                        0,
                        0,
                        0,
                        0,
                        0,
                        0,
                        0,
                        0,
                        0
                    ],
                    [
                        0,
                        0,
                        0,
                        4,
                        0,
                        0,
                        0,
                        0,
                        0,
                        0,
                        0
                    ],
                    [
                        0,
                        0,
                        0,
                        495,
                        0,
                        0,
                        0,
                        0,
                        0,
                        0,
                        0
                    ],
                    [
                        0,
                        0,
                        0,
                        33,
                        0,
                        0,
                        0,
                        0,
                        0,
                        0,
                        0
                    ],
                    [
                        0,
                        0,
                        0,
                        3,
                        0,
                        8,
                        0,
                        0,
                        0,
                        0,
                        0
                    ],
                    [
                        0,
                        0,
                        0,
                        1,
                        0,
                        0,
                        0,
                        0,
                        0,
                        0,
                        0
                    ],
                    [
                        0,
                        0,
                        0,
                        0,
                        0,
                        88,
                        0,
                        3,
                        0,
                        0,
                        0
                    ],
                    [
                        0,
                        0,
                        0,
                        2,
                        0,
                        0,
                        0,
                        0,
                        0,
                        0,
                        0
                    ],
                    [
                        0,
                        0,
                        0,
                        1,
                        0,
                        0,
                        0,
                        0,
                        0,
                        0,
                        0
                    ],
                    [
                        0,
                        0,
                        0,
                        5,
                        0,
                        0,
                        0,
                        0,
                        0,
                        0,
                        0
                    ]
                ]
            },
            "Using Predicted Vulnerability Name": {
                "Per Class Metrics": {
                    "Accuracy": {
                        "CWE-22": 0.9058394160583941,
                        "CWE-78": 0.9083941605839416,
                        "CWE-79": 0.8839416058394161,
                        "CWE-89": 0.9788321167883212,
                        "CWE-90": 0.9784671532846715,