{
    "gemma2:27b": {
        "Dataset": "owasp",
        "Prompt Type": "few_shot",
        "Vulnerability Metrics": {
            "Accuracy": 0.5857664233576643,
            "Precision": 0.6188455008488964,
            "Recall": 0.5151943462897527,
            "F1-Score": 0.5622830698033167,
            "Youden Index": 0.17632642176145086,
            "ROC-AUC Score": 0.5881632108807253,
            "FPR": 0.3388679245283019,
            "FNR": 0.48480565371024736,
            "Specificity": 0.6611320754716982,
            "NPV": 0.5608194622279129,
            "FDR": 0.38115449915110355,
            "MCC": 0.17798786491004653,
            "Confusion Matrix": [
                [
                    876,
                    449
                ],
                [
                    686,
                    729
                ]
            ]
        },
        "Vulnerability Type Metrics": {
            "Using Predicted CWE": {
                "Per Class Metrics": {
                    "Accuracy": {
                        "CWE-22": 0.9204379562043795,
                        "CWE-78": 0.9989051094890511,
                        "CWE-79": 0.8368613138686132,
                        "CWE-89": 0.9551094890510949,
                        "CWE-90": 0.9784671532846715,
                        "CWE-327": 0.8795620437956204,
                        "CWE-328": 0.9138686131386862,
                        "CWE-330": 0.82007299270073,
                        "CWE-501": 0.954014598540146,
                        "CWE-614": 0.9755474452554744,
                        "CWE-643": 0.9872262773722628
                    },
                    "Precision": {
                        "CWE-22": 1.0,
                        "CWE-78": 1.0,
                        "CWE-79": 1.0,
                        "CWE-89": 0.9027484143763214,
                        "CWE-90": 0.0,
                        "CWE-327": 0.0,
                        "CWE-328": 0.0,
                        "CWE-330": 0.0,
                        "CWE-501": 0.0,
                        "CWE-614": 0.0,
                        "CWE-643": 0.0
                    },
                    "Recall": {
                        "CWE-22": 0.1865671641791045,
                        "CWE-78": 0.9880478087649402,
                        "CWE-79": 0.017582417582417582,
                        "CWE-89": 0.8472222222222222,
                        "CWE-90": 0.0,
                        "CWE-327": 0.0,
                        "CWE-328": 0.0,
                        "CWE-330": 0.0,
                        "CWE-501": 0.0,
                        "CWE-614": 0.0,
                        "CWE-643": 0.0
                    },
                    "F1-Score": {
                        "CWE-22": 0.31446540880503143,
                        "CWE-78": 0.9939879759519038,
                        "CWE-79": 0.03455723542116631,
                        "CWE-89": 0.8741044012282497,
                        "CWE-90": 0.0,
                        "CWE-327": 0.0,
                        "CWE-328": 0.0,
                        "CWE-330": 0.0,
                        "CWE-501": 0.0,
                        "CWE-614": 0.0,
                        "CWE-643": 0.0
                    }
                },
                "Macro Precision": 0.3547953103978474,
                "Macro Recall": 0.18540178297715312,
                "Macro F1-Score": 0.201555911036941,
                "Weighted Precision": 0.5215274455641117,
                "Weighted Recall": 0.2675182481751825,
                "Weighted F1-Score": 0.2883357196566952,
                "MCC": 0.3403105028356996,
                "Cohen Kappa": 0.7656429517415408,
                "Confusion Matrix": [
                    [
                        50,
                        0,
                        0,
                        0,
                        0,
                        0,
                        0,
                        0,
                        0,
                        0,
                        0
                    ],
                    [
                        0,
                        248,
                        0,
                        0,
                        0,
                        0,
                        0,
                        0,
                        0,
                        0,
                        0
                    ],
                    [
                        0,
                        0,
                        8,
                        2,
                        0,
                        0,
                        0,
                        0,
                        0,
                        0,
                        0
                    ],
                    [
                        0,
                        0,
                        0,
                        427,
                        0,
                        0,
                        0,
                        0,
                        0,
                        0,
                        0
                    ],
                    [
                        0,
                        0,
                        0,
                        37,
                        0,
                        0,
                        0,
                        0,
                        0,
                        0,
                        0
                    ],
                    [
                        0,
                        0,
                        0,
                        0,
                        0,
                        0,
                        0,
                        0,
                        0,
                        0,
                        0
                    ],
                    [
                        0,
                        0,
                        0,
                        0,
                        0,
                        0,
                        0,
                        0,
                        0,
                        0,
                        0
                    ],
                    [
                        0,
                        0,
                        0,
                        0,
                        0,
                        84,
                        0,
                        0,
                        0,
                        0,
                        0
                    ],
                    [
                        0,
                        0,
                        0,
                        0,
                        0,
                        0,
                        0,
                        0,
                        0,
                        0,
                        0
                    ],
                    [
                        0,
                        0,
                        0,
                        0,
                        0,
                        0,
                        0,
                        0,
                        0,
                        0,
                        0
                    ],
                    [
                        0,
                        0,
                        0,
                        7,
                        0,
                        0,
                        0,
                        0,
                        0,
                        0,
                        0
                    ]
                ]
            },
            "Using Predicted Vulnerability Name": {
                "Per Class Metrics": {
                    "Accuracy": {
                        "CWE-22": 0.9098540145985401,
                        "CWE-78": 0.9083941605839416,
                        "CWE-79": 0.871897810218978,
                        "CWE-89": 0.9551094890510949,
                        "CWE-90": 0.9784671532846715,
                        "CWE-327": 0.9102189781021898,