{
    "gemma2:27b": {
        "Dataset": "owasp",
        "Prompt Type": "chain_of_thought_self_reflection",
        "Vulnerability Metrics": {
            "Accuracy": 0.5036496350364964,
            "Precision": 0.5108997225525168,
            "Recall": 0.9109540636042402,
            "F1-Score": 0.654647028948705,
            "Youden Index": -0.02036669111274092,
            "ROC-AUC Score": 0.48981665444362954,
            "FPR": 0.9313207547169812,
            "FNR": 0.08904593639575972,
            "Specificity": 0.06867924528301887,
            "NPV": 0.41935483870967744,
            "FDR": 0.48910027744748313,
            "MCC": -0.03768930627240941,
            "Confusion Matrix": [
                [
                    91,
                    1234
                ],
                [
                    126,
                    1289
                ]
            ]
        },
        "Vulnerability Type Metrics": {
            "Using Predicted CWE": {
                "Per Class Metrics": {
                    "Accuracy": {
                        "CWE-22": 0.9131386861313868,
                        "CWE-78": 0.9795620437956204,
                        "CWE-79": 0.8281021897810219,
                        "CWE-89": 0.7452554744525547,
                        "CWE-90": 0.9784671532846715,
                        "CWE-327": 0.9076642335766424,
                        "CWE-328": 0.9138686131386862,
                        "CWE-330": 0.82007299270073,
                        "CWE-501": 0.954014598540146,
                        "CWE-614": 0.9755474452554744,
                        "CWE-643": 0.9872262773722628
                    },
                    "Precision": {
                        "CWE-22": 1.0,
                        "CWE-78": 0.862453531598513,
                        "CWE-79": 0.0,
                        "CWE-89": 0.4193011647254576,
                        "CWE-90": 0.0,
                        "CWE-327": 0.36,
                        "CWE-328": 0.0,
                        "CWE-330": 0.0,
                        "CWE-501": 0.0,
                        "CWE-614": 0.0,
                        "CWE-643": 0.0
                    },
                    "Recall": {
                        "CWE-22": 0.11194029850746269,
                        "CWE-78": 0.9243027888446215,
                        "CWE-79": 0.0,
                        "CWE-89": 1.0,
                        "CWE-90": 0.0,
                        "CWE-327": 0.036585365853658534,
                        "CWE-328": 0.0,
                        "CWE-330": 0.0,
                        "CWE-501": 0.0,
                        "CWE-614": 0.0,
                        "CWE-643": 0.0
                    },
                    "F1-Score": {
                        "CWE-22": 0.20134228187919462,
                        "CWE-78": 0.8923076923076924,
                        "CWE-79": 0.0,
                        "CWE-89": 0.5908558030480656,
                        "CWE-90": 0.0,
                        "CWE-327": 0.06642066420664207,
                        "CWE-328": 0.0,
                        "CWE-330": 0.0,
                        "CWE-501": 0.0,
                        "CWE-614": 0.0,
                        "CWE-643": 0.0
                    }
                },
                "Macro Precision": 0.2401595178476337,
                "Macro Recall": 0.18843895029143118,
                "Macro F1-Score": 0.15917513104014497,
                "Weighted Precision": 0.2862640961506779,
                "Weighted Recall": 0.28284671532846717,
                "Weighted F1-Score": 0.2160802081912095,
                "MCC": 0.2620604548752726,
                "Cohen Kappa": 0.30460903462508593,
                "Confusion Matrix": [
                    [
                        30,
                        37,
                        7,
                        14,
                        0,
                        0,
                        0,
                        0,
                        0,
                        0,
                        0
                    ],
                    [
                        0,
                        232,
                        9,
                        1,
                        0,
                        0,
                        0,
                        0,
                        0,
                        0,
                        0
                    ],
                    [
                        0,
                        0,
                        0,
                        8,
                        0,
                        0,
                        0,
                        0,
                        0,
                        0,
                        0
                    ],
                    [
                        0,
                        0,
                        0,
                        504,
                        0,
                        0,
                        0,
                        0,
                        0,
                        0,
                        0
                    ],
                    [
                        0,
                        0,
                        0,
                        14,
                        0,
                        0,
                        0,
                        0,
                        0,
                        0,
                        0
                    ],
                    [
                        0,
                        0,
                        0,
                        123,
                        0,
                        9,
                        0,
                        0,
                        0,
                        0,
                        0
                    ],
                    [
                        0,
                        0,
                        0,
                        155,
                        0,
                        0,
                        0,
                        0,
                        0,
                        0,
                        0
                    ],
                    [
                        0,
                        0,
                        0,
                        286,
                        0,
                        16,
                        0,
                        0,
                        0,
                        0,
                        0
                    ],
                    [
                        0,
                        0,
                        0,
                        42,
                        0,
                        0,
                        0,
                        0,
                        0,
                        0,
                        0
                    ],
                    [
                        0,
                        0,
                        0,
                        50,
                        0,
                        0,
                        0,
                        0,
                        0,
                        0,
                        0
                    ],
                    [
                        0,
                        0,
                        0,
                        5,
                        0,
                        0,
                        0,
                        0,
                        0,
                        0,
                        0
                    ]
                ]
            },
            "Using Predicted Vulnerability Name": {
                "Per Class Metrics": {
                    "Accuracy": {
                        "CWE-22": 0.9062043795620438,
                        "CWE-78": 0.9087591240875912,
                        "CWE-79": 0.8766423357664234,
                        "CWE-89": 0.7452554744525547,
                        "CWE-90": 0.9784671532846715,