{
    "gemma2:27b": {
        "Dataset": "owasp",
        "Prompt Type": "simple_self_reflection",
        "Vulnerability Metrics": {
            "Accuracy": 0.5105839416058394,
            "Precision": 0.5142089093701997,
            "Recall": 0.9462897526501767,
            "F1-Score": 0.6663349091813884,
            "Youden Index": -0.008427228481898807,
            "ROC-AUC Score": 0.4957863857590506,
            "FPR": 0.9547169811320755,
            "FNR": 0.05371024734982332,
            "Specificity": 0.045283018867924525,
            "NPV": 0.4411764705882353,
            "FDR": 0.4857910906298003,
            "MCC": -0.019390141740672485,
            "Confusion Matrix": [
                [
                    60,
                    1265
                ],
                [
                    76,
                    1339
                ]
            ]
        },
        "Vulnerability Type Metrics": {
            "Using Predicted CWE": {
                "Per Class Metrics": {
                    "Accuracy": {
                        "CWE-22": 0.9616788321167883,
                        "CWE-78": 0.9978102189781022,
                        "CWE-79": 0.833941605839416,
                        "CWE-89": 0.9302919708029197,
                        "CWE-90": 0.9784671532846715,
                        "CWE-327": 0.8861313868613139,
                        "CWE-328": 0.9138686131386862,
                        "CWE-330": 0.8222627737226277,
                        "CWE-501": 0.954014598540146,
                        "CWE-614": 0.9755474452554744,
                        "CWE-643": 0.9872262773722628
                    },
                    "Precision": {
                        "CWE-22": 1.0,
                        "CWE-78": 0.9766536964980544,
                        "CWE-79": 0.5,
                        "CWE-89": 0.7251798561151079,
                        "CWE-90": 0.0,
                        "CWE-327": 0.2857142857142857,
                        "CWE-328": 0.0,
                        "CWE-330": 1.0,
                        "CWE-501": 0.0,
                        "CWE-614": 0.0,
                        "CWE-643": 0.0
                    },
                    "Recall": {
                        "CWE-22": 0.6082089552238806,
                        "CWE-78": 1.0,
                        "CWE-79": 0.002197802197802198,
                        "CWE-89": 1.0,
                        "CWE-90": 0.0,
                        "CWE-327": 0.17886178861788618,
                        "CWE-328": 0.0,
                        "CWE-330": 0.012170385395537525,
                        "CWE-501": 0.0,
                        "CWE-614": 0.0,
                        "CWE-643": 0.0
                    },
                    "F1-Score": {
                        "CWE-22": 0.7563805104408353,
                        "CWE-78": 0.9881889763779528,
                        "CWE-79": 0.00437636761487965,
                        "CWE-89": 0.8407005838198499,
                        "CWE-90": 0.0,
                        "CWE-327": 0.22,
                        "CWE-328": 0.0,
                        "CWE-330": 0.02404809619238477,
                        "CWE-501": 0.0,
                        "CWE-614": 0.0,
                        "CWE-643": 0.0
                    }
                },
                "Macro Precision": 0.4079588943934043,
                "Macro Recall": 0.2546762664941006,
                "Macro F1-Score": 0.25760859404053665,
                "Weighted Precision": 0.609276072842606,
                "Weighted Recall": 0.3536496350364963,
                "Weighted F1-Score": 0.3439508988327848,
                "MCC": 0.386263589385377,
                "Cohen Kappa": 0.6654104828679782,
                "Confusion Matrix": [
                    [
                        163,
                        5,
                        1,
                        1,
                        0,
                        0,
                        0,
                        0,
                        0,
                        0,
                        0
                    ],
                    [
                        0,
                        251,
                        0,
                        0,
                        0,
                        0,
                        0,
                        0,
                        0,
                        0,
                        0
                    ],
                    [
                        0,
                        0,
                        1,
                        2,
                        0,
                        0,
                        0,
                        0,
                        0,
                        0,
                        0
                    ],
                    [
                        0,
                        0,
                        0,
                        504,
                        0,
                        0,
                        0,
                        0,
                        0,
                        0,
                        0
                    ],
                    [
                        0,
                        0,
                        0,
                        11,
                        0,
                        0,
                        0,
                        0,
                        0,
                        0,
                        0
                    ],
                    [
                        0,
                        0,
                        0,
                        34,
                        0,
                        44,
                        0,
                        0,
                        0,
                        0,
                        0
                    ],
                    [
                        0,
                        1,
                        0,
                        56,
                        0,
                        0,
                        0,
                        0,
                        0,
                        0,
                        0
                    ],
                    [
                        0,
                        0,
                        0,
                        0,
                        0,
                        110,
                        0,
                        6,
                        0,
                        0,
                        0
                    ],
                    [
                        0,
                        0,
                        0,
                        46,
                        0,
                        0,
                        0,
                        0,
                        0,
                        0,
                        0
                    ],
                    [
                        0,
                        0,
                        0,
                        31,
                        0,
                        0,
                        0,
                        0,
                        0,
                        0,
                        0
                    ],
                    [
                        0,
                        0,
                        0,
                        10,
                        0,
                        0,
                        0,
                        0,
                        0,
                        0,
                        0
                    ]
                ]
            },
            "Using Predicted Vulnerability Name": {
                "Per Class Metrics": {
                    "Accuracy": {
                        "CWE-22": 0.9273722627737226,
                        "CWE-78": 0.9083941605839416,
                        "CWE-79": 0.9047445255474452,
                        "CWE-89": 0.9302919708029197,
                        "CWE-90": 0.9791970802919708,