{
    "gemma2:27b": {
        "Dataset": "owasp",
        "Prompt Type": "vulnerability_specific",
        "Vulnerability Metrics": {
            "Accuracy": 0.5759124087591241,
            "Precision": 0.5771812080536913,
            "Recall": 0.6685512367491167,
            "F1-Score": 0.6195153896529142,
            "Youden Index": 0.14553236882458842,
            "ROC-AUC Score": 0.5727661844122942,
            "FPR": 0.5230188679245283,
            "FNR": 0.3314487632508834,
            "Specificity": 0.4769811320754717,
            "NPV": 0.5740236148955495,
            "FDR": 0.4228187919463087,
            "MCC": 0.14834148462754942,
            "Confusion Matrix": [
                [
                    632,
                    693
                ],
                [
                    469,
                    946
                ]
            ]
        },
        "Vulnerability Type Metrics": {
            "Using Predicted CWE": {
                "Per Class Metrics": {
                    "Accuracy": {
                        "CWE-22": 0.9452554744525548,
                        "CWE-78": 0.9981751824817519,
                        "CWE-79": 0.9248175182481752,
                        "CWE-89": 0.9718978102189781,
                        "CWE-90": 0.9813868613138687,
                        "CWE-327": 0.9094890510948905,
                        "CWE-328": 0.9138686131386862,
                        "CWE-330": 0.9667883211678832,
                        "CWE-501": 0.9547445255474453,
                        "CWE-614": 0.9802919708029197,
                        "CWE-643": 0.9875912408759124
                    },
                    "Precision": {
                        "CWE-22": 1.0,
                        "CWE-78": 0.984251968503937,
                        "CWE-79": 1.0,
                        "CWE-89": 0.8687392055267703,
                        "CWE-90": 1.0,
                        "CWE-327": 0.0,
                        "CWE-328": 0.0,
                        "CWE-330": 1.0,
                        "CWE-501": 1.0,
                        "CWE-614": 0.8095238095238095,
                        "CWE-643": 1.0
                    },
                    "Recall": {
                        "CWE-22": 0.44029850746268656,
                        "CWE-78": 0.9960159362549801,
                        "CWE-79": 0.5472527472527473,
                        "CWE-89": 0.998015873015873,
                        "CWE-90": 0.13559322033898305,
                        "CWE-327": 0.0,
                        "CWE-328": 0.0,
                        "CWE-330": 0.8154158215010142,
                        "CWE-501": 0.015873015873015872,
                        "CWE-614": 0.2537313432835821,
                        "CWE-643": 0.02857142857142857
                    },
                    "F1-Score": {
                        "CWE-22": 0.6113989637305699,
                        "CWE-78": 0.9900990099009901,
                        "CWE-79": 0.7073863636363636,
                        "CWE-89": 0.9289012003693444,
                        "CWE-90": 0.23880597014925373,
                        "CWE-327": 0.0,
                        "CWE-328": 0.0,
                        "CWE-330": 0.8983240223463688,
                        "CWE-501": 0.03125,
                        "CWE-614": 0.38636363636363635,
                        "CWE-643": 0.05555555555555555
                    }
                },
                "Macro Precision": 0.7875013621413196,
                "Macro Recall": 0.3846152630503919,
                "Macro F1-Score": 0.44073497473200746,
                "Weighted Precision": 0.7938430288022175,
                "Weighted Recall": 0.5656934306569343,
                "Weighted F1-Score": 0.6172001377890547,
                "MCC": 0.5838021988839153,
                "Cohen Kappa": 0.9324326660609286,
                "Confusion Matrix": [
                    [
                        118,
                        0,
                        0,
                        0,
                        0,
                        0,
                        0,
                        0,
                        0,
                        0,
                        0
                    ],
                    [
                        0,
                        250,
                        0,
                        0,
                        0,
                        0,
                        0,
                        0,
                        0,
                        0,
                        0
                    ],
                    [
                        0,
                        1,
                        249,
                        0,
                        0,
                        0,
                        0,
                        0,
                        0,
                        0,
                        0
                    ],
                    [
                        0,
                        0,
                        0,
                        503,
                        0,
                        0,
                        0,
                        0,
                        0,
                        0,
                        0
                    ],
                    [
                        0,
                        0,
                        0,
                        51,
                        8,
                        0,
                        0,
                        0,
                        0,
                        0,
                        0
                    ],
                    [
                        0,
                        0,
                        0,
                        0,
                        0,
                        0,
                        0,
                        0,
                        0,
                        0,
                        0
                    ],
                    [
                        0,
                        0,
                        0,
                        0,
                        0,
                        0,
                        0,
                        0,
                        0,
                        0,
                        0
                    ],
                    [
                        0,
                        0,
                        0,
                        0,
                        0,
                        2,
                        0,
                        402,
                        0,
                        0,
                        0
                    ],
                    [
                        0,
                        3,
                        0,
                        0,
                        0,
                        0,
                        0,
                        0,
                        2,
                        0,
                        0
                    ],
                    [
                        0,
                        0,
                        0,
                        0,
                        0,
                        0,
                        0,
                        0,
                        0,
                        17,
                        0
                    ],
                    [
                        0,
                        0,
                        0,
                        25,
                        0,
                        0,
                        0,
                        0,
                        0,
                        4,
                        1
                    ]
                ]
            },
            "Using Predicted Vulnerability Name": {
                "Per Class Metrics": {
                    "Accuracy": {
                        "CWE-22": 0.9452554744525548,
                        "CWE-78": 0.9981751824817519,
                        "CWE-79": 0.9248175182481752,