{
    "gpt-5-mini-2025-08-07": {
        "Dataset": "owasp",
        "Prompt Type": "simple",
        "Vulnerability Metrics": {
            "Accuracy": 0.6182481751824818,
            "Precision": 0.5756457564575646,
            "Recall": 0.992226148409894,
            "F1-Score": 0.7285936689154126,
            "Youden Index": 0.21109407293819582,
            "ROC-AUC Score": 0.6055470364690979,
            "FPR": 0.7811320754716982,
            "FNR": 0.0077738515901060075,
            "Specificity": 0.2188679245283019,
            "NPV": 0.9634551495016611,
            "FDR": 0.42435424354243545,
            "MCC": 0.3373440468773745,
            "Confusion Matrix": [
                [
                    290,
                    1035
                ],
                [
                    11,
                    1404
                ]
            ]
        },
        "Vulnerability Type Metrics": {
            "Using Predicted CWE": {
                "Per Class Metrics": {
                    "Accuracy": {
                        "CWE-22": 0.9799270072992701,
                        "CWE-78": 0.9923357664233576,
                        "CWE-79": 0.9116788321167884,
                        "CWE-89": 0.9832116788321168,
                        "CWE-90": 0.9967153284671533,
                        "CWE-327": 0.8974452554744525,
                        "CWE-328": 0.9149635036496351,
                        "CWE-330": 0.8598540145985402,
                        "CWE-501": 0.954014598540146,
                        "CWE-614": 0.9781021897810219,
                        "CWE-643": 0.9923357664233576
                    },
                    "Precision": {
                        "CWE-22": 0.9953488372093023,
                        "CWE-78": 1.0,
                        "CWE-79": 0.9733333333333334,
                        "CWE-89": 0.9872340425531915,
                        "CWE-90": 0.9807692307692307,
                        "CWE-327": 0.43190661478599224,
                        "CWE-328": 1.0,
                        "CWE-330": 0.990990990990991,
                        "CWE-501": 0.0,
                        "CWE-614": 0.7058823529411765,
                        "CWE-643": 1.0
                    },
                    "Recall": {
                        "CWE-22": 0.7985074626865671,
                        "CWE-78": 0.9163346613545816,
                        "CWE-79": 0.48131868131868133,
                        "CWE-89": 0.9206349206349206,
                        "CWE-90": 0.864406779661017,
                        "CWE-327": 0.45121951219512196,
                        "CWE-328": 0.012711864406779662,
                        "CWE-330": 0.2231237322515213,
                        "CWE-501": 0.0,
                        "CWE-614": 0.1791044776119403,
                        "CWE-643": 0.4
                    },
                    "F1-Score": {
                        "CWE-22": 0.8861283643892339,
                        "CWE-78": 0.9563409563409564,
                        "CWE-79": 0.6441176470588236,
                        "CWE-89": 0.9527720739219713,
                        "CWE-90": 0.918918918918919,
                        "CWE-327": 0.441351888667992,
                        "CWE-328": 0.02510460251046025,
                        "CWE-330": 0.36423841059602646,
                        "CWE-501": 0.0,
                        "CWE-614": 0.2857142857142857,
                        "CWE-643": 0.5714285714285714
                    }
                },
                "Macro Precision": 0.824133218416656,
                "Macro Recall": 0.47703291746555737,
                "Macro F1-Score": 0.5496468835952036,
                "Weighted Precision": 0.8865522629722352,
                "Weighted Recall": 0.5211678832116788,
                "Weighted F1-Score": 0.5978906923189936,
                "MCC": 0.544704501817071,
                "Cohen Kappa": 0.8751271244231325,
                "Confusion Matrix": [
                    [
                        214,
                        0,
                        0,
                        0,
                        0,
                        0,
                        0,
                        0,
                        0,
                        0,
                        0
                    ],
                    [
                        0,
                        230,
                        0,
                        0,
                        0,
                        0,
                        0,
                        0,
                        0,
                        0,
                        0
                    ],
                    [
                        0,
                        0,
                        219,
                        3,
                        1,
                        0,
                        0,
                        0,
                        0,
                        0,
                        0
                    ],
                    [
                        0,
                        0,
                        0,
                        464,
                        0,
                        0,
                        0,
                        0,
                        0,
                        0,
                        0
                    ],
                    [
                        0,
                        0,
                        0,
                        0,
                        51,
                        0,
                        0,
                        0,
                        0,
                        0,
                        0
                    ],
                    [
                        0,
                        0,
                        0,
                        0,
                        0,
                        111,
                        0,
                        1,
                        0,
                        0,
                        0
                    ],
                    [
                        0,
                        0,
                        0,
                        0,
                        0,
                        65,
                        3,
                        0,
                        0,
                        0,
                        0
                    ],
                    [
                        0,
                        0,
                        6,
                        3,
                        0,
                        81,
                        0,
                        110,
                        0,
                        4,
                        0
                    ],
                    [
                        1,
                        0,
                        0,
                        0,
                        0,
                        0,
                        0,
                        0,
                        0,
                        1,
                        0
                    ],
                    [
                        0,
                        0,
                        0,
                        0,
                        0,
                        0,
                        0,
                        0,
                        0,
                        12,
                        0
                    ],
                    [
                        0,
                        0,
                        0,
                        0,
                        0,
                        0,
                        0,
                        0,
                        0,
                        0,
                        14
                    ]
                ]
            },
            "Using Predicted Vulnerability Name": {
                "Per Class Metrics": {
                    "Accuracy": {
                        "CWE-22": 0.9886861313868613,