{
    "qwen2:7b": {
        "Dataset": "owasp",
        "Prompt Type": "vulnerability_specific",
        "Vulnerability Metrics": {
            "Accuracy": 0.5211678832116788,
            "Precision": 0.5944954128440367,
            "Recall": 0.22897526501766785,
            "F1-Score": 0.3306122448979592,
            "Youden Index": 0.06218281218747901,
            "ROC-AUC Score": 0.5310914060937396,
            "FPR": 0.16679245283018868,
            "FNR": 0.7710247349823321,
            "Specificity": 0.8332075471698113,
            "NPV": 0.5029612756264237,
            "FDR": 0.4055045871559633,
            "MCC": 0.07784684293901908,
            "Confusion Matrix": [
                [
                    1104,
                    221
                ],
                [
                    1091,
                    324
                ]
            ]
        },
        "Vulnerability Type Metrics": {
            "Using Predicted CWE": {
                "Per Class Metrics": {
                    "Accuracy": {
                        "CWE-22": 0.8934306569343066,
                        "CWE-78": 0.9029197080291971,
                        "CWE-79": 0.8335766423357664,
                        "CWE-89": 0.8364963503649635,
                        "CWE-90": 0.9766423357664233,
                        "CWE-327": 0.9098540145985401,
                        "CWE-328": 0.9120437956204379,
                        "CWE-330": 0.82007299270073,
                        "CWE-501": 0.9536496350364964,
                        "CWE-614": 0.9755474452554744,
                        "CWE-643": 0.9872262773722628
                    },
                    "Precision": {
                        "CWE-22": 0.4340659340659341,
                        "CWE-78": 0.3770491803278688,
                        "CWE-79": 0.0,
                        "CWE-89": 1.0,
                        "CWE-90": 0.0,
                        "CWE-327": 0.0,
                        "CWE-328": 0.0,
                        "CWE-330": 0.0,
                        "CWE-501": 0.0,
                        "CWE-614": 0.0,
                        "CWE-643": 0.0
                    },
                    "Recall": {
                        "CWE-22": 0.2947761194029851,
                        "CWE-78": 0.09163346613545817,
                        "CWE-79": 0.0,
                        "CWE-89": 0.1111111111111111,
                        "CWE-90": 0.0,
                        "CWE-327": 0.0,
                        "CWE-328": 0.0,
                        "CWE-330": 0.0,
                        "CWE-501": 0.0,
                        "CWE-614": 0.0,
                        "CWE-643": 0.0
                    },
                    "F1-Score": {
                        "CWE-22": 0.3511111111111111,
                        "CWE-78": 0.14743589743589744,
                        "CWE-79": 0.0,
                        "CWE-89": 0.2,
                        "CWE-90": 0.0,
                        "CWE-327": 0.0,
                        "CWE-328": 0.0,
                        "CWE-330": 0.0,
                        "CWE-501": 0.0,
                        "CWE-614": 0.0,
                        "CWE-643": 0.0
                    }
                },
                "Macro Precision": 0.16464682858125482,
                "Macro Recall": 0.04522915424086858,
                "Macro F1-Score": 0.0635042735042735,
                "Weighted Precision": 0.2609375965664107,
                "Weighted Recall": 0.05766423357664233,
                "Weighted F1-Score": 0.08463656497598104,
                "MCC": 0.1055994781727414,
                "Cohen Kappa": 0.33809064609450334,
                "Confusion Matrix": [
                    [
                        79,
                        0,
                        0,
                        0,
                        0,
                        0,
                        0,
                        0,
                        0,
                        0,
                        0
                    ],
                    [
                        39,
                        23,
                        0,
                        0,
                        0,
                        0,
                        0,
                        0,
                        0,
                        0,
                        0
                    ],
                    [
                        5,
                        6,
                        0,
                        0,
                        0,
                        0,
                        0,
                        0,
                        0,
                        0,
                        0
                    ],
                    [
                        35,
                        23,
                        1,
                        56,
                        0,
                        0,
                        0,
                        0,
                        0,
                        0,
                        0
                    ],
                    [
                        0,
                        6,
                        0,
                        0,
                        0,
                        0,
                        0,
                        0,
                        0,
                        0,
                        0
                    ],
                    [
                        4,
                        0,
                        0,
                        0,
                        3,
                        0,
                        1,
                        0,
                        0,
                        0,
                        0
                    ],
                    [
                        15,
                        3,
                        0,
                        0,
                        2,
                        0,
                        0,
                        0,
                        1,
                        0,
                        0
                    ],
                    [
                        0,
                        0,
                        0,
                        0,
                        0,
                        1,
                        4,
                        0,
                        0,
                        0,
                        0
                    ],
                    [
                        0,
                        0,
                        0,
                        0,
                        0,
                        0,
                        0,
                        0,
                        0,
                        0,
                        0
                    ],
                    [
                        3,
                        0,
                        0,
                        0,
                        0,
                        0,
                        0,
                        0,
                        0,
                        0,
                        0
                    ],
                    [
                        2,
                        0,
                        0,
                        0,
                        0,
                        0,
                        0,
                        0,
                        0,
                        0,
                        0
                    ]
                ]
            },
            "Using Predicted Vulnerability Name": {
                "Per Class Metrics": {
                    "Accuracy": {
                        "CWE-22": 0.852919708029197,
                        "CWE-78": 0.9007299270072993,
                        "CWE-79": 0.8335766423357664,
                        "CWE-89": 0.8364963503649635,
                        "CWE-90": 0.9766423357664233,
                        "CWE-327": 0.9098540145985401,