{
    "qwen2:7b": {
        "Dataset": "owasp",
        "Prompt Type": "simple",
        "Vulnerability Metrics": {
            "Accuracy": 0.5164233576642335,
            "Precision": 0.5529411764705883,
            "Recall": 0.3321554770318021,
            "F1-Score": 0.41501103752759383,
            "Youden Index": 0.04536302420161342,
            "ROC-AUC Score": 0.5226815121008067,
            "FPR": 0.28679245283018867,
            "FNR": 0.6678445229681979,
            "Specificity": 0.7132075471698113,
            "NPV": 0.5,
            "FDR": 0.4470588235294118,
            "MCC": 0.049005835055605185,
            "Confusion Matrix": [
                [
                    945,
                    380
                ],
                [
                    945,
                    470
                ]
            ]
        },
        "Vulnerability Type Metrics": {
            "Using Predicted CWE": {
                "Per Class Metrics": {
                    "Accuracy": {
                        "CWE-22": 0.9021897810218978,
                        "CWE-78": 0.9116788321167884,
                        "CWE-79": 0.8332116788321168,
                        "CWE-89": 0.8160583941605839,
                        "CWE-90": 0.9781021897810219,
                        "CWE-327": 0.9102189781021898,
                        "CWE-328": 0.9138686131386862,
                        "CWE-330": 0.82007299270073,
                        "CWE-501": 0.954014598540146,
                        "CWE-614": 0.9755474452554744,
                        "CWE-643": 0.9872262773722628
                    },
                    "Precision": {
                        "CWE-22": 0.0,
                        "CWE-78": 1.0,
                        "CWE-79": 0.0,
                        "CWE-89": 0.0,
                        "CWE-90": 0.0,
                        "CWE-327": 0.0,
                        "CWE-328": 0.0,
                        "CWE-330": 0.0,
                        "CWE-501": 0.0,
                        "CWE-614": 0.0,
                        "CWE-643": 0.0
                    },
                    "Recall": {
                        "CWE-22": 0.0,
                        "CWE-78": 0.035856573705179286,
                        "CWE-79": 0.0,
                        "CWE-89": 0.0,
                        "CWE-90": 0.0,
                        "CWE-327": 0.0,
                        "CWE-328": 0.0,
                        "CWE-330": 0.0,
                        "CWE-501": 0.0,
                        "CWE-614": 0.0,
                        "CWE-643": 0.0
                    },
                    "F1-Score": {
                        "CWE-22": 0.0,
                        "CWE-78": 0.06923076923076923,
                        "CWE-79": 0.0,
                        "CWE-89": 0.0,
                        "CWE-90": 0.0,
                        "CWE-327": 0.0,
                        "CWE-328": 0.0,
                        "CWE-330": 0.0,
                        "CWE-501": 0.0,
                        "CWE-614": 0.0,
                        "CWE-643": 0.0
                    }
                },
                "Macro Precision": 0.09090909090909091,
                "Macro Recall": 0.0032596885186526622,
                "Macro F1-Score": 0.006293706293706294,
                "Weighted Precision": 0.09160583941605839,
                "Weighted Recall": 0.0032846715328467154,
                "Weighted F1-Score": 0.006341942728804043,
                "MCC": 0.032769697811532134,
                "Cohen Kappa": 0.0,
                "Confusion Matrix": [
                    [
                        0,
                        0,
                        0,
                        0,
                        0,
                        0,
                        0,
                        0,
                        0,
                        0,
                        0
                    ],
                    [
                        0,
                        9,
                        2,
                        0,
                        1,
                        0,
                        0,
                        0,
                        0,
                        0,
                        0
                    ],
                    [
                        0,
                        0,
                        0,
                        0,
                        0,
                        0,
                        0,
                        0,
                        0,
                        0,
                        0
                    ],
                    [
                        0,
                        0,
                        0,
                        0,
                        0,
                        0,
                        0,
                        0,
                        0,
                        0,
                        0
                    ],
                    [
                        0,
                        0,
                        0,
                        0,
                        0,
                        0,
                        0,
                        0,
                        0,
                        0,
                        0
                    ],
                    [
                        0,
                        0,
                        0,
                        0,
                        0,
                        0,
                        0,
                        0,
                        0,
                        0,
                        0
                    ],
                    [
                        0,
                        0,
                        0,
                        0,
                        0,
                        0,
                        0,
                        0,
                        0,
                        0,
                        0
                    ],
                    [
                        0,
                        0,
                        0,
                        0,
                        0,
                        0,
                        0,
                        0,
                        0,
                        0,
                        0
                    ],
                    [
                        0,
                        0,
                        0,
                        0,
                        0,
                        0,
                        0,
                        0,
                        0,
                        0,
                        0
                    ],
                    [
                        0,
                        0,
                        0,
                        0,
                        0,
                        0,
                        0,
                        0,
                        0,
                        0,
                        0
                    ],
                    [
                        0,
                        0,
                        0,
                        0,
                        0,
                        0,
                        0,
                        0,
                        0,
                        0,
                        0
                    ]
                ]
            },
            "Using Predicted Vulnerability Name": {
                "Per Class Metrics": {
                    "Accuracy": {
                        "CWE-22": 0.92007299270073,
                        "CWE-78": 0.9412408759124088,
                        "CWE-79": 0.833941605839416,
                        "CWE-89": 0.9386861313868613,
                        "CWE-90": 0.9883211678832117,
                        "CWE-327": 0.9102189781021898,
                        "CWE-328": 0.9138686131386862,
                        "CWE-330": 0.82007299270073,
                        "CWE-501": 0.954014598540146,