{
    "qwen2:7b": {
        "Dataset": "owasp",
        "Prompt Type": "chain_of_thought",
        "Vulnerability Metrics": {
            "Accuracy": 0.5094890510948905,
            "Precision": 0.6112852664576802,
            "Recall": 0.13780918727915195,
            "F1-Score": 0.22491349480968859,
            "Youden Index": 0.044224281618774564,
            "ROC-AUC Score": 0.5221121408093873,
            "FPR": 0.09358490566037736,
            "FNR": 0.8621908127208481,
            "Specificity": 0.9064150943396226,
            "NPV": 0.49607600165220983,
            "FDR": 0.3887147335423197,
            "MCC": 0.06890555097987783,
            "Confusion Matrix": [
                [
                    1201,
                    124
                ],
                [
                    1220,
                    195
                ]
            ]
        },
        "Vulnerability Type Metrics": {
            "Using Predicted CWE": {
                "Per Class Metrics": {
                    "Accuracy": {
                        "CWE-22": 0.9047445255474452,
                        "CWE-78": 0.910948905109489,
                        "CWE-79": 0.833941605839416,
                        "CWE-89": 0.8178832116788322,
                        "CWE-90": 0.9784671532846715,
                        "CWE-327": 0.9102189781021898,
                        "CWE-328": 0.9138686131386862,
                        "CWE-330": 0.82007299270073,
                        "CWE-501": 0.954014598540146,
                        "CWE-614": 0.9755474452554744,
                        "CWE-643": 0.9751824817518249
                    },
                    "Precision": {
                        "CWE-22": 1.0,
                        "CWE-78": 1.0,
                        "CWE-79": 0.0,
                        "CWE-89": 1.0,
                        "CWE-90": 0.0,
                        "CWE-327": 0.0,
                        "CWE-328": 0.0,
                        "CWE-330": 0.0,
                        "CWE-501": 0.0,
                        "CWE-614": 0.0,
                        "CWE-643": 0.0
                    },
                    "Recall": {
                        "CWE-22": 0.026119402985074626,
                        "CWE-78": 0.027888446215139442,
                        "CWE-79": 0.0,
                        "CWE-89": 0.00992063492063492,
                        "CWE-90": 0.0,
                        "CWE-327": 0.0,
                        "CWE-328": 0.0,
                        "CWE-330": 0.0,
                        "CWE-501": 0.0,
                        "CWE-614": 0.0,
                        "CWE-643": 0.0
                    },
                    "F1-Score": {
                        "CWE-22": 0.05090909090909091,
                        "CWE-78": 0.05426356589147287,
                        "CWE-79": 0.0,
                        "CWE-89": 0.019646365422396856,
                        "CWE-90": 0.0,
                        "CWE-327": 0.0,
                        "CWE-328": 0.0,
                        "CWE-330": 0.0,
                        "CWE-501": 0.0,
                        "CWE-614": 0.0,
                        "CWE-643": 0.0
                    }
                },
                "Macro Precision": 0.2727272727272727,
                "Macro Recall": 0.005811680374622635,
                "Macro F1-Score": 0.011347183838450967,
                "Weighted Precision": 0.37335766423357664,
                "Weighted Recall": 0.006934306569343066,
                "Weighted F1-Score": 0.013564072837694913,
                "MCC": 0.033041146603983204,
                "Cohen Kappa": 0.33333333333333337,
                "Confusion Matrix": [
                    [
                        7,
                        0,
                        0,
                        0,
                        0,
                        0,
                        0,
                        0,
                        0,
                        0,
                        1
                    ],
                    [
                        0,
                        7,
                        0,
                        0,
                        0,
                        0,
                        0,
                        0,
                        0,
                        0,
                        0
                    ],
                    [
                        0,
                        0,
                        0,
                        0,
                        0,
                        0,
                        0,
                        0,
                        0,
                        0,
                        24
                    ],
                    [
                        0,
                        0,
                        0,
                        5,
                        0,
                        0,
                        0,
                        0,
                        0,
                        0,
                        0
                    ],
                    [
                        0,
                        0,
                        0,
                        0,
                        0,
                        0,
                        0,
                        0,
                        0,
                        0,
                        0
                    ],
                    [
                        0,
                        0,
                        0,
                        0,
                        0,
                        0,
                        0,
                        0,
                        0,
                        0,
                        2
                    ],
                    [
                        0,
                        0,
                        0,
                        0,
                        0,
                        0,
                        0,
                        0,
                        0,
                        0,
                        1
                    ],
                    [
                        0,
                        0,
                        0,
                        0,
                        0,
                        0,
                        0,
                        0,
                        0,
                        0,
                        3
                    ],
                    [
                        0,
                        0,
                        0,
                        0,
                        0,
                        0,
                        0,
                        0,
                        0,
                        0,
                        2
                    ],
                    [
                        0,
                        0,
                        0,
                        0,
                        0,
                        0,
                        0,
                        0,
                        0,
                        0,
                        0
                    ],
                    [
                        0,
                        0,
                        0,
                        0,
                        0,
                        0,
                        0,
                        0,
                        0,
                        0,
                        0
                    ]
                ]
            },
            "Using Predicted Vulnerability Name": {
                "Per Class Metrics": {
                    "Accuracy": {
                        "CWE-22": 0.9058394160583941,
                        "CWE-78": 0.9354014598540146,
                        "CWE-79": 0.833941605839416,
                        "CWE-89": 0.8737226277372263,
                        "CWE-90": 0.9784671532846715,
                        "CWE-327": 0.9102189781021898,
                        "CWE-328": 0.9138686131386862,