{
    "qwen2:7b": {
        "Dataset": "owasp",
        "Prompt Type": "few_shot",
        "Vulnerability Metrics": {
            "Accuracy": 0.5218978102189781,
            "Precision": 0.5195822454308094,
            "Recall": 0.984452296819788,
            "F1-Score": 0.68017578125,
            "Youden Index": 0.012376825121674706,
            "ROC-AUC Score": 0.5061884125608374,
            "FPR": 0.9720754716981133,
            "FNR": 0.015547703180212015,
            "Specificity": 0.027924528301886794,
            "NPV": 0.6271186440677966,
            "FDR": 0.4804177545691906,
            "MCC": 0.042610928815485616,
            "Confusion Matrix": [
                [
                    37,
                    1288
                ],
                [
                    22,
                    1393
                ]
            ]
        },
        "Vulnerability Type Metrics": {
            "Using Predicted CWE": {
                "Per Class Metrics": {
                    "Accuracy": {
                        "CWE-22": 0.9726277372262774,
                        "CWE-78": 0.987956204379562,
                        "CWE-79": 0.8762773722627737,
                        "CWE-89": 0.9989051094890511,
                        "CWE-90": 0.9784671532846715,
                        "CWE-327": 0.9536496350364964,
                        "CWE-328": 0.9138686131386862,
                        "CWE-330": 0.82007299270073,
                        "CWE-501": 0.954014598540146,
                        "CWE-614": 0.9755474452554744,
                        "CWE-643": 0.9708029197080292
                    },
                    "Precision": {
                        "CWE-22": 0.9948717948717949,
                        "CWE-78": 0.916030534351145,
                        "CWE-79": 0.8717948717948718,
                        "CWE-89": 0.996039603960396,
                        "CWE-90": 0.0,
                        "CWE-327": 0.8993288590604027,
                        "CWE-328": 0.0,
                        "CWE-330": 0.0,
                        "CWE-501": 0.0,
                        "CWE-614": 0.0,
                        "CWE-643": 0.0
                    },
                    "Recall": {
                        "CWE-22": 0.7238805970149254,
                        "CWE-78": 0.9561752988047809,
                        "CWE-79": 0.2989010989010989,
                        "CWE-89": 0.998015873015873,
                        "CWE-90": 0.0,
                        "CWE-327": 0.5447154471544715,
                        "CWE-328": 0.0,
                        "CWE-330": 0.0,
                        "CWE-501": 0.0,
                        "CWE-614": 0.0,
                        "CWE-643": 0.0
                    },
                    "F1-Score": {
                        "CWE-22": 0.838012958963283,
                        "CWE-78": 0.935672514619883,
                        "CWE-79": 0.4451718494271686,
                        "CWE-89": 0.9970267591674926,
                        "CWE-90": 0.0,
                        "CWE-327": 0.6784810126582278,
                        "CWE-328": 0.0,
                        "CWE-330": 0.0,
                        "CWE-501": 0.0,
                        "CWE-614": 0.0,
                        "CWE-643": 0.0
                    }
                },
                "Macro Precision": 0.42527869673078283,
                "Macro Recall": 0.3201534831719227,
                "Macro F1-Score": 0.3540331904396414,
                "Weighted Precision": 0.5899470188099795,
                "Weighted Recall": 0.4405109489051095,
                "Weighted F1-Score": 0.48591324138520164,
                "MCC": 0.49172007239119536,
                "Cohen Kappa": 0.8952352415992748,
                "Confusion Matrix": [
                    [
                        194,
                        20,
                        0,
                        0,
                        0,
                        0,
                        0,
                        0,
                        0,
                        0,
                        1
                    ],
                    [
                        0,
                        240,
                        0,
                        0,
                        0,
                        0,
                        0,
                        0,
                        0,
                        0,
                        0
                    ],
                    [
                        0,
                        1,
                        136,
                        0,
                        0,
                        0,
                        0,
                        0,
                        0,
                        0,
                        40
                    ],
                    [
                        0,
                        0,
                        0,
                        503,
                        0,
                        0,
                        0,
                        0,
                        0,
                        0,
                        0
                    ],
                    [
                        0,
                        0,
                        0,
                        0,
                        0,
                        0,
                        0,
                        0,
                        0,
                        0,
                        0
                    ],
                    [
                        0,
                        0,
                        0,
                        0,
                        0,
                        134,
                        0,
                        0,
                        0,
                        0,
                        0
                    ],
                    [
                        0,
                        0,
                        0,
                        2,
                        0,
                        2,
                        0,
                        0,
                        0,
                        0,
                        1
                    ],
                    [
                        0,
                        0,
                        0,
                        0,
                        0,
                        12,
                        0,
                        0,
                        0,
                        0,
                        3
                    ],
                    [
                        1,
                        1,
                        20,
                        0,
                        0,
                        0,
                        0,
                        0,
                        0,
                        0,
                        0
                    ],
                    [
                        0,
                        0,
                        0,
                        0,
                        0,
                        1,
                        0,
                        0,
                        0,
                        0,
                        0
                    ],
                    [
                        0,
                        0,
                        0,
                        0,
                        0,
                        0,
                        0,
                        0,
                        0,
                        0,
                        0
                    ]
                ]
            },
            "Using Predicted Vulnerability Name": {
                "Per Class Metrics": {
                    "Accuracy": {
                        "CWE-22": 0.9697080291970803,
                        "CWE-78": 0.9266423357664234,
                        "CWE-79": 0.852919708029197,
                        "CWE-89": 0.9678832116788321,
                        "CWE-90": 0.9817518248175182,