{
    "phi3:14b": {
        "Dataset": "owasp",
        "Prompt Type": "simple",
        "Vulnerability Metrics": {
            "Accuracy": 0.5448905109489051,
            "Precision": 0.5334928229665071,
            "Recall": 0.945583038869258,
            "F1-Score": 0.6821310221769055,
            "Youden Index": 0.06256417094472977,
            "ROC-AUC Score": 0.5312820854723649,
            "FPR": 0.8830188679245283,
            "FNR": 0.05441696113074205,
            "Specificity": 0.1169811320754717,
            "NPV": 0.6681034482758621,
            "FDR": 0.4665071770334928,
            "MCC": 0.11230629357176594,
            "Confusion Matrix": [
                [
                    155,
                    1170
                ],
                [
                    77,
                    1338
                ]
            ]
        },
        "Vulnerability Type Metrics": {
            "Using Predicted CWE": {
                "Per Class Metrics": {
                    "Accuracy": {
                        "CWE-22": 0.8875912408759125,
                        "CWE-78": 0.9259124087591241,
                        "CWE-79": 0.8350364963503649,
                        "CWE-89": 0.8656934306569343,
                        "CWE-90": 0.9784671532846715,
                        "CWE-327": 0.908029197080292,
                        "CWE-328": 0.9138686131386862,
                        "CWE-330": 0.82007299270073,
                        "CWE-501": 0.954014598540146,
                        "CWE-614": 0.9755474452554744,
                        "CWE-643": 0.9872262773722628
                    },
                    "Precision": {
                        "CWE-22": 0.023809523809523808,
                        "CWE-78": 0.9137931034482759,
                        "CWE-79": 0.8,
                        "CWE-89": 0.9594594594594594,
                        "CWE-90": 0.0,
                        "CWE-327": 0.2,
                        "CWE-328": 0.0,
                        "CWE-330": 0.0,
                        "CWE-501": 0.0,
                        "CWE-614": 0.0,
                        "CWE-643": 0.0
                    },
                    "Recall": {
                        "CWE-22": 0.0037313432835820895,
                        "CWE-78": 0.21115537848605578,
                        "CWE-79": 0.008791208791208791,
                        "CWE-89": 0.28174603174603174,
                        "CWE-90": 0.0,
                        "CWE-327": 0.008130081300813009,
                        "CWE-328": 0.0,
                        "CWE-330": 0.0,
                        "CWE-501": 0.0,
                        "CWE-614": 0.0,
                        "CWE-643": 0.0
                    },
                    "F1-Score": {
                        "CWE-22": 0.0064516129032258064,
                        "CWE-78": 0.343042071197411,
                        "CWE-79": 0.017391304347826087,
                        "CWE-89": 0.43558282208588955,
                        "CWE-90": 0.0,
                        "CWE-327": 0.015625,
                        "CWE-328": 0.0,
                        "CWE-330": 0.0,
                        "CWE-501": 0.0,
                        "CWE-614": 0.0,
                        "CWE-643": 0.0
                    }
                },
                "Macro Precision": 0.26336928061065995,
                "Macro Recall": 0.046686731237062865,
                "Macro F1-Score": 0.07437207368494113,
                "Weighted Precision": 0.41332503245037855,
                "Weighted Recall": 0.07372262773722628,
                "Weighted F1-Score": 0.11646829486794301,
                "MCC": 0.15131747352895292,
                "Cohen Kappa": 0.6219394367856722,
                "Confusion Matrix": [
                    [
                        1,
                        0,
                        0,
                        0,
                        0,
                        0,
                        0,
                        0,
                        0,
                        0,
                        0
                    ],
                    [
                        38,
                        53,
                        0,
                        6,
                        0,
                        0,
                        0,
                        0,
                        0,
                        0,
                        0
                    ],
                    [
                        0,
                        2,
                        4,
                        0,
                        0,
                        0,
                        0,
                        0,
                        0,
                        0,
                        0
                    ],
                    [
                        0,
                        0,
                        0,
                        142,
                        0,
                        0,
                        0,
                        0,
                        0,
                        0,
                        0
                    ],
                    [
                        0,
                        0,
                        1,
                        0,
                        0,
                        0,
                        0,
                        0,
                        0,
                        0,
                        0
                    ],
                    [
                        0,
                        0,
                        0,
                        0,
                        0,
                        2,
                        0,
                        0,
                        0,
                        0,
                        0
                    ],
                    [
                        1,
                        0,
                        0,
                        0,
                        0,
                        0,
                        0,
                        0,
                        0,
                        0,
                        0
                    ],
                    [
                        2,
                        0,
                        0,
                        0,
                        0,
                        8,
                        0,
                        0,
                        0,
                        0,
                        0
                    ],
                    [
                        0,
                        3,
                        0,
                        0,
                        0,
                        0,
                        0,
                        0,
                        0,
                        0,
                        0
                    ],
                    [
                        0,
                        0,
                        0,
                        0,
                        0,
                        0,
                        0,
                        0,
                        0,
                        0,
                        0
                    ],
                    [
                        0,
                        0,
                        0,
                        0,
                        0,
                        0,
                        0,
                        0,
                        0,
                        0,
                        0
                    ]
                ]
            },
            "Using Predicted Vulnerability Name": {
                "Per Class Metrics": {
                    "Accuracy": {
                        "CWE-22": 0.9036496350364963,
                        "CWE-78": 0.916058394160584,
                        "CWE-79": 0.8558394160583942,
                        "CWE-89": 0.8664233576642336,
                        "CWE-90": 0.9784671532846715,