{
    "phi3:14b": {
        "Dataset": "owasp",
        "Prompt Type": "few_shot",
        "Vulnerability Metrics": {
            "Accuracy": 0.5872262773722627,
            "Precision": 0.5744234800838575,
            "Recall": 0.7745583038869258,
            "F1-Score": 0.6596448991874811,
            "Youden Index": 0.1617281152076806,
            "ROC-AUC Score": 0.5808640576038402,
            "FPR": 0.6128301886792453,
            "FNR": 0.2254416961130742,
            "Specificity": 0.38716981132075473,
            "NPV": 0.6165865384615384,
            "FDR": 0.42557651991614254,
            "MCC": 0.17576032056505525,
            "Confusion Matrix": [
                [
                    513,
                    812
                ],
                [
                    319,
                    1096
                ]
            ]
        },
        "Vulnerability Type Metrics": {
            "Using Predicted CWE": {
                "Per Class Metrics": {
                    "Accuracy": {
                        "CWE-22": 0.8996350364963503,
                        "CWE-78": 0.9178832116788321,
                        "CWE-79": 0.8346715328467154,
                        "CWE-89": 0.9474452554744526,
                        "CWE-90": 0.9784671532846715,
                        "CWE-327": 0.9094890510948905,
                        "CWE-328": 0.9138686131386862,
                        "CWE-330": 0.82007299270073,
                        "CWE-501": 0.954014598540146,
                        "CWE-614": 0.9755474452554744,
                        "CWE-643": 0.9872262773722628
                    },
                    "Precision": {
                        "CWE-22": 0.0,
                        "CWE-78": 1.0,
                        "CWE-79": 1.0,
                        "CWE-89": 0.9812834224598931,
                        "CWE-90": 0.0,
                        "CWE-327": 0.0,
                        "CWE-328": 0.0,
                        "CWE-330": 0.0,
                        "CWE-501": 0.0,
                        "CWE-614": 0.0,
                        "CWE-643": 0.0
                    },
                    "Recall": {
                        "CWE-22": 0.0,
                        "CWE-78": 0.10358565737051793,
                        "CWE-79": 0.004395604395604396,
                        "CWE-89": 0.7281746031746031,
                        "CWE-90": 0.0,
                        "CWE-327": 0.0,
                        "CWE-328": 0.0,
                        "CWE-330": 0.0,
                        "CWE-501": 0.0,
                        "CWE-614": 0.0,
                        "CWE-643": 0.0
                    },
                    "F1-Score": {
                        "CWE-22": 0.0,
                        "CWE-78": 0.18772563176895307,
                        "CWE-79": 0.0087527352297593,
                        "CWE-89": 0.835990888382688,
                        "CWE-90": 0.0,
                        "CWE-327": 0.0,
                        "CWE-328": 0.0,
                        "CWE-330": 0.0,
                        "CWE-501": 0.0,
                        "CWE-614": 0.0,
                        "CWE-643": 0.0
                    }
                },
                "Macro Precision": 0.2710257656781721,
                "Macro Recall": 0.07601416954006596,
                "Macro F1-Score": 0.09386084139830912,
                "Weighted Precision": 0.43816308208751314,
                "Weighted Recall": 0.14416058394160583,
                "Weighted F1-Score": 0.17242373571110306,
                "MCC": 0.24824106517706426,
                "Cohen Kappa": 0.7863200649878148,
                "Confusion Matrix": [
                    [
                        0,
                        0,
                        0,
                        0,
                        0,
                        0,
                        0,
                        0,
                        0,
                        0,
                        0
                    ],
                    [
                        7,
                        26,
                        0,
                        1,
                        0,
                        0,
                        0,
                        0,
                        0,
                        0,
                        0
                    ],
                    [
                        0,
                        0,
                        2,
                        0,
                        0,
                        0,
                        0,
                        0,
                        0,
                        0,
                        0
                    ],
                    [
                        0,
                        0,
                        0,
                        367,
                        0,
                        0,
                        0,
                        0,
                        0,
                        0,
                        0
                    ],
                    [
                        0,
                        0,
                        0,
                        0,
                        0,
                        0,
                        0,
                        0,
                        0,
                        0,
                        0
                    ],
                    [
                        0,
                        0,
                        0,
                        0,
                        0,
                        0,
                        0,
                        0,
                        0,
                        0,
                        0
                    ],
                    [
                        0,
                        0,
                        0,
                        0,
                        0,
                        1,
                        0,
                        0,
                        0,
                        0,
                        0
                    ],
                    [
                        0,
                        0,
                        0,
                        1,
                        0,
                        0,
                        0,
                        0,
                        0,
                        0,
                        0
                    ],
                    [
                        0,
                        0,
                        0,
                        4,
                        0,
                        1,
                        0,
                        0,
                        0,
                        0,
                        0
                    ],
                    [
                        0,
                        0,
                        0,
                        1,
                        0,
                        0,
                        0,
                        0,
                        0,
                        0,
                        0
                    ],
                    [
                        0,
                        0,
                        0,
                        0,
                        0,
                        0,
                        0,
                        0,
                        0,
                        0,
                        0
                    ]
                ]
            },
            "Using Predicted Vulnerability Name": {
                "Per Class Metrics": {
                    "Accuracy": {
                        "CWE-22": 0.9536496350364964,
                        "CWE-78": 0.9755474452554744,
                        "CWE-79": 0.833941605839416,
                        "CWE-89": 0.948905109489051,
                        "CWE-90": 0.9791970802919708,
                        "CWE-327": 0.9102189781021898,
                        "CWE-328": 0.9138686131386862,