{
    "phi3:14b": {
        "Dataset": "owasp",
        "Prompt Type": "vulnerability_specific",
        "Vulnerability Metrics": {
            "Accuracy": 0.5704379562043795,
            "Precision": 0.5540909090909091,
            "Recall": 0.8614840989399293,
            "F1-Score": 0.6744121715076072,
            "Youden Index": 0.12110674044936331,
            "ROC-AUC Score": 0.5605533702246817,
            "FPR": 0.7403773584905661,
            "FNR": 0.13851590106007067,
            "Specificity": 0.259622641509434,
            "NPV": 0.6370370370370371,
            "FDR": 0.4459090909090909,
            "MCC": 0.1521409956728858,
            "Confusion Matrix": [
                [
                    344,
                    981
                ],
                [
                    196,
                    1219
                ]
            ]
        },
        "Vulnerability Type Metrics": {
            "Using Predicted CWE": {
                "Per Class Metrics": {
                    "Accuracy": {
                        "CWE-22": 0.9718978102189781,
                        "CWE-78": 0.9985401459854014,
                        "CWE-79": 0.9616788321167883,
                        "CWE-89": 0.9963503649635036,
                        "CWE-90": 0.9948905109489051,
                        "CWE-327": 0.8744525547445255,
                        "CWE-328": 0.8985401459854014,
                        "CWE-330": 0.8324817518248175,
                        "CWE-501": 0.9569343065693431,
                        "CWE-614": 0.9759124087591241,
                        "CWE-643": 0.9817518248175182
                    },
                    "Precision": {
                        "CWE-22": 0.8131147540983606,
                        "CWE-78": 1.0,
                        "CWE-79": 0.972972972972973,
                        "CWE-89": 0.9979838709677419,
                        "CWE-90": 0.9591836734693877,
                        "CWE-327": 0.3532934131736527,
                        "CWE-328": 0.40948275862068967,
                        "CWE-330": 1.0,
                        "CWE-501": 0.5909090909090909,
                        "CWE-614": 1.0,
                        "CWE-643": 0.0
                    },
                    "Recall": {
                        "CWE-22": 0.9253731343283582,
                        "CWE-78": 0.9840637450199203,
                        "CWE-79": 0.7912087912087912,
                        "CWE-89": 0.9821428571428571,
                        "CWE-90": 0.7966101694915254,
                        "CWE-327": 0.4796747967479675,
                        "CWE-328": 0.4025423728813559,
                        "CWE-330": 0.06896551724137931,
                        "CWE-501": 0.20634920634920634,
                        "CWE-614": 0.014925373134328358,
                        "CWE-643": 0.0
                    },
                    "F1-Score": {
                        "CWE-22": 0.8656195462478184,
                        "CWE-78": 0.9919678714859438,
                        "CWE-79": 0.8727272727272727,
                        "CWE-89": 0.99,
                        "CWE-90": 0.8703703703703703,
                        "CWE-327": 0.4068965517241379,
                        "CWE-328": 0.405982905982906,
                        "CWE-330": 0.12903225806451613,
                        "CWE-501": 0.3058823529411765,
                        "CWE-614": 0.029411764705882353,
                        "CWE-643": 0.0
                    }
                },
                "Macro Precision": 0.7360855031101724,
                "Macro Recall": 0.5138050875950627,
                "Macro F1-Score": 0.5334446267500023,
                "Weighted Precision": 0.8354729272384109,
                "Weighted Recall": 0.6098540145985402,
                "Weighted F1-Score": 0.6308050804919492,
                "MCC": 0.5951405449004714,
                "Cohen Kappa": 0.750853404511812,
                "Confusion Matrix": [
                    [
                        248,
                        0,
                        0,
                        0,
                        0,
                        0,
                        0,
                        0,
                        12,
                        0,
                        2
                    ],
                    [
                        0,
                        247,
                        1,
                        0,
                        1,
                        0,
                        0,
                        0,
                        0,
                        0,
                        0
                    ],
                    [
                        1,
                        0,
                        360,
                        0,
                        0,
                        0,
                        3,
                        0,
                        0,
                        0,
                        0
                    ],
                    [
                        0,
                        0,
                        0,
                        495,
                        0,
                        0,
                        0,
                        0,
                        0,
                        0,
                        0
                    ],
                    [
                        1,
                        0,
                        6,
                        0,
                        47,
                        0,
                        0,
                        0,
                        0,
                        0,
                        3
                    ],
                    [
                        30,
                        0,
                        0,
                        0,
                        0,
                        118,
                        1,
                        0,
                        0,
                        0,
                        0
                    ],
                    [
                        17,
                        0,
                        2,
                        1,
                        0,
                        83,
                        95,
                        0,
                        0,
                        0,
                        1
                    ],
                    [
                        1,
                        0,
                        0,
                        0,
                        1,
                        119,
                        113,
                        34,
                        0,
                        0,
                        0
                    ],
                    [
                        4,
                        0,
                        1,
                        0,
                        0,
                        1,
                        0,
                        0,
                        26,
                        0,
                        0
                    ],
                    [
                        3,
                        0,
                        0,
                        0,
                        0,
                        13,
                        0,
                        0,
                        6,
                        1,
                        9
                    ],
                    [
                        0,
                        0,
                        0,
                        0,
                        0,
                        0,
                        20,
                        0,
                        0,
                        0,
                        0
                    ]
                ]
            },
            "Using Predicted Vulnerability Name": {
                "Per Class Metrics": {
                    "Accuracy": {
                        "CWE-22": 0.9832116788321168,