{
    "phi3:14b": {
        "Dataset": "owasp",
        "Prompt Type": "chain_of_thought",
        "Vulnerability Metrics": {
            "Accuracy": 0.5383211678832117,
            "Precision": 0.5300240192153723,
            "Recall": 0.9356890459363958,
            "F1-Score": 0.6767186302070023,
            "Youden Index": 0.04965131008733925,
            "ROC-AUC Score": 0.5248256550436696,
            "FPR": 0.8860377358490567,
            "FNR": 0.06431095406360424,
            "Specificity": 0.11396226415094339,
            "NPV": 0.6239669421487604,
            "FDR": 0.4699759807846277,
            "MCC": 0.08744056823544787,
            "Confusion Matrix": [
                [
                    151,
                    1174
                ],
                [
                    91,
                    1324
                ]
            ]
        },
        "Vulnerability Type Metrics": {
            "Using Predicted CWE": {
                "Per Class Metrics": {
                    "Accuracy": {
                        "CWE-22": 0.8959854014598541,
                        "CWE-78": 0.9135036496350365,
                        "CWE-79": 0.8259124087591241,
                        "CWE-89": 0.8306569343065694,
                        "CWE-90": 0.9784671532846715,
                        "CWE-327": 0.9102189781021898,
                        "CWE-328": 0.9138686131386862,
                        "CWE-330": 0.82007299270073,
                        "CWE-501": 0.954014598540146,
                        "CWE-614": 0.9755474452554744,
                        "CWE-643": 0.9872262773722628
                    },
                    "Precision": {
                        "CWE-22": 0.0,
                        "CWE-78": 0.71875,
                        "CWE-79": 0.19444444444444445,
                        "CWE-89": 0.9761904761904762,
                        "CWE-90": 0.0,
                        "CWE-327": 0.0,
                        "CWE-328": 0.0,
                        "CWE-330": 0.0,
                        "CWE-501": 0.0,
                        "CWE-614": 0.0,
                        "CWE-643": 0.0
                    },
                    "Recall": {
                        "CWE-22": 0.0,
                        "CWE-78": 0.09163346613545817,
                        "CWE-79": 0.015384615384615385,
                        "CWE-89": 0.08134920634920635,
                        "CWE-90": 0.0,
                        "CWE-327": 0.0,
                        "CWE-328": 0.0,
                        "CWE-330": 0.0,
                        "CWE-501": 0.0,
                        "CWE-614": 0.0,
                        "CWE-643": 0.0
                    },
                    "F1-Score": {
                        "CWE-22": 0.0,
                        "CWE-78": 0.1625441696113074,
                        "CWE-79": 0.028513238289205704,
                        "CWE-89": 0.15018315018315018,
                        "CWE-90": 0.0,
                        "CWE-327": 0.0,
                        "CWE-328": 0.0,
                        "CWE-330": 0.0,
                        "CWE-501": 0.0,
                        "CWE-614": 0.0,
                        "CWE-643": 0.0
                    }
                },
                "Macro Precision": 0.1717622655122655,
                "Macro Recall": 0.017124298897207266,
                "Macro F1-Score": 0.03102186891669666,
                "Weighted Precision": 0.2776928730738037,
                "Weighted Recall": 0.025912408759124088,
                "Weighted F1-Score": 0.0472497874767644,
                "MCC": 0.06877171716555554,
                "Cohen Kappa": 0.4513192408578923,
                "Confusion Matrix": [
                    [
                        0,
                        3,
                        0,
                        0,
                        0,
                        0,
                        0,
                        0,
                        0,
                        0,
                        0
                    ],
                    [
                        7,
                        23,
                        0,
                        1,
                        0,
                        0,
                        0,
                        0,
                        0,
                        0,
                        0
                    ],
                    [
                        1,
                        2,
                        7,
                        0,
                        0,
                        0,
                        0,
                        0,
                        0,
                        0,
                        0
                    ],
                    [
                        1,
                        0,
                        0,
                        41,
                        0,
                        0,
                        0,
                        0,
                        0,
                        0,
                        0
                    ],
                    [
                        0,
                        2,
                        2,
                        0,
                        0,
                        0,
                        0,
                        0,
                        0,
                        0,
                        0
                    ],
                    [
                        1,
                        0,
                        0,
                        0,
                        0,
                        0,
                        0,
                        0,
                        0,
                        0,
                        0
                    ],
                    [
                        0,
                        0,
                        1,
                        0,
                        0,
                        0,
                        0,
                        0,
                        0,
                        0,
                        0
                    ],
                    [
                        3,
                        0,
                        14,
                        0,
                        0,
                        0,
                        0,
                        0,
                        0,
                        0,
                        0
                    ],
                    [
                        4,
                        2,
                        12,
                        0,
                        0,
                        0,
                        0,
                        0,
                        0,
                        0,
                        0
                    ],
                    [
                        0,
                        0,
                        0,
                        0,
                        0,
                        0,
                        0,
                        0,
                        0,
                        0,
                        0
                    ],
                    [
                        0,
                        0,
                        0,
                        0,
                        0,
                        0,
                        0,
                        0,
                        0,
                        0,
                        0
                    ]
                ]
            },
            "Using Predicted Vulnerability Name": {
                "Per Class Metrics": {
                    "Accuracy": {
                        "CWE-22": 0.9021897810218978,
                        "CWE-78": 0.9091240875912409,
                        "CWE-79": 0.8427007299270073,
                        "CWE-89": 0.8313868613138686,
                        "CWE-90": 0.9784671532846715,
                        "CWE-327": 0.9102189781021898,