{
    "codegemma:7b-instruct-q4_0": {
        "Dataset": "owasp",
        "Prompt Type": "simple",
        "Vulnerability Metrics": {
            "Accuracy": 0.5948905109489051,
            "Precision": 0.5720358998582901,
            "Recall": 0.8558303886925795,
            "F1-Score": 0.6857304643261608,
            "Youden Index": 0.17205680378691923,
            "ROC-AUC Score": 0.5860284018934596,
            "FPR": 0.6837735849056604,
            "FNR": 0.14416961130742048,
            "Specificity": 0.31622641509433963,
            "NPV": 0.6725521669341894,
            "FDR": 0.42796410014171,
            "MCC": 0.20514151461061095,
            "Confusion Matrix": [
                [
                    419,
                    906
                ],
                [
                    204,
                    1211
                ]
            ]
        },
        "Vulnerability Type Metrics": {
            "Using Predicted CWE": {
                "Per Class Metrics": {
                    "Accuracy": {
                        "CWE-22": 0.9281021897810219,
                        "CWE-78": 0.8295620437956205,
                        "CWE-79": 0.9510948905109489,
                        "CWE-89": 0.9120437956204379,
                        "CWE-90": 0.9784671532846715,
                        "CWE-327": 0.9105839416058394,
                        "CWE-328": 0.9138686131386862,
                        "CWE-330": 0.82007299270073,
                        "CWE-501": 0.954014598540146,
                        "CWE-614": 0.9755474452554744,
                        "CWE-643": 0.9872262773722628
                    },
                    "Precision": {
                        "CWE-22": 0.5839243498817966,
                        "CWE-78": 0.20810810810810812,
                        "CWE-79": 0.8481561822125814,
                        "CWE-89": 1.0,
                        "CWE-90": 0.0,
                        "CWE-327": 0.5102040816326531,
                        "CWE-328": 0.0,
                        "CWE-330": 0.0,
                        "CWE-501": 0.0,
                        "CWE-614": 0.0,
                        "CWE-643": 0.0
                    },
                    "Recall": {
                        "CWE-22": 0.9216417910447762,
                        "CWE-78": 0.30677290836653387,
                        "CWE-79": 0.8593406593406593,
                        "CWE-89": 0.5218253968253969,
                        "CWE-90": 0.0,
                        "CWE-327": 0.1016260162601626,
                        "CWE-328": 0.0,
                        "CWE-330": 0.0,
                        "CWE-501": 0.0,
                        "CWE-614": 0.0,
                        "CWE-643": 0.0
                    },
                    "F1-Score": {
                        "CWE-22": 0.7149059334298119,
                        "CWE-78": 0.24798711755233493,
                        "CWE-79": 0.8537117903930131,
                        "CWE-89": 0.6857887874837028,
                        "CWE-90": 0.0,
                        "CWE-327": 0.1694915254237288,
                        "CWE-328": 0.0,
                        "CWE-330": 0.0,
                        "CWE-501": 0.0,
                        "CWE-614": 0.0,
                        "CWE-643": 0.0
                    }
                },
                "Macro Precision": 0.286399338348649,
                "Macro Recall": 0.2464733428943208,
                "Macro F1-Score": 0.2428986503893265,
                "Weighted Precision": 0.4467693897415378,
                "Weighted Recall": 0.36605839416058394,
                "Weighted F1-Score": 0.375770396145865,
                "MCC": 0.3641359323476728,
                "Cohen Kappa": 0.5578183663827649,
                "Confusion Matrix": [
                    [
                        247,
                        15,
                        0,
                        0,
                        0,
                        0,
                        0,
                        0,
                        0,
                        0,
                        0
                    ],
                    [
                        0,
                        77,
                        0,
                        0,
                        0,
                        0,
                        0,
                        0,
                        0,
                        0,
                        0
                    ],
                    [
                        0,
                        0,
                        391,
                        0,
                        0,
                        0,
                        0,
                        0,
                        0,
                        0,
                        0
                    ],
                    [
                        0,
                        217,
                        15,
                        263,
                        0,
                        0,
                        0,
                        0,
                        0,
                        0,
                        0
                    ],
                    [
                        0,
                        2,
                        0,
                        0,
                        0,
                        0,
                        0,
                        0,
                        0,
                        0,
                        0
                    ],
                    [
                        152,
                        0,
                        1,
                        0,
                        0,
                        25,
                        0,
                        0,
                        0,
                        0,
                        0
                    ],
                    [
                        24,
                        17,
                        4,
                        0,
                        0,
                        0,
                        0,
                        0,
                        0,
                        0,
                        0
                    ],
                    [
                        0,
                        1,
                        6,
                        0,
                        0,
                        24,
                        0,
                        0,
                        0,
                        0,
                        0
                    ],
                    [
                        0,
                        17,
                        29,
                        0,
                        0,
                        0,
                        0,
                        0,
                        0,
                        0,
                        0
                    ],
                    [
                        0,
                        0,
                        11,
                        0,
                        0,
                        0,
                        0,
                        0,
                        0,
                        0,
                        0
                    ],
                    [
                        0,
                        24,
                        4,
                        0,
                        0,
                        0,
                        0,
                        0,
                        0,
                        0,
                        0
                    ]
                ]
            },
            "Using Predicted Vulnerability Name": {
                "Per Class Metrics": {
                    "Accuracy": {
                        "CWE-22": 0.9941605839416059,
                        "CWE-78": 0.9967153284671533,
                        "CWE-79": 0.9383211678832116,
                        "CWE-89": 0.9981751824817519,