{
    "codegemma:7b-instruct-q4_0": {
        "Dataset": "owasp",
        "Prompt Type": "few_shot",
        "Vulnerability Metrics": {
            "Accuracy": 0.5062043795620438,
            "Precision": 0.6867469879518072,
            "Recall": 0.08056537102473499,
            "F1-Score": 0.1442125237191651,
            "Youden Index": 0.04132008800586706,
            "ROC-AUC Score": 0.5206600440029335,
            "FPR": 0.03924528301886793,
            "FNR": 0.9194346289752651,
            "Specificity": 0.9607547169811321,
            "NPV": 0.49456099456099456,
            "FDR": 0.3132530120481928,
            "MCC": 0.08655438633365253,
            "Confusion Matrix": [
                [
                    1273,
                    52
                ],
                [
                    1301,
                    114
                ]
            ]
        },
        "Vulnerability Type Metrics": {
            "Using Predicted CWE": {
                "Per Class Metrics": {
                    "Accuracy": {
                        "CWE-22": 0.906934306569343,
                        "CWE-78": 0.9145985401459854,
                        "CWE-79": 0.8375912408759124,
                        "CWE-89": 0.8259124087591241,
                        "CWE-90": 0.9784671532846715,
                        "CWE-327": 0.9098540145985401,
                        "CWE-328": 0.9138686131386862,
                        "CWE-330": 0.82007299270073,
                        "CWE-501": 0.954014598540146,
                        "CWE-614": 0.9755474452554744,
                        "CWE-643": 0.9872262773722628
                    },
                    "Precision": {
                        "CWE-22": 0.76,
                        "CWE-78": 0.9047619047619048,
                        "CWE-79": 0.6470588235294118,
                        "CWE-89": 0.9655172413793104,
                        "CWE-90": 0.0,
                        "CWE-327": 0.0,
                        "CWE-328": 0.0,
                        "CWE-330": 0.0,
                        "CWE-501": 0.0,
                        "CWE-614": 0.0,
                        "CWE-643": 0.0
                    },
                    "Recall": {
                        "CWE-22": 0.0708955223880597,
                        "CWE-78": 0.07569721115537849,
                        "CWE-79": 0.04835164835164835,
                        "CWE-89": 0.05555555555555555,
                        "CWE-90": 0.0,
                        "CWE-327": 0.0,
                        "CWE-328": 0.0,
                        "CWE-330": 0.0,
                        "CWE-501": 0.0,
                        "CWE-614": 0.0,
                        "CWE-643": 0.0
                    },
                    "F1-Score": {
                        "CWE-22": 0.1296928327645051,
                        "CWE-78": 0.13970588235294118,
                        "CWE-79": 0.08997955010224949,
                        "CWE-89": 0.1050656660412758,
                        "CWE-90": 0.0,
                        "CWE-327": 0.0,
                        "CWE-328": 0.0,
                        "CWE-330": 0.0,
                        "CWE-501": 0.0,
                        "CWE-614": 0.0,
                        "CWE-643": 0.0
                    }
                },
                "Macro Precision": 0.29793981542460246,
                "Macro Recall": 0.022772721586422007,
                "Macro F1-Score": 0.04222217556917924,
                "Weighted Precision": 0.44226558118842807,
                "Weighted Recall": 0.032116788321167884,
                "Weighted F1-Score": 0.059750965924380346,
                "MCC": 0.10151474763298013,
                "Cohen Kappa": 0.7495601779985512,
                "Confusion Matrix": [
                    [
                        19,
                        0,
                        0,
                        0,
                        0,
                        0,
                        0,
                        0,
                        0,
                        0,
                        0
                    ],
                    [
                        0,
                        19,
                        0,
                        0,
                        0,
                        0,
                        0,
                        0,
                        0,
                        0,
                        0
                    ],
                    [
                        0,
                        0,
                        22,
                        0,
                        0,
                        0,
                        0,
                        0,
                        0,
                        0,
                        0
                    ],
                    [
                        0,
                        0,
                        0,
                        28,
                        0,
                        0,
                        0,
                        0,
                        0,
                        0,
                        0
                    ],
                    [
                        0,
                        1,
                        2,
                        1,
                        0,
                        0,
                        0,
                        0,
                        0,
                        0,
                        0
                    ],
                    [
                        3,
                        0,
                        0,
                        0,
                        0,
                        0,
                        0,
                        0,
                        0,
                        0,
                        0
                    ],
                    [
                        3,
                        0,
                        2,
                        0,
                        0,
                        0,
                        0,
                        0,
                        0,
                        0,
                        0
                    ],
                    [
                        0,
                        0,
                        3,
                        0,
                        0,
                        1,
                        0,
                        0,
                        0,
                        0,
                        0
                    ],
                    [
                        0,
                        0,
                        1,
                        0,
                        0,
                        0,
                        0,
                        0,
                        0,
                        0,
                        0
                    ],
                    [
                        0,
                        0,
                        3,
                        0,
                        0,
                        0,
                        0,
                        0,
                        0,
                        0,
                        0
                    ],
                    [
                        0,
                        1,
                        1,
                        0,
                        0,
                        0,
                        0,
                        0,
                        0,
                        0,
                        0
                    ]
                ]
            },
            "Using Predicted Vulnerability Name": {
                "Per Class Metrics": {
                    "Accuracy": {
                        "CWE-22": 0.9091240875912409,
                        "CWE-78": 0.9153284671532846,
                        "CWE-79": 0.8375912408759124,
                        "CWE-89": 0.8259124087591241,
                        "CWE-90": 0.9788321167883212,