{
    "codegemma:7b-instruct-q4_0": {
        "Dataset": "owasp",
        "Prompt Type": "chain_of_thought",
        "Vulnerability Metrics": {
            "Accuracy": 0.5733576642335766,
            "Precision": 0.5695701357466063,
            "Recall": 0.711660777385159,
            "F1-Score": 0.6327364121897581,
            "Youden Index": 0.13732115474364948,
            "ROC-AUC Score": 0.5686605773718247,
            "FPR": 0.5743396226415094,
            "FNR": 0.28833922261484096,
            "Specificity": 0.42566037735849055,
            "NPV": 0.5802469135802469,
            "FDR": 0.4304298642533937,
            "MCC": 0.14343308618951833,
            "Confusion Matrix": [
                [
                    564,
                    761
                ],
                [
                    408,
                    1007
                ]
            ]
        },
        "Vulnerability Type Metrics": {
            "Using Predicted CWE": {
                "Per Class Metrics": {
                    "Accuracy": {
                        "CWE-22": 0.9635036496350365,
                        "CWE-78": 0.8890510948905109,
                        "CWE-79": 0.8985401459854014,
                        "CWE-89": 0.9529197080291971,
                        "CWE-90": 0.9784671532846715,
                        "CWE-327": 0.9065693430656935,
                        "CWE-328": 0.9138686131386862,
                        "CWE-330": 0.82007299270073,
                        "CWE-501": 0.954014598540146,
                        "CWE-614": 0.9755474452554744,
                        "CWE-643": 0.9872262773722628
                    },
                    "Precision": {
                        "CWE-22": 0.9038461538461539,
                        "CWE-78": 0.4444444444444444,
                        "CWE-79": 0.6895074946466809,
                        "CWE-89": 0.9652605459057072,
                        "CWE-90": 0.0,
                        "CWE-327": 0.0,
                        "CWE-328": 0.0,
                        "CWE-330": 0.0,
                        "CWE-501": 0.0,
                        "CWE-614": 0.0,
                        "CWE-643": 0.0
                    },
                    "Recall": {
                        "CWE-22": 0.7014925373134329,
                        "CWE-78": 0.8446215139442231,
                        "CWE-79": 0.7076923076923077,
                        "CWE-89": 0.7718253968253969,
                        "CWE-90": 0.0,
                        "CWE-327": 0.0,
                        "CWE-328": 0.0,
                        "CWE-330": 0.0,
                        "CWE-501": 0.0,
                        "CWE-614": 0.0,
                        "CWE-643": 0.0
                    },
                    "F1-Score": {
                        "CWE-22": 0.7899159663865546,
                        "CWE-78": 0.5824175824175825,
                        "CWE-79": 0.6984815618221258,
                        "CWE-89": 0.8577728776185226,
                        "CWE-90": 0.0,
                        "CWE-327": 0.0,
                        "CWE-328": 0.0,
                        "CWE-330": 0.0,
                        "CWE-501": 0.0,
                        "CWE-614": 0.0,
                        "CWE-643": 0.0
                    }
                },
                "Macro Precision": 0.2730053308039079,
                "Macro Recall": 0.2750574323432146,
                "Macro F1-Score": 0.2662352716586169,
                "Weighted Precision": 0.4211691788273872,
                "Weighted Recall": 0.4054744525547445,
                "Weighted F1-Score": 0.4043835522362089,
                "MCC": 0.409910603584413,
                "Cohen Kappa": 0.6351376264098099,
                "Confusion Matrix": [
                    [
                        188,
                        51,
                        0,
                        0,
                        0,
                        0,
                        0,
                        0,
                        0,
                        0,
                        0
                    ],
                    [
                        0,
                        212,
                        0,
                        0,
                        0,
                        0,
                        0,
                        0,
                        0,
                        0,
                        0
                    ],
                    [
                        0,
                        0,
                        322,
                        0,
                        0,
                        0,
                        0,
                        0,
                        0,
                        0,
                        0
                    ],
                    [
                        0,
                        98,
                        9,
                        389,
                        0,
                        0,
                        0,
                        0,
                        0,
                        0,
                        0
                    ],
                    [
                        0,
                        9,
                        1,
                        14,
                        0,
                        0,
                        0,
                        0,
                        0,
                        0,
                        0
                    ],
                    [
                        20,
                        25,
                        34,
                        0,
                        0,
                        0,
                        0,
                        0,
                        0,
                        0,
                        0
                    ],
                    [
                        0,
                        32,
                        54,
                        0,
                        0,
                        0,
                        0,
                        0,
                        0,
                        0,
                        0
                    ],
                    [
                        0,
                        0,
                        19,
                        0,
                        0,
                        10,
                        0,
                        0,
                        0,
                        0,
                        0
                    ],
                    [
                        0,
                        23,
                        18,
                        0,
                        0,
                        0,
                        0,
                        0,
                        0,
                        0,
                        0
                    ],
                    [
                        0,
                        0,
                        7,
                        0,
                        0,
                        0,
                        0,
                        0,
                        0,
                        0,
                        0
                    ],
                    [
                        0,
                        27,
                        3,
                        0,
                        0,
                        0,
                        0,
                        0,
                        0,
                        0,
                        0
                    ]
                ]
            },
            "Using Predicted Vulnerability Name": {
                "Per Class Metrics": {
                    "Accuracy": {
                        "CWE-22": 0.9667883211678832,
                        "CWE-78": 0.9981751824817519,
                        "CWE-79": 0.8828467153284671,
                        "CWE-89": 0.9967153284671533,
                        "CWE-90": 0.9784671532846715,