{
    "codegemma:7b-instruct-q4_0": {
        "Dataset": "owasp",
        "Prompt Type": "vulnerability_specific",
        "Vulnerability Metrics": {
            "Accuracy": 0.554014598540146,
            "Precision": 0.5652467883705207,
            "Recall": 0.5908127208480566,
            "F1-Score": 0.5777470628887353,
            "Youden Index": 0.105529701980132,
            "ROC-AUC Score": 0.552764850990066,
            "FPR": 0.4852830188679245,
            "FNR": 0.4091872791519435,
            "Specificity": 0.5147169811320754,
            "NPV": 0.5408406026962728,
            "FDR": 0.4347532116294794,
            "MCC": 0.10580817909371859,
            "Confusion Matrix": [
                [
                    682,
                    643
                ],
                [
                    579,
                    836
                ]
            ]
        },
        "Vulnerability Type Metrics": {
            "Using Predicted CWE": {
                "Per Class Metrics": {
                    "Accuracy": {
                        "CWE-22": 0.977007299270073,
                        "CWE-78": 0.9627737226277372,
                        "CWE-79": 0.9295620437956205,
                        "CWE-89": 0.9777372262773723,
                        "CWE-90": 0.9784671532846715,
                        "CWE-327": 0.9175182481751825,
                        "CWE-328": 0.9116788321167884,
                        "CWE-330": 0.8237226277372263,
                        "CWE-501": 0.958029197080292,
                        "CWE-614": 0.9766423357664233,
                        "CWE-643": 0.9875912408759124
                    },
                    "Precision": {
                        "CWE-22": 0.8360655737704918,
                        "CWE-78": 0.7122507122507122,
                        "CWE-79": 0.9962121212121212,
                        "CWE-89": 0.9317738791423001,
                        "CWE-90": 0.0,
                        "CWE-327": 0.9545454545454546,
                        "CWE-328": 0.0,
                        "CWE-330": 1.0,
                        "CWE-501": 1.0,
                        "CWE-614": 1.0,
                        "CWE-643": 1.0
                    },
                    "Recall": {
                        "CWE-22": 0.9514925373134329,
                        "CWE-78": 0.9960159362549801,
                        "CWE-79": 0.578021978021978,
                        "CWE-89": 0.9484126984126984,
                        "CWE-90": 0.0,
                        "CWE-327": 0.08536585365853659,
                        "CWE-328": 0.0,
                        "CWE-330": 0.02028397565922921,
                        "CWE-501": 0.0873015873015873,
                        "CWE-614": 0.04477611940298507,
                        "CWE-643": 0.02857142857142857
                    },
                    "F1-Score": {
                        "CWE-22": 0.8900523560209425,
                        "CWE-78": 0.8305647840531561,
                        "CWE-79": 0.7315716272600834,
                        "CWE-89": 0.9400196656833825,
                        "CWE-90": 0.0,
                        "CWE-327": 0.15671641791044777,
                        "CWE-328": 0.0,
                        "CWE-330": 0.039761431411530816,
                        "CWE-501": 0.16058394160583941,
                        "CWE-614": 0.08571428571428572,
                        "CWE-643": 0.05555555555555555
                    }
                },
                "Macro Precision": 0.7664407037200983,
                "Macro Recall": 0.340022010417896,
                "Macro F1-Score": 0.35368546047411126,
                "Weighted Precision": 0.8326822024097944,
                "Weighted Recall": 0.47153284671532847,
                "Weighted F1-Score": 0.4889475535913173,
                "MCC": 0.5023184978787416,
                "Cohen Kappa": 0.8317527053542144,
                "Confusion Matrix": [
                    [
                        255,
                        0,
                        0,
                        0,
                        0,
                        0,
                        0,
                        0,
                        0,
                        0,
                        0
                    ],
                    [
                        0,
                        250,
                        0,
                        0,
                        0,
                        0,
                        0,
                        0,
                        0,
                        0,
                        0
                    ],
                    [
                        4,
                        44,
                        263,
                        0,
                        0,
                        0,
                        0,
                        0,
                        0,
                        0,
                        0
                    ],
                    [
                        0,
                        0,
                        0,
                        478,
                        0,
                        0,
                        0,
                        0,
                        0,
                        0,
                        0
                    ],
                    [
                        0,
                        2,
                        0,
                        35,
                        0,
                        0,
                        0,
                        0,
                        0,
                        0,
                        0
                    ],
                    [
                        25,
                        6,
                        0,
                        0,
                        0,
                        21,
                        6,
                        0,
                        0,
                        0,
                        0
                    ],
                    [
                        5,
                        15,
                        0,
                        0,
                        0,
                        0,
                        0,
                        0,
                        0,
                        0,
                        0
                    ],
                    [
                        0,
                        0,
                        0,
                        0,
                        0,
                        0,
                        0,
                        10,
                        0,
                        0,
                        0
                    ],
                    [
                        16,
                        4,
                        1,
                        0,
                        0,
                        1,
                        0,
                        0,
                        11,
                        0,
                        0
                    ],
                    [
                        0,
                        0,
                        0,
                        0,
                        0,
                        0,
                        0,
                        0,
                        0,
                        3,
                        0
                    ],
                    [
                        0,
                        30,
                        0,
                        0,
                        0,
                        0,
                        0,
                        0,
                        0,
                        0,
                        1
                    ]
                ]
            },
            "Using Predicted Vulnerability Name": {
                "Per Class Metrics": {
                    "Accuracy": {
                        "CWE-22": 0.9861313868613139,