{
  "gemma2:9b": {
    "Dataset": "owasp",
    "Prompt Type": "chain_of_thought",
    "Vulnerability Metrics": {
      "Accuracy": 0.5521897810218979,
      "Precision": 0.5435588507877664,
      "Recall": 0.8289752650176678,
      "F1-Score": 0.6565910999160369,
      "Youden Index": 0.08557903860257343,
      "ROC-AUC Score": 0.5427895193012868,
      "FPR": 0.7433962264150943,
      "FNR": 0.17102473498233214,
      "Specificity": 0.25660377358490566,
      "NPV": 0.584192439862543,
      "FDR": 0.45644114921223355,
      "MCC": 0.10456018665864851,
      "Confusion Matrix": [
        [
          340,
          985
        ],
        [
          242,
          1173
        ]
      ]
    },
    "Vulnerability Type Metrics": {
      "Using Predicted CWE": {
        "Per Class Metrics": {
          "Accuracy": {
            "CWE-22": 0.9021897810218978,
            "CWE-78": 0.8434306569343065,
            "CWE-79": 0.7478102189781022,
            "CWE-89": 0.9569343065693431,
            "CWE-90": 0.9766423357664233,
            "CWE-327": 0.9102189781021898,
            "CWE-328": 0.9138686131386862,
            "CWE-330": 0.82007299270073,
            "CWE-501": 0.954014598540146,
            "CWE-614": 0.9755474452554744,
            "CWE-643": 0.9872262773722628
          },
          "Precision": {
            "CWE-22": 0.0,
            "CWE-78": 0.28809523809523807,
            "CWE-79": 0.3264705882352941,
            "CWE-89": 0.8163934426229508,
            "CWE-90": 0.0,
            "CWE-327": 0.0,
            "CWE-328": 0.0,
            "CWE-330": 0.0,
            "CWE-501": 0.0,
            "CWE-614": 0.0,
            "CWE-643": 0.0
          },
          "Recall": {
            "CWE-22": 0.0,
            "CWE-78": 0.4820717131474104,
            "CWE-79": 0.4879120879120879,
            "CWE-89": 0.9880952380952381,
            "CWE-90": 0.0,
            "CWE-327": 0.0,
            "CWE-328": 0.0,
            "CWE-330": 0.0,
            "CWE-501": 0.0,
            "CWE-614": 0.0,
            "CWE-643": 0.0
          },
          "F1-Score": {
            "CWE-22": 0.0,
            "CWE-78": 0.36065573770491804,
            "CWE-79": 0.39118942731277534,
            "CWE-89": 0.8940754039497307,
            "CWE-90": 0.0,
            "CWE-327": 0.0,
            "CWE-328": 0.0,
            "CWE-330": 0.0,
            "CWE-501": 0.0,
            "CWE-614": 0.0,
            "CWE-643": 0.0
          }
        },
        "Macro Precision": 0.13008720626849846,
        "Macro Recall": 0.17800718537770333,
        "Macro F1-Score": 0.14962914263340218,
        "Weighted Precision": 0.23077310857333241,
        "Weighted Recall": 0.30693430656934306,
        "Weighted F1-Score": 0.2624561252488728,
        "MCC": 0.2652995177811735,
        "Cohen Kappa": 0.35985052316890875,
        "Confusion Matrix": [
          [
            0,
            45,
            42,
            14,
            4,
            0,
            0,
            0,
            0,
            0,
            0
          ],
          [
            0,
            121,
            9,
            53,
            0,
            0,
            0,
            0,
            0,
            0,
            0
          ],
          [
            0,
            97,
            222,
            2,
            1,
            0,
            0,
            0,
            0,
            0,
            0
          ],
          [
            0,
            0,
            0,
            498,
            0,
            0,
            0,
            0,
            0,
            0,
            0
          ],
          [
            0,
            3,
            7,
            15,
            0,
            0,
            0,
            0,
            0,
            0,
            0
          ],
          [
            0,
            9,
            26,
            5,
            0,
            0,
            0,
            0,
            0,
            0,
            0
          ],
          [
            0,
            23,
            95,
            14,
            0,
            0,
            0,
            0,
            0,
            0,
            0
          ],
          [
            0,
            91,
            172,
            0,
            0,
            0,
            0,
            0,
            0,
            0,
            0
          ],
          [
            0,
            22,
            58,
            5,
            0,
            0,
            0,
            0,
            0,
            0,
            0
          ],
          [
            0,
            7,
            48,
            0,
            0,
            0,
            0,
            0,
            0,
            0,
            0
          ],
          [
            0,
            2,
            1,
            4,
            0,
            0,
            0,
            0,
            0,
            0,
            0
          ]
        ]
      },
      "Using Predicted Vulnerability Name": {
        "Per Class Metrics": {
          "Accuracy": {
            "CWE-22": 0.9021897810218978,
            "CWE-78": 0.9412408759124088,
            "CWE-79": 0.6656934306569343,
            "CWE-89": 0.9507299270072993,
            "CWE-90": 0.9784671532846715,
            "CWE-327": 0.9102189781021898,
            "CWE-328": 0.9138686131386862,
            "CWE-330": 0.82007299270073,
            "CWE-501": 0.954014598540146,
            "CWE-614": 0.9755474452554744,
            "CWE-643": 0.9872262773722628
          },
          "Precision": {
            "CWE-22": 0.0,
            "CWE-78": 0.9245283018867925,
            "CWE-79": 0.23657142857142857,
            "CWE-89": 0.7896389324960753,
            "CWE-90": 0.0,
            "CWE-327": 0.0,
            "CWE-328": 0.0,
            "CWE-330": 0.0,
            "CWE-501": 0.0,
            "CWE-614": 0.0,
            "CWE-643": 0.0
          },
          "Recall": {
            "CWE-22": 0.0,
            "CWE-78": 0.3904382470119522,
            "CWE-79": 0.45494505494505494,
            "CWE-89": 0.998015873015873,
            "CWE-90": 0.0,
            "CWE-327": 0.0,
            "CWE-328": 0.0,
            "CWE-330": 0.0,
            "CWE-501": 0.0,
            "CWE-614": 0.0,
            "CWE-643": 0.0
          },
          "F1-Score": {
            "CWE-22": 0.0,
            "CWE-78": 0.5490196078431373,
            "CWE-79": 0.3112781954887218,
            "CWE-89": 0.8816827344434707,
            "CWE-90": 0.0,
            "CWE-327": 0.0,
            "CWE-328": 0.0,
            "CWE-330": 0.0,
            "CWE-501": 0.0,
            "CWE-614": 0.0,
            "CWE-643": 0.0
          }
        },
        "Macro Precision": 0.1773398784503906,
        "Macro Recall": 0.16758174317935273,
        "Macro F1-Score": 0.15836186707048452,
        "Weighted Precision": 0.2692243159677397,
        "Weighted Recall": 0.2948905109489051,
        "Weighted F1-Score": 0.26416189732682666,
        "MCC": 0.25530616854312277,
        "Cohen Kappa": 0.37265568007536287,