{
  "gemma2:9b": {
    "Dataset": "owasp",
    "Prompt Type": "few_shot",
    "Vulnerability Metrics": {
      "Accuracy": 0.5291970802919708,
      "Precision": 0.5614552605703048,
      "Recall": 0.40353356890459363,
      "F1-Score": 0.46957236842105265,
      "Youden Index": 0.0669297953196879,
      "ROC-AUC Score": 0.533464897659844,
      "FPR": 0.3366037735849057,
      "FNR": 0.5964664310954063,
      "Specificity": 0.6633962264150943,
      "NPV": 0.51015670342426,
      "FDR": 0.4385447394296952,
      "MCC": 0.0692313086153735,
      "Confusion Matrix": [
        [
          879,
          446
        ],
        [
          844,
          571
        ]
      ]
    },
    "Vulnerability Type Metrics": {
      "Using Predicted CWE": {
        "Per Class Metrics": {
          "Accuracy": {
            "CWE-22": 0.9021897810218978,
            "CWE-78": 0.9375912408759124,
            "CWE-79": 0.8273722627737227,
            "CWE-89": 0.8799270072992701,
            "CWE-90": 0.9718978102189781,
            "CWE-327": 0.9102189781021898,
            "CWE-328": 0.9138686131386862,
            "CWE-330": 0.82007299270073,
            "CWE-501": 0.954014598540146,
            "CWE-614": 0.9755474452554744,
            "CWE-643": 0.9872262773722628
          },
          "Precision": {
            "CWE-22": 0.0,
            "CWE-78": 0.7380952380952381,
            "CWE-79": 0.36764705882352944,
            "CWE-89": 0.7108433734939759,
            "CWE-90": 0.0,
            "CWE-327": 0.0,
            "CWE-328": 0.0,
            "CWE-330": 0.0,
            "CWE-501": 0.0,
            "CWE-614": 0.0,
            "CWE-643": 0.0
          },
          "Recall": {
            "CWE-22": 0.0,
            "CWE-78": 0.4940239043824701,
            "CWE-79": 0.054945054945054944,
            "CWE-89": 0.5853174603174603,
            "CWE-90": 0.0,
            "CWE-327": 0.0,
            "CWE-328": 0.0,
            "CWE-330": 0.0,
            "CWE-501": 0.0,
            "CWE-614": 0.0,
            "CWE-643": 0.0
          },
          "F1-Score": {
            "CWE-22": 0.0,
            "CWE-78": 0.5918854415274463,
            "CWE-79": 0.09560229445506692,
            "CWE-89": 0.6420021762785637,
            "CWE-90": 0.0,
            "CWE-327": 0.0,
            "CWE-328": 0.0,
            "CWE-330": 0.0,
            "CWE-501": 0.0,
            "CWE-614": 0.0,
            "CWE-643": 0.0
          }
        },
        "Macro Precision": 0.16514415185570394,
        "Macro Recall": 0.10311694724045321,
        "Macro F1-Score": 0.12086271929646154,
        "Weighted Precision": 0.25941838568159653,
        "Weighted Recall": 0.16204379562043797,
        "Weighted F1-Score": 0.18818663746162068,
        "MCC": 0.21042981354577253,
        "Cohen Kappa": 0.49445504251917727,
        "Confusion Matrix": [
          [
            0,
            14,
            24,
            44,
            10,
            0,
            0,
            0,
            0,
            0,
            0
          ],
          [
            0,
            124,
            0,
            3,
            0,
            0,
            0,
            0,
            0,
            0,
            0
          ],
          [
            0,
            21,
            25,
            35,
            8,
            0,
            0,
            0,
            0,
            0,
            0
          ],
          [
            0,
            0,
            0,
            295,
            0,
            0,
            0,
            0,
            0,
            0,
            0
          ],
          [
            0,
            0,
            0,
            0,
            0,
            0,
            0,
            0,
            0,
            0,
            0
          ],
          [
            0,
            0,
            0,
            0,
            0,
            0,
            0,
            0,
            0,
            0,
            0
          ],
          [
            0,
            0,
            0,
            0,
            0,
            0,
            0,
            0,
            0,
            0,
            0
          ],
          [
            0,
            0,
            0,
            0,
            0,
            0,
            0,
            0,
            0,
            0,
            0
          ],
          [
            0,
            9,
            19,
            34,
            0,
            0,
            0,
            0,
            0,
            0,
            0
          ],
          [
            0,
            0,
            0,
            2,
            0,
            0,
            0,
            0,
            0,
            0,
            0
          ],
          [
            0,
            0,
            0,
            2,
            0,
            0,
            0,
            0,
            0,
            0,
            0
          ]
        ]
      },
      "Using Predicted Vulnerability Name": {
        "Per Class Metrics": {
          "Accuracy": {
            "CWE-22": 0.9047445255474452,
            "CWE-78": 0.9514598540145985,
            "CWE-79": 0.8295620437956205,
            "CWE-89": 0.8777372262773723,
            "CWE-90": 0.9781021897810219,
            "CWE-327": 0.9102189781021898,
            "CWE-328": 0.9138686131386862,
            "CWE-330": 0.82007299270073,
            "CWE-501": 0.954014598540146,
            "CWE-614": 0.9755474452554744,
            "CWE-643": 0.9872262773722628
          },
          "Precision": {
            "CWE-22": 1.0,
            "CWE-78": 0.927536231884058,
            "CWE-79": 0.43333333333333335,
            "CWE-89": 0.7026378896882494,
            "CWE-90": 0.0,
            "CWE-327": 0.0,
            "CWE-328": 0.0,
            "CWE-330": 0.0,
            "CWE-501": 0.0,
            "CWE-614": 0.0,
            "CWE-643": 0.0
          },
          "Recall": {
            "CWE-22": 0.026119402985074626,
            "CWE-78": 0.5099601593625498,
            "CWE-79": 0.08571428571428572,
            "CWE-89": 0.5813492063492064,
            "CWE-90": 0.0,
            "CWE-327": 0.0,
            "CWE-328": 0.0,
            "CWE-330": 0.0,
            "CWE-501": 0.0,
            "CWE-614": 0.0,
            "CWE-643": 0.0
          },
          "F1-Score": {
            "CWE-22": 0.05090909090909091,
            "CWE-78": 0.6580976863753213,
            "CWE-79": 0.14311926605504588,
            "CWE-89": 0.6362649294245385,
            "CWE-90": 0.0,
            "CWE-327": 0.0,
            "CWE-328": 0.0,
            "CWE-330": 0.0,
            "CWE-501": 0.0,
            "CWE-614": 0.0,
            "CWE-643": 0.0
          }
        },
        "Macro Precision": 0.27850067771869463,
        "Macro Recall": 0.10937664131010151,
        "Macro F1-Score": 0.13530827025127243,
        "Weighted Precision": 0.3839809333111106,
        "Weighted Recall": 0.17043795620437957,
        "Weighted F1-Score": 0.20606676866016618,
        "MCC": 0.22600191314864698,
        "Cohen Kappa": 0.5644387385513567,