{
  "gemma2:9b": {
    "Dataset": "owasp",
    "Prompt Type": "simple",
    "Vulnerability Metrics": {
      "Accuracy": 0.5401459854014599,
      "Precision": 0.5332190312901843,
      "Recall": 0.8791519434628975,
      "F1-Score": 0.663820704375667,
      "Youden Index": 0.05726515101006724,
      "ROC-AUC Score": 0.5286325755050336,
      "FPR": 0.8218867924528301,
      "FNR": 0.12084805653710247,
      "Specificity": 0.1781132075471698,
      "NPV": 0.5798525798525799,
      "FDR": 0.46678096870981567,
      "MCC": 0.08046777545727235,
      "Confusion Matrix": [
        [
          236,
          1089
        ],
        [
          171,
          1244
        ]
      ]
    },
    "Vulnerability Type Metrics": {
      "Using Predicted CWE": {
        "Per Class Metrics": {
          "Accuracy": {
            "CWE-22": 0.9021897810218978,
            "CWE-78": 0.9302919708029197,
            "CWE-79": 0.8350364963503649,
            "CWE-89": 0.9408759124087591,
            "CWE-90": 0.9759124087591241,
            "CWE-327": 0.9116788321167884,
            "CWE-328": 0.9138686131386862,
            "CWE-330": 0.8321167883211679,
            "CWE-501": 0.954014598540146,
            "CWE-614": 0.9755474452554744,
            "CWE-643": 0.9872262773722628
          },
          "Precision": {
            "CWE-22": 0.0,
            "CWE-78": 0.576530612244898,
            "CWE-79": 0.5047619047619047,
            "CWE-89": 0.8226415094339623,
            "CWE-90": 0.0,
            "CWE-327": 1.0,
            "CWE-328": 0.0,
            "CWE-330": 1.0,
            "CWE-501": 0.0,
            "CWE-614": 0.0,
            "CWE-643": 0.0
          },
          "Recall": {
            "CWE-22": 0.0,
            "CWE-78": 0.900398406374502,
            "CWE-79": 0.34945054945054943,
            "CWE-89": 0.8650793650793651,
            "CWE-90": 0.0,
            "CWE-327": 0.016260162601626018,
            "CWE-328": 0.0,
            "CWE-330": 0.06693711967545639,
            "CWE-501": 0.0,
            "CWE-614": 0.0,
            "CWE-643": 0.0
          },
          "F1-Score": {
            "CWE-22": 0.0,
            "CWE-78": 0.702954898911353,
            "CWE-79": 0.412987012987013,
            "CWE-89": 0.8433268858800773,
            "CWE-90": 0.0,
            "CWE-327": 0.032,
            "CWE-328": 0.0,
            "CWE-330": 0.12547528517110265,
            "CWE-501": 0.0,
            "CWE-614": 0.0,
            "CWE-643": 0.0
          }
        },
        "Macro Precision": 0.35490309331279685,
        "Macro Recall": 0.1998296002892272,
        "Macro F1-Score": 0.19243128026814055,
        "Weighted Precision": 0.5576595514944719,
        "Weighted Recall": 0.31313868613138685,
        "Weighted F1-Score": 0.3135470206601289,
        "MCC": 0.3244538552268147,
        "Cohen Kappa": 0.5615874546710833,
        "Confusion Matrix": [
          [
            0,
            50,
            28,
            11,
            1,
            0,
            0,
            0,
            0,
            0,
            0
          ],
          [
            0,
            226,
            0,
            2,
            0,
            0,
            0,
            0,
            0,
            0,
            0
          ],
          [
            0,
            69,
            159,
            20,
            6,
            0,
            0,
            0,
            0,
            0,
            0
          ],
          [
            0,
            0,
            0,
            436,
            0,
            0,
            0,
            0,
            0,
            0,
            0
          ],
          [
            0,
            3,
            8,
            6,
            0,
            0,
            0,
            0,
            0,
            0,
            0
          ],
          [
            0,
            2,
            14,
            10,
            0,
            4,
            0,
            0,
            0,
            0,
            0
          ],
          [
            0,
            7,
            5,
            10,
            0,
            0,
            0,
            0,
            0,
            0,
            0
          ],
          [
            0,
            22,
            50,
            25,
            0,
            0,
            0,
            33,
            0,
            0,
            0
          ],
          [
            0,
            12,
            41,
            1,
            0,
            0,
            0,
            0,
            0,
            0,
            0
          ],
          [
            0,
            0,
            9,
            6,
            0,
            0,
            0,
            0,
            0,
            0,
            0
          ],
          [
            0,
            1,
            1,
            3,
            0,
            0,
            0,
            0,
            0,
            0,
            0
          ]
        ]
      },
      "Using Predicted Vulnerability Name": {
        "Per Class Metrics": {
          "Accuracy": {
            "CWE-22": 0.9021897810218978,
            "CWE-78": 0.9817518248175182,
            "CWE-79": 0.7386861313868613,
            "CWE-89": 0.9591240875912409,
            "CWE-90": 0.9788321167883212,
            "CWE-327": 0.9102189781021898,
            "CWE-328": 0.9138686131386862,
            "CWE-330": 0.82007299270073,
            "CWE-501": 0.954014598540146,
            "CWE-614": 0.9755474452554744,
            "CWE-643": 0.9872262773722628
          },
          "Precision": {
            "CWE-22": 0.0,
            "CWE-78": 0.935064935064935,
            "CWE-79": 0.3402692778457772,
            "CWE-89": 0.8245033112582781,
            "CWE-90": 1.0,
            "CWE-327": 0.0,
            "CWE-328": 0.0,
            "CWE-330": 0.0,
            "CWE-501": 0.0,
            "CWE-614": 0.0,
            "CWE-643": 0.0
          },
          "Recall": {
            "CWE-22": 0.0,
            "CWE-78": 0.8605577689243028,
            "CWE-79": 0.610989010989011,
            "CWE-89": 0.9880952380952381,
            "CWE-90": 0.01694915254237288,
            "CWE-327": 0.0,
            "CWE-328": 0.0,
            "CWE-330": 0.0,
            "CWE-501": 0.0,
            "CWE-614": 0.0,
            "CWE-643": 0.0
          },
          "F1-Score": {
            "CWE-22": 0.0,
            "CWE-78": 0.8962655601659751,
            "CWE-79": 0.4371069182389937,
            "CWE-89": 0.8989169675090253,
            "CWE-90": 0.03333333333333333,
            "CWE-327": 0.0,
            "CWE-328": 0.0,
            "CWE-330": 0.0,
            "CWE-501": 0.0,
            "CWE-614": 0.0,
            "CWE-643": 0.0
          }
        },
        "Macro Precision": 0.28180341128809006,
        "Macro Recall": 0.2251446518682659,
        "Macro F1-Score": 0.20596570720430246,
        "Weighted Precision": 0.31535528795448886,
        "Weighted Recall": 0.3624087591240876,
        "Weighted F1-Score": 0.32075442397504283,
        "MCC": 0.33967678280529445,
        "Cohen Kappa": 0.487503258947131,