{
  "gemma2:9b": {
    "Dataset": "owasp",
    "Prompt Type": "vulnerability_specific",
    "Vulnerability Metrics": {
      "Accuracy": 0.531021897810219,
      "Precision": 0.5559380378657487,
      "Recall": 0.4565371024734982,
      "F1-Score": 0.5013581684128832,
      "Youden Index": 0.06710314020934716,
      "ROC-AUC Score": 0.5335515701046736,
      "FPR": 0.38943396226415095,
      "FNR": 0.5434628975265018,
      "Specificity": 0.610566037735849,
      "NPV": 0.5126742712294043,
      "FDR": 0.4440619621342513,
      "MCC": 0.0678535289966493,
      "Confusion Matrix": [
        [
          809,
          516
        ],
        [
          769,
          646
        ]
      ]
    },
    "Vulnerability Type Metrics": {
      "Using Predicted CWE": {
        "Per Class Metrics": {
          "Accuracy": {
            "CWE-22": 0.8930656934306569,
            "CWE-78": 0.9861313868613139,
            "CWE-79": 0.8306569343065694,
            "CWE-89": 0.9766423357664233,
            "CWE-90": 0.9857664233576642,
            "CWE-327": 0.9098540145985401,
            "CWE-328": 0.9273722627737226,
            "CWE-330": 0.8321167883211679,
            "CWE-501": 0.9467153284671533,
            "CWE-614": 0.9751824817518249,
            "CWE-643": 0.9784671532846715
          },
          "Precision": {
            "CWE-22": 0.4528301886792453,
            "CWE-78": 0.8710801393728222,
            "CWE-79": 0.2631578947368421,
            "CWE-89": 0.8886925795053003,
            "CWE-90": 1.0,
            "CWE-327": 0.48484848484848486,
            "CWE-328": 0.9743589743589743,
            "CWE-330": 1.0,
            "CWE-501": 0.0,
            "CWE-614": 0.0,
            "CWE-643": 0.0
          },
          "Recall": {
            "CWE-22": 0.44776119402985076,
            "CWE-78": 0.9960159362549801,
            "CWE-79": 0.01098901098901099,
            "CWE-89": 0.998015873015873,
            "CWE-90": 0.3389830508474576,
            "CWE-327": 0.06504065040650407,
            "CWE-328": 0.16101694915254236,
            "CWE-330": 0.06693711967545639,
            "CWE-501": 0.0,
            "CWE-614": 0.0,
            "CWE-643": 0.0
          },
          "F1-Score": {
            "CWE-22": 0.450281425891182,
            "CWE-78": 0.929368029739777,
            "CWE-79": 0.02109704641350211,
            "CWE-89": 0.9401869158878504,
            "CWE-90": 0.5063291139240507,
            "CWE-327": 0.11469534050179211,
            "CWE-328": 0.27636363636363637,
            "CWE-330": 0.12547528517110265,
            "CWE-501": 0.0,
            "CWE-614": 0.0,
            "CWE-643": 0.0
          }
        },
        "Macro Precision": 0.5395425692274245,
        "Macro Recall": 0.28043270767015227,
        "Macro F1-Score": 0.3057997085357176,
        "Weighted Precision": 0.660167501075181,
        "Weighted Recall": 0.3594890510948905,
        "Weighted F1-Score": 0.37320064400922354,
        "MCC": 0.3901978801398281,
        "Cohen Kappa": 0.6770395199802319,
        "Confusion Matrix": [
          [
            120,
            5,
            0,
            5,
            0,
            8,
            0,
            0,
            0,
            1,
            1
          ],
          [
            0,
            250,
            0,
            0,
            0,
            0,
            0,
            0,
            0,
            0,
            0
          ],
          [
            2,
            18,
            5,
            18,
            0,
            0,
            0,
            0,
            0,
            0,
            0
          ],
          [
            0,
            0,
            0,
            503,
            0,
            0,
            0,
            0,
            0,
            0,
            0
          ],
          [
            7,
            4,
            2,
            4,
            20,
            0,
            0,
            0,
            0,
            0,
            8
          ],
          [
            33,
            2,
            0,
            5,
            0,
            16,
            0,
            0,
            0,
            0,
            0
          ],
          [
            37,
            0,
            0,
            7,
            0,
            9,
            38,
            0,
            0,
            0,
            0
          ],
          [
            64,
            3,
            2,
            8,
            0,
            0,
            1,
            33,
            2,
            0,
            1
          ],
          [
            2,
            5,
            10,
            11,
            0,
            0,
            0,
            0,
            0,
            0,
            0
          ],
          [
            0,
            0,
            0,
            0,
            0,
            0,
            0,
            0,
            18,
            0,
            14
          ],
          [
            0,
            0,
            0,
            5,
            0,
            0,
            0,
            0,
            0,
            0,
            0
          ]
        ]
      },
      "Using Predicted Vulnerability Name": {
        "Per Class Metrics": {
          "Accuracy": {
            "CWE-22": 0.9445255474452555,
            "CWE-78": 0.9872262773722628,
            "CWE-79": 0.8306569343065694,
            "CWE-89": 0.9773722627737226,
            "CWE-90": 0.9861313868613139,
            "CWE-327": 0.9094890510948905,
            "CWE-328": 0.9266423357664234,
            "CWE-330": 0.8321167883211679,
            "CWE-501": 0.9467153284671533,
            "CWE-614": 0.9781021897810219,
            "CWE-643": 0.9832116788321168
          },
          "Precision": {
            "CWE-22": 0.967741935483871,
            "CWE-78": 0.8884892086330936,
            "CWE-79": 0.2631578947368421,
            "CWE-89": 0.8932384341637011,
            "CWE-90": 1.0,
            "CWE-327": 0.4666666666666667,
            "CWE-328": 0.972972972972973,
            "CWE-330": 1.0,
            "CWE-501": 0.0,
            "CWE-614": 0.7692307692307693,
            "CWE-643": 0.0
          },
          "Recall": {
            "CWE-22": 0.44776119402985076,
            "CWE-78": 0.9840637450199203,
            "CWE-79": 0.01098901098901099,
            "CWE-89": 0.996031746031746,
            "CWE-90": 0.3559322033898305,
            "CWE-327": 0.056910569105691054,
            "CWE-328": 0.15254237288135594,
            "CWE-330": 0.06693711967545639,
            "CWE-501": 0.0,
            "CWE-614": 0.14925373134328357,
            "CWE-643": 0.0
          },
          "F1-Score": {
            "CWE-22": 0.6122448979591837,
            "CWE-78": 0.9338374291115312,
            "CWE-79": 0.02109704641350211,
            "CWE-89": 0.9418386491557224,
            "CWE-90": 0.525,
            "CWE-327": 0.10144927536231885,
            "CWE-328": 0.26373626373626374,
            "CWE-330": 0.12547528517110265,
            "CWE-501": 0.0,
            "CWE-614": 0.25,
            "CWE-643": 0.0
          }
        },
        "Macro Precision": 0.6564998074443561,
        "Macro Recall": 0.29276560840601323,
        "Macro F1-Score": 0.34315262244632955,
        "Weighted Precision": 0.7300199730512538,
        "Weighted Recall": 0.3605839416058394,
        "Weighted F1-Score": 0.39399388986238154,
        "MCC": 0.4169701911750625,
        "Cohen Kappa": 0.8052622037134616,