{
  "gpt-4o-2024-05-13": {
    "Dataset": "owasp",
    "Prompt Type": "simple",
    "Vulnerability Metrics": {
      "Accuracy": 0.5489051094890511,
      "Precision": 0.533940083428138,
      "Recall": 0.995053003533569,
      "F1-Score": 0.6949654491609082,
      "Youden Index": 0.06750583372224828,
      "ROC-AUC Score": 0.5337529168611241,
      "FPR": 0.9275471698113208,
      "FNR": 0.0049469964664310955,
      "Specificity": 0.07245283018867925,
      "NPV": 0.9320388349514563,
      "FDR": 0.46605991657186197,
      "MCC": 0.17735922694409204,
      "Confusion Matrix": [
        [
          96,
          1229
        ],
        [
          7,
          1408
        ]
      ]
    },
    "Vulnerability Type Metrics": {
      "Using Predicted CWE": {
        "Per Class Metrics": {
          "Accuracy": {
            "CWE-22": 0.9602189781021898,
            "CWE-78": 1.0,
            "CWE-79": 0.9135036496350365,
            "CWE-89": 1.0,
            "CWE-90": 1.0,
            "CWE-327": 0.939051094890511,
            "CWE-328": 0.9138686131386862,
            "CWE-330": 0.8901459854014598,
            "CWE-501": 0.954014598540146,
            "CWE-614": 0.9872262773722628,
            "CWE-643": 1.0
          },
          "Precision": {
            "CWE-22": 0.7142857142857143,
            "CWE-78": 1.0,
            "CWE-79": 0.8114285714285714,
            "CWE-89": 1.0,
            "CWE-90": 1.0,
            "CWE-327": 0.8558558558558559,
            "CWE-328": 0.0,
            "CWE-330": 0.9897959183673469,
            "CWE-501": 0.0,
            "CWE-614": 1.0,
            "CWE-643": 1.0
          },
          "Recall": {
            "CWE-22": 0.9888059701492538,
            "CWE-78": 1.0,
            "CWE-79": 0.6241758241758242,
            "CWE-89": 1.0,
            "CWE-90": 1.0,
            "CWE-327": 0.3861788617886179,
            "CWE-328": 0.0,
            "CWE-330": 0.3935091277890467,
            "CWE-501": 0.0,
            "CWE-614": 0.47761194029850745,
            "CWE-643": 1.0
          },
          "F1-Score": {
            "CWE-22": 0.8294209702660407,
            "CWE-78": 1.0,
            "CWE-79": 0.7055900621118012,
            "CWE-89": 1.0,
            "CWE-90": 1.0,
            "CWE-327": 0.5322128851540616,
            "CWE-328": 0.0,
            "CWE-330": 0.5631349782293179,
            "CWE-501": 0.0,
            "CWE-614": 0.6464646464646465,
            "CWE-643": 1.0
          }
        },
        "Macro Precision": 0.7610332781761354,
        "Macro Recall": 0.6245710658364773,
        "Macro F1-Score": 0.6615294129296243,
        "Weighted Precision": 0.7938461677825598,
        "Weighted Recall": 0.6273722627737226,
        "Weighted F1-Score": 0.6730625341679755,
        "MCC": 0.6301795082354729,
        "Cohen Kappa": 0.8815580870215473,
        "Confusion Matrix": [
          [
            265,
            0,
            0,
            0,
            0,
            0,
            0,
            0,
            0,
            0,
            0
          ],
          [
            0,
            251,
            0,
            0,
            0,
            0,
            0,
            0,
            0,
            0,
            0
          ],
          [
            0,
            0,
            284,
            0,
            0,
            0,
            0,
            0,
            0,
            0,
            0
          ],
          [
            0,
            0,
            0,
            504,
            0,
            0,
            0,
            0,
            0,
            0,
            0
          ],
          [
            0,
            0,
            0,
            0,
            59,
            0,
            0,
            0,
            0,
            0,
            0
          ],
          [
            43,
            0,
            0,
            0,
            0,
            95,
            0,
            0,
            0,
            0,
            0
          ],
          [
            63,
            0,
            1,
            0,
            0,
            14,
            0,
            2,
            0,
            0,
            0
          ],
          [
            0,
            0,
            39,
            0,
            0,
            2,
            0,
            194,
            0,
            0,
            0
          ],
          [
            0,
            0,
            23,
            0,
            0,
            0,
            0,
            0,
            0,
            0,
            0
          ],
          [
            0,
            0,
            3,
            0,
            0,
            0,
            0,
            0,
            0,
            32,
            0
          ],
          [
            0,
            0,
            0,
            0,
            0,
            0,
            0,
            0,
            0,
            0,
            35
          ]
        ]
      },
      "Using Predicted Vulnerability Name": {
        "Per Class Metrics": {
          "Accuracy": {
            "CWE-22": 0.9602189781021898,
            "CWE-78": 1.0,
            "CWE-79": 0.9135036496350365,
            "CWE-89": 1.0,
            "CWE-90": 1.0,
            "CWE-327": 0.9102189781021898,
            "CWE-328": 0.9138686131386862,
            "CWE-330": 0.82007299270073,
            "CWE-501": 0.954014598540146,
            "CWE-614": 0.9755474452554744,
            "CWE-643": 1.0
          },
          "Precision": {
            "CWE-22": 0.7142857142857143,
            "CWE-78": 1.0,
            "CWE-79": 0.8114285714285714,
            "CWE-89": 1.0,
            "CWE-90": 1.0,
            "CWE-327": 0.0,
            "CWE-328": 0.0,
            "CWE-330": 0.0,
            "CWE-501": 0.0,
            "CWE-614": 0.0,
            "CWE-643": 1.0
          },
          "Recall": {
            "CWE-22": 0.9888059701492538,
            "CWE-78": 1.0,
            "CWE-79": 0.6241758241758242,
            "CWE-89": 1.0,
            "CWE-90": 1.0,
            "CWE-327": 0.0,
            "CWE-328": 0.0,
            "CWE-330": 0.0,
            "CWE-501": 0.0,
            "CWE-614": 0.0,
            "CWE-643": 1.0
          },
          "F1-Score": {
            "CWE-22": 0.8294209702660407,
            "CWE-78": 1.0,
            "CWE-79": 0.7055900621118012,
            "CWE-89": 1.0,
            "CWE-90": 1.0,
            "CWE-327": 0.0,
            "CWE-328": 0.0,
            "CWE-330": 0.0,
            "CWE-501": 0.0,
            "CWE-614": 0.0,
            "CWE-643": 1.0
          }
        },
        "Macro Precision": 0.5023376623376623,
        "Macro Recall": 0.5102710722113707,
        "Macro F1-Score": 0.5031828211252584,
        "Weighted Precision": 0.5144629822732012,
        "Weighted Recall": 0.5102189781021897,
        "Weighted F1-Score": 0.5081490139752439,
        "MCC": 0.5396538660460283,
        "Cohen Kappa": 0.8611949243932804,