{
  "gpt-4o-2024-05-13": {
    "Dataset": "owasp",
    "Prompt Type": "few_shot",
    "Vulnerability Metrics": {
      "Accuracy": 0.6058394160583942,
      "Precision": 0.6003594967046135,
      "Recall": 0.7081272084805653,
      "F1-Score": 0.6498054474708171,
      "Youden Index": 0.20473098206547102,
      "ROC-AUC Score": 0.6023654910327355,
      "FPR": 0.5033962264150943,
      "FNR": 0.2918727915194346,
      "Specificity": 0.49660377358490565,
      "NPV": 0.6143790849673203,
      "FDR": 0.3996405032953865,
      "MCC": 0.20967508367243204,
      "Confusion Matrix": [
        [
          658,
          667
        ],
        [
          413,
          1002
        ]
      ]
    },
    "Vulnerability Type Metrics": {
      "Using Predicted CWE": {
        "Per Class Metrics": {
          "Accuracy": {
            "CWE-22": 0.9813868613138687,
            "CWE-78": 1.0,
            "CWE-79": 0.8992700729927007,
            "CWE-89": 0.9974452554744525,
            "CWE-90": 1.0,
            "CWE-327": 0.9332116788321168,
            "CWE-328": 0.9138686131386862,
            "CWE-330": 0.8518248175182481,
            "CWE-501": 0.954014598540146,
            "CWE-614": 0.9843065693430657,
            "CWE-643": 1.0
          },
          "Precision": {
            "CWE-22": 1.0,
            "CWE-78": 1.0,
            "CWE-79": 1.0,
            "CWE-89": 1.0,
            "CWE-90": 1.0,
            "CWE-327": 0.9846153846153847,
            "CWE-328": 0.0,
            "CWE-330": 1.0,
            "CWE-501": 0.0,
            "CWE-614": 0.9615384615384616,
            "CWE-643": 1.0
          },
          "Recall": {
            "CWE-22": 0.8097014925373134,
            "CWE-78": 1.0,
            "CWE-79": 0.3934065934065934,
            "CWE-89": 0.9861111111111112,
            "CWE-90": 1.0,
            "CWE-327": 0.2601626016260163,
            "CWE-328": 0.0,
            "CWE-330": 0.17647058823529413,
            "CWE-501": 0.0,
            "CWE-614": 0.373134328358209,
            "CWE-643": 1.0
          },
          "F1-Score": {
            "CWE-22": 0.8948453608247423,
            "CWE-78": 1.0,
            "CWE-79": 0.5646687697160884,
            "CWE-89": 0.993006993006993,
            "CWE-90": 1.0,
            "CWE-327": 0.4115755627009646,
            "CWE-328": 0.0,
            "CWE-330": 0.3,
            "CWE-501": 0.0,
            "CWE-614": 0.5376344086021505,
            "CWE-643": 1.0
          }
        },
        "Macro Precision": 0.8132867132867133,
        "Macro Recall": 0.5453624286613216,
        "Macro F1-Score": 0.6092482813500854,
        "Weighted Precision": 0.8655614823133072,
        "Weighted Recall": 0.516058394160584,
        "Weighted F1-Score": 0.5939370310942179,
        "MCC": 0.5679837779355188,
        "Cohen Kappa": 0.9982285075175835,
        "Confusion Matrix": [
          [
            217,
            0,
            0,
            0,
            0,
            0,
            0,
            0,
            0,
            0,
            0
          ],
          [
            0,
            251,
            0,
            0,
            0,
            0,
            0,
            0,
            0,
            0,
            0
          ],
          [
            0,
            0,
            179,
            0,
            0,
            0,
            0,
            0,
            0,
            1,
            0
          ],
          [
            0,
            0,
            0,
            497,
            0,
            0,
            0,
            0,
            0,
            0,
            0
          ],
          [
            0,
            0,
            0,
            0,
            59,
            0,
            0,
            0,
            0,
            0,
            0
          ],
          [
            0,
            0,
            0,
            0,
            0,
            64,
            0,
            0,
            0,
            0,
            0
          ],
          [
            0,
            0,
            0,
            0,
            0,
            1,
            0,
            0,
            0,
            0,
            0
          ],
          [
            0,
            0,
            0,
            0,
            0,
            0,
            0,
            87,
            0,
            0,
            0
          ],
          [
            0,
            0,
            0,
            0,
            0,
            0,
            0,
            0,
            0,
            0,
            0
          ],
          [
            0,
            0,
            0,
            0,
            0,
            0,
            0,
            0,
            0,
            25,
            0
          ],
          [
            0,
            0,
            0,
            0,
            0,
            0,
            0,
            0,
            0,
            0,
            35
          ]
        ]
      },
      "Using Predicted Vulnerability Name": {
        "Per Class Metrics": {
          "Accuracy": {
            "CWE-22": 0.9821167883211679,
            "CWE-78": 1.0,
            "CWE-79": 0.8992700729927007,
            "CWE-89": 0.9974452554744525,
            "CWE-90": 1.0,
            "CWE-327": 0.9102189781021898,
            "CWE-328": 0.9138686131386862,
            "CWE-330": 0.82007299270073,
            "CWE-501": 0.954014598540146,
            "CWE-614": 0.9755474452554744,
            "CWE-643": 1.0
          },
          "Precision": {
            "CWE-22": 1.0,
            "CWE-78": 1.0,
            "CWE-79": 1.0,
            "CWE-89": 1.0,
            "CWE-90": 1.0,
            "CWE-327": 0.0,
            "CWE-328": 0.0,
            "CWE-330": 0.0,
            "CWE-501": 0.0,
            "CWE-614": 0.0,
            "CWE-643": 1.0
          },
          "Recall": {
            "CWE-22": 0.8171641791044776,
            "CWE-78": 1.0,
            "CWE-79": 0.3934065934065934,
            "CWE-89": 0.9861111111111112,
            "CWE-90": 1.0,
            "CWE-327": 0.0,
            "CWE-328": 0.0,
            "CWE-330": 0.0,
            "CWE-501": 0.0,
            "CWE-614": 0.0,
            "CWE-643": 1.0
          },
          "F1-Score": {
            "CWE-22": 0.8993839835728953,
            "CWE-78": 1.0,
            "CWE-79": 0.5646687697160884,
            "CWE-89": 0.993006993006993,
            "CWE-90": 1.0,
            "CWE-327": 0.0,
            "CWE-328": 0.0,
            "CWE-330": 0.0,
            "CWE-501": 0.0,
            "CWE-614": 0.0,
            "CWE-643": 1.0
          }
        },
        "Macro Precision": 0.5454545454545454,
        "Macro Recall": 0.4724256257838347,
        "Macro F1-Score": 0.49609634057236157,
        "Weighted Precision": 0.5737226277372263,
        "Weighted Recall": 0.45255474452554745,
        "Weighted F1-Score": 0.49030464317294914,
        "MCC": 0.5217015664275143,
        "Cohen Kappa": 1.0,