{
  "gpt-4o-2024-05-13": {
    "Dataset": "owasp",
    "Prompt Type": "chain_of_thought",
    "Vulnerability Metrics": {
      "Accuracy": 0.5675182481751825,
      "Precision": 0.5458898643256185,
      "Recall": 0.9667844522968198,
      "F1-Score": 0.6977811782708493,
      "Youden Index": 0.1079165277685179,
      "ROC-AUC Score": 0.553958263884259,
      "FPR": 0.8588679245283019,
      "FNR": 0.033215547703180213,
      "Specificity": 0.14113207547169812,
      "NPV": 0.7991452991452992,
      "FDR": 0.45411013567438147,
      "MCC": 0.1929637188691812,
      "Confusion Matrix": [
        [
          187,
          1138
        ],
        [
          47,
          1368
        ]
      ]
    },
    "Vulnerability Type Metrics": {
      "Using Predicted CWE": {
        "Per Class Metrics": {
          "Accuracy": {
            "CWE-22": 0.9375912408759124,
            "CWE-78": 1.0,
            "CWE-79": 0.8583941605839416,
            "CWE-89": 1.0,
            "CWE-90": 1.0,
            "CWE-327": 0.9167883211678832,
            "CWE-328": 0.9138686131386862,
            "CWE-330": 0.8631386861313869,
            "CWE-501": 0.954014598540146,
            "CWE-614": 0.9788321167883212,
            "CWE-643": 1.0
          },
          "Precision": {
            "CWE-22": 0.6135831381733021,
            "CWE-78": 1.0,
            "CWE-79": 0.5756207674943566,
            "CWE-89": 1.0,
            "CWE-90": 1.0,
            "CWE-327": 0.7647058823529411,
            "CWE-328": 0.0,
            "CWE-330": 0.9538461538461539,
            "CWE-501": 0.0,
            "CWE-614": 1.0,
            "CWE-643": 1.0
          },
          "Recall": {
            "CWE-22": 0.9776119402985075,
            "CWE-78": 1.0,
            "CWE-79": 0.5604395604395604,
            "CWE-89": 1.0,
            "CWE-90": 1.0,
            "CWE-327": 0.10569105691056911,
            "CWE-328": 0.0,
            "CWE-330": 0.2515212981744422,
            "CWE-501": 0.0,
            "CWE-614": 0.13432835820895522,
            "CWE-643": 1.0
          },
          "F1-Score": {
            "CWE-22": 0.753956834532374,
            "CWE-78": 1.0,
            "CWE-79": 0.5679287305122495,
            "CWE-89": 1.0,
            "CWE-90": 1.0,
            "CWE-327": 0.18571428571428572,
            "CWE-328": 0.0,
            "CWE-330": 0.39807383627608345,
            "CWE-501": 0.0,
            "CWE-614": 0.23684210526315788,
            "CWE-643": 1.0
          }
        },
        "Macro Precision": 0.7188869038060686,
        "Macro Recall": 0.548144746730185,
        "Macro F1-Score": 0.5584105265725591,
        "Weighted Precision": 0.7301866901990346,
        "Weighted Recall": 0.5565693430656934,
        "Weighted F1-Score": 0.5719972776132135,
        "MCC": 0.5509057401138676,
        "Cohen Kappa": 0.7681234726378858,
        "Confusion Matrix": [
          [
            262,
            0,
            0,
            0,
            0,
            0,
            0,
            0,
            0,
            0,
            0
          ],
          [
            0,
            251,
            0,
            0,
            0,
            0,
            0,
            0,
            0,
            0,
            0
          ],
          [
            0,
            0,
            255,
            0,
            0,
            0,
            0,
            0,
            0,
            0,
            0
          ],
          [
            0,
            0,
            0,
            504,
            0,
            0,
            0,
            0,
            0,
            0,
            0
          ],
          [
            0,
            0,
            0,
            0,
            59,
            0,
            0,
            0,
            0,
            0,
            0
          ],
          [
            59,
            0,
            0,
            0,
            0,
            26,
            0,
            5,
            0,
            0,
            0
          ],
          [
            106,
            0,
            0,
            0,
            0,
            0,
            0,
            1,
            0,
            0,
            0
          ],
          [
            0,
            0,
            139,
            0,
            0,
            8,
            0,
            124,
            0,
            0,
            0
          ],
          [
            0,
            0,
            28,
            0,
            0,
            0,
            0,
            0,
            0,
            0,
            0
          ],
          [
            0,
            0,
            21,
            0,
            0,
            0,
            0,
            0,
            0,
            9,
            0
          ],
          [
            0,
            0,
            0,
            0,
            0,
            0,
            0,
            0,
            0,
            0,
            35
          ]
        ]
      },
      "Using Predicted Vulnerability Name": {
        "Per Class Metrics": {
          "Accuracy": {
            "CWE-22": 0.9375912408759124,
            "CWE-78": 1.0,
            "CWE-79": 0.8583941605839416,
            "CWE-89": 1.0,
            "CWE-90": 1.0,
            "CWE-327": 0.9102189781021898,
            "CWE-328": 0.9138686131386862,
            "CWE-330": 0.82007299270073,
            "CWE-501": 0.954014598540146,
            "CWE-614": 0.9755474452554744,
            "CWE-643": 1.0
          },
          "Precision": {
            "CWE-22": 0.6135831381733021,
            "CWE-78": 1.0,
            "CWE-79": 0.5756207674943566,
            "CWE-89": 1.0,
            "CWE-90": 1.0,
            "CWE-327": 0.0,
            "CWE-328": 0.0,
            "CWE-330": 0.0,
            "CWE-501": 0.0,
            "CWE-614": 0.0,
            "CWE-643": 1.0
          },
          "Recall": {
            "CWE-22": 0.9776119402985075,
            "CWE-78": 1.0,
            "CWE-79": 0.5604395604395604,
            "CWE-89": 1.0,
            "CWE-90": 1.0,
            "CWE-327": 0.0,
            "CWE-328": 0.0,
            "CWE-330": 0.0,
            "CWE-501": 0.0,
            "CWE-614": 0.0,
            "CWE-643": 1.0
          },
          "F1-Score": {
            "CWE-22": 0.753956834532374,
            "CWE-78": 1.0,
            "CWE-79": 0.5679287305122495,
            "CWE-89": 1.0,
            "CWE-90": 1.0,
            "CWE-327": 0.0,
            "CWE-328": 0.0,
            "CWE-330": 0.0,
            "CWE-501": 0.0,
            "CWE-614": 0.0,
            "CWE-643": 1.0
          }
        },
        "Macro Precision": 0.4717458096061508,
        "Macro Recall": 0.5034592273398244,
        "Macro F1-Score": 0.4838077786404203,
        "Weighted Precision": 0.4654553760001377,
        "Weighted Recall": 0.4985401459854015,
        "Weighted F1-Score": 0.4779080306707116,
        "MCC": 0.5061897442942151,
        "Cohen Kappa": 0.7480454858185874,