{
  "gpt-4o-2024-05-13": {
    "Dataset": "owasp",
    "Prompt Type": "vulnerability_specific",
    "Vulnerability Metrics": {
      "Accuracy": 0.614963503649635,
      "Precision": 0.5806451612903226,
      "Recall": 0.9159010600706714,
      "F1-Score": 0.7107211406635591,
      "Youden Index": 0.20948596573104883,
      "ROC-AUC Score": 0.6047429828655244,
      "FPR": 0.7064150943396227,
      "FNR": 0.08409893992932863,
      "Specificity": 0.29358490566037737,
      "NPV": 0.765748031496063,
      "FDR": 0.41935483870967744,
      "MCC": 0.2693780104491035,
      "Confusion Matrix": [
        [
          389,
          936
        ],
        [
          119,
          1296
        ]
      ]
    },
    "Vulnerability Type Metrics": {
      "Using Predicted CWE": {
        "Per Class Metrics": {
          "Accuracy": {
            "CWE-22": 0.9978102189781022,
            "CWE-78": 1.0,
            "CWE-79": 0.9372262773722628,
            "CWE-89": 0.995985401459854,
            "CWE-90": 1.0,
            "CWE-327": 0.9638686131386861,
            "CWE-328": 0.9777372262773723,
            "CWE-330": 0.9408759124087591,
            "CWE-501": 0.9558394160583942,
            "CWE-614": 0.9883211678832117,
            "CWE-643": 1.0
          },
          "Precision": {
            "CWE-22": 0.9888059701492538,
            "CWE-78": 1.0,
            "CWE-79": 0.952076677316294,
            "CWE-89": 0.9786407766990292,
            "CWE-90": 1.0,
            "CWE-327": 0.8075313807531381,
            "CWE-328": 1.0,
            "CWE-330": 0.9910979228486647,
            "CWE-501": 1.0,
            "CWE-614": 1.0,
            "CWE-643": 1.0
          },
          "Recall": {
            "CWE-22": 0.9888059701492538,
            "CWE-78": 1.0,
            "CWE-79": 0.654945054945055,
            "CWE-89": 1.0,
            "CWE-90": 1.0,
            "CWE-327": 0.7845528455284553,
            "CWE-328": 0.7415254237288136,
            "CWE-330": 0.6774847870182555,
            "CWE-501": 0.03968253968253968,
            "CWE-614": 0.5223880597014925,
            "CWE-643": 1.0
          },
          "F1-Score": {
            "CWE-22": 0.9888059701492538,
            "CWE-78": 1.0,
            "CWE-79": 0.7760416666666666,
            "CWE-89": 0.9892051030421982,
            "CWE-90": 1.0,
            "CWE-327": 0.7958762886597938,
            "CWE-328": 0.851581508515815,
            "CWE-330": 0.8048192771084337,
            "CWE-501": 0.07633587786259542,
            "CWE-614": 0.6862745098039216,
            "CWE-643": 1.0
          }
        },
        "Macro Precision": 0.9743775207060346,
        "Macro Recall": 0.7644895164321696,
        "Macro F1-Score": 0.8153582001644253,
        "Weighted Precision": 0.9681364362280613,
        "Weighted Recall": 0.7861313868613139,
        "Weighted F1-Score": 0.843354653163741,
        "MCC": 0.7789757231715531,
        "Cohen Kappa": 0.9593740994015652,
        "Confusion Matrix": [
          [
            265,
            0,
            0,
            0,
            0,
            0,
            0,
            0,
            0,
            0,
            0
          ],
          [
            0,
            251,
            0,
            0,
            0,
            0,
            0,
            0,
            0,
            0,
            0
          ],
          [
            0,
            0,
            298,
            0,
            0,
            0,
            0,
            0,
            0,
            0,
            0
          ],
          [
            0,
            0,
            0,
            504,
            0,
            0,
            0,
            0,
            0,
            0,
            0
          ],
          [
            0,
            0,
            0,
            0,
            59,
            0,
            0,
            0,
            0,
            0,
            0
          ],
          [
            2,
            0,
            6,
            10,
            0,
            193,
            0,
            3,
            0,
            0,
            0
          ],
          [
            1,
            0,
            2,
            0,
            0,
            46,
            175,
            0,
            0,
            0,
            0
          ],
          [
            0,
            0,
            2,
            0,
            0,
            0,
            0,
            334,
            0,
            0,
            0
          ],
          [
            0,
            0,
            3,
            1,
            0,
            0,
            0,
            0,
            5,
            0,
            0
          ],
          [
            0,
            0,
            2,
            0,
            0,
            0,
            0,
            0,
            0,
            35,
            0
          ],
          [
            0,
            0,
            0,
            0,
            0,
            0,
            0,
            0,
            0,
            0,
            35
          ]
        ]
      },
      "Using Predicted Vulnerability Name": {
        "Per Class Metrics": {
          "Accuracy": {
            "CWE-22": 0.9978102189781022,
            "CWE-78": 1.0,
            "CWE-79": 0.9372262773722628,
            "CWE-89": 0.995985401459854,
            "CWE-90": 1.0,
            "CWE-327": 0.9642335766423358,
            "CWE-328": 0.9777372262773723,
            "CWE-330": 0.9408759124087591,
            "CWE-501": 0.9558394160583942,
            "CWE-614": 0.9883211678832117,
            "CWE-643": 1.0
          },
          "Precision": {
            "CWE-22": 0.9888059701492538,
            "CWE-78": 1.0,
            "CWE-79": 0.952076677316294,
            "CWE-89": 0.9786407766990292,
            "CWE-90": 1.0,
            "CWE-327": 0.8109243697478992,
            "CWE-328": 1.0,
            "CWE-330": 0.9910979228486647,
            "CWE-501": 1.0,
            "CWE-614": 1.0,
            "CWE-643": 1.0
          },
          "Recall": {
            "CWE-22": 0.9888059701492538,
            "CWE-78": 1.0,
            "CWE-79": 0.654945054945055,
            "CWE-89": 1.0,
            "CWE-90": 1.0,
            "CWE-327": 0.7845528455284553,
            "CWE-328": 0.7415254237288136,
            "CWE-330": 0.6774847870182555,
            "CWE-501": 0.03968253968253968,
            "CWE-614": 0.5223880597014925,
            "CWE-643": 1.0
          },
          "F1-Score": {
            "CWE-22": 0.9888059701492538,
            "CWE-78": 1.0,
            "CWE-79": 0.7760416666666666,
            "CWE-89": 0.9892051030421982,
            "CWE-90": 1.0,
            "CWE-327": 0.7975206611570248,
            "CWE-328": 0.851581508515815,
            "CWE-330": 0.8048192771084337,
            "CWE-501": 0.07633587786259542,
            "CWE-614": 0.6862745098039216,
            "CWE-643": 1.0
          }
        },
        "Macro Precision": 0.9746859742510129,
        "Macro Recall": 0.7644895164321696,
        "Macro F1-Score": 0.8155076885732645,
        "Weighted Precision": 0.9684410622472991,
        "Weighted Recall": 0.7861313868613139,
        "Weighted F1-Score": 0.8435022866069232,
        "MCC": 0.779045504139925,
        "Cohen Kappa": 0.959874766161731,