{
    "qwen3-coder:30b": {
        "Dataset": "owasp",
        "Prompt Type": "simple",
        "Vulnerability Metrics": {
            "Accuracy": 0.6032846715328467,
            "Precision": 0.5870488322717622,
            "Recall": 0.781625441696113,
            "F1-Score": 0.6705062140042437,
            "Youden Index": 0.19445563037535818,
            "ROC-AUC Score": 0.5972278151876791,
            "FPR": 0.5871698113207547,
            "FNR": 0.2183745583038869,
            "Specificity": 0.41283018867924526,
            "NPV": 0.639018691588785,
            "FDR": 0.4129511677282378,
            "MCC": 0.20966664698921259,
            "Confusion Matrix": [
                [
                    547,
                    778
                ],
                [
                    309,
                    1106
                ]
            ]
        },
        "Vulnerability Type Metrics": {
            "Using Predicted CWE": {
                "Per Class Metrics": {
                    "Accuracy": {
                        "CWE-22": 0.9963503649635036,
                        "CWE-78": 1.0,
                        "CWE-79": 0.9660583941605839,
                        "CWE-89": 0.9762773722627737,
                        "CWE-90": 0.997080291970803,
                        "CWE-327": 0.939051094890511,
                        "CWE-328": 0.9138686131386862,
                        "CWE-330": 0.9065693430656935,
                        "CWE-501": 0.954014598540146,
                        "CWE-614": 0.9755474452554744,
                        "CWE-643": 1.0
                    },
                    "Precision": {
                        "CWE-22": 1.0,
                        "CWE-78": 1.0,
                        "CWE-79": 0.9095022624434389,
                        "CWE-89": 1.0,
                        "CWE-90": 0.8805970149253731,
                        "CWE-327": 0.9759036144578314,
                        "CWE-328": 0.0,
                        "CWE-330": 1.0,
                        "CWE-501": 0.0,
                        "CWE-614": 0.0,
                        "CWE-643": 1.0
                    },
                    "Recall": {
                        "CWE-22": 0.9626865671641791,
                        "CWE-78": 1.0,
                        "CWE-79": 0.8835164835164835,
                        "CWE-89": 0.871031746031746,
                        "CWE-90": 1.0,
                        "CWE-327": 0.32926829268292684,
                        "CWE-328": 0.0,
                        "CWE-330": 0.48073022312373226,
                        "CWE-501": 0.0,
                        "CWE-614": 0.0,
                        "CWE-643": 1.0
                    },
                    "F1-Score": {
                        "CWE-22": 0.9809885931558935,
                        "CWE-78": 1.0,
                        "CWE-79": 0.8963210702341137,
                        "CWE-89": 0.9310710498409331,
                        "CWE-90": 0.9365079365079365,
                        "CWE-327": 0.49240121580547114,
                        "CWE-328": 0.0,
                        "CWE-330": 0.6493150684931507,
                        "CWE-501": 0.0,
                        "CWE-614": 0.0,
                        "CWE-643": 1.0
                    }
                },
                "Macro Precision": 0.7060002628933312,
                "Macro Recall": 0.5933848465926425,
                "Macro F1-Score": 0.626054994003409,
                "Weighted Precision": 0.823668263667514,
                "Weighted Recall": 0.6430656934306569,
                "Weighted F1-Score": 0.7016378960406456,
                "MCC": 0.656813043645538,
                "Cohen Kappa": 0.9664163834670747,
                "Confusion Matrix": [
                    [
                        258,
                        0,
                        0,
                        0,
                        0,
                        0,
                        0,
                        0,
                        0,
                        0,
                        0
                    ],
                    [
                        0,
                        251,
                        0,
                        0,
                        0,
                        0,
                        0,
                        0,
                        0,
                        0,
                        0
                    ],
                    [
                        0,
                        0,
                        402,
                        0,
                        0,
                        0,
                        0,
                        0,
                        0,
                        0,
                        0
                    ],
                    [
                        0,
                        0,
                        40,
                        439,
                        0,
                        0,
                        0,
                        0,
                        0,
                        0,
                        0
                    ],
                    [
                        0,
                        0,
                        0,
                        0,
                        59,
                        0,
                        0,
                        0,
                        0,
                        0,
                        0
                    ],
                    [
                        0,
                        0,
                        0,
                        0,
                        0,
                        81,
                        0,
                        0,
                        0,
                        0,
                        0
                    ],
                    [
                        0,
                        0,
                        0,
                        0,
                        0,
                        2,
                        0,
                        0,
                        0,
                        0,
                        0
                    ],
                    [
                        0,
                        0,
                        0,
                        0,
                        0,
                        0,
                        0,
                        237,
                        0,
                        0,
                        0
                    ],
                    [
                        0,
                        0,
                        0,
                        0,
                        8,
                        0,
                        0,
                        0,
                        0,
                        0,
                        0
                    ],
                    [
                        0,
                        0,
                        0,
                        0,
                        0,
                        0,
                        0,
                        0,
                        0,
                        0,
                        0
                    ],
                    [
                        0,
                        0,
                        0,
                        0,
                        0,
                        0,
                        0,
                        0,
                        0,
                        0,
                        35
                    ]
                ]
            },
            "Using Predicted Vulnerability Name": {
                "Per Class Metrics": {
                    "Accuracy": {
                        "CWE-22": 0.9963503649635036,
                        "CWE-78": 0.9978102189781022,
                        "CWE-79": 0.9667883211678832,
                        "CWE-89": 0.8160583941605839,
                        "CWE-90": 0.997080291970803,