{
    "qwen3-coder:30b": {
        "Dataset": "owasp",
        "Prompt Type": "vulnerability_specific",
        "Vulnerability Metrics": {
            "Accuracy": 0.5474452554744526,
            "Precision": 0.5642909625275533,
            "Recall": 0.542756183745583,
            "F1-Score": 0.553314121037464,
            "Youden Index": 0.09520901393426229,
            "ROC-AUC Score": 0.5476045069671311,
            "FPR": 0.44754716981132076,
            "FNR": 0.45724381625441696,
            "Specificity": 0.5524528301886793,
            "NPV": 0.5308194343727338,
            "FDR": 0.4357090374724467,
            "MCC": 0.09515969264227714,
            "Confusion Matrix": [
                [
                    732,
                    593
                ],
                [
                    647,
                    768
                ]
            ]
        },
        "Vulnerability Type Metrics": {
            "Using Predicted CWE": {
                "Per Class Metrics": {
                    "Accuracy": {
                        "CWE-22": 0.9985401459854014,
                        "CWE-78": 1.0,
                        "CWE-79": 0.9237226277372262,
                        "CWE-89": 0.9916058394160584,
                        "CWE-90": 1.0,
                        "CWE-327": 0.9102189781021898,
                        "CWE-328": 0.9138686131386862,
                        "CWE-330": 0.82992700729927,
                        "CWE-501": 0.954014598540146,
                        "CWE-614": 0.9737226277372263,
                        "CWE-643": 0.9974452554744525
                    },
                    "Precision": {
                        "CWE-22": 1.0,
                        "CWE-78": 1.0,
                        "CWE-79": 1.0,
                        "CWE-89": 1.0,
                        "CWE-90": 1.0,
                        "CWE-327": 0.0,
                        "CWE-328": 0.0,
                        "CWE-330": 1.0,
                        "CWE-501": 0.0,
                        "CWE-614": 0.0,
                        "CWE-643": 1.0
                    },
                    "Recall": {
                        "CWE-22": 0.9850746268656716,
                        "CWE-78": 1.0,
                        "CWE-79": 0.5406593406593406,
                        "CWE-89": 0.9543650793650794,
                        "CWE-90": 1.0,
                        "CWE-327": 0.0,
                        "CWE-328": 0.0,
                        "CWE-330": 0.05476673427991886,
                        "CWE-501": 0.0,
                        "CWE-614": 0.0,
                        "CWE-643": 0.8
                    },
                    "F1-Score": {
                        "CWE-22": 0.9924812030075187,
                        "CWE-78": 1.0,
                        "CWE-79": 0.7018544935805991,
                        "CWE-89": 0.9766497461928934,
                        "CWE-90": 1.0,
                        "CWE-327": 0.0,
                        "CWE-328": 0.0,
                        "CWE-330": 0.10384615384615385,
                        "CWE-501": 0.0,
                        "CWE-614": 0.0,
                        "CWE-643": 0.8888888888888888
                    }
                },
                "Macro Precision": 0.6363636363636364,
                "Macro Recall": 0.4849877982881827,
                "Macro F1-Score": 0.5148836805014594,
                "Weighted Precision": 0.7536496350364964,
                "Weighted Recall": 0.4948905109489051,
                "Weighted F1-Score": 0.536447990519588,
                "MCC": 0.55209985611793,
                "Cohen Kappa": 0.9952165487029853,
                "Confusion Matrix": [
                    [
                        264,
                        0,
                        0,
                        0,
                        0,
                        0,
                        0,
                        0,
                        0,
                        0,
                        0
                    ],
                    [
                        0,
                        251,
                        0,
                        0,
                        0,
                        0,
                        0,
                        0,
                        0,
                        0,
                        0
                    ],
                    [
                        0,
                        0,
                        246,
                        0,
                        0,
                        0,
                        0,
                        0,
                        0,
                        0,
                        0
                    ],
                    [
                        0,
                        0,
                        0,
                        481,
                        0,
                        0,
                        0,
                        0,
                        0,
                        0,
                        0
                    ],
                    [
                        0,
                        0,
                        0,
                        0,
                        59,
                        0,
                        0,
                        0,
                        0,
                        0,
                        0
                    ],
                    [
                        0,
                        0,
                        0,
                        0,
                        0,
                        0,
                        0,
                        0,
                        0,
                        0,
                        0
                    ],
                    [
                        0,
                        0,
                        0,
                        0,
                        0,
                        0,
                        0,
                        0,
                        0,
                        0,
                        0
                    ],
                    [
                        0,
                        0,
                        0,
                        0,
                        0,
                        0,
                        0,
                        27,
                        0,
                        0,
                        0
                    ],
                    [
                        0,
                        0,
                        0,
                        0,
                        0,
                        0,
                        0,
                        0,
                        0,
                        0,
                        0
                    ],
                    [
                        0,
                        0,
                        0,
                        0,
                        0,
                        0,
                        0,
                        0,
                        0,
                        0,
                        0
                    ],
                    [
                        0,
                        0,
                        0,
                        0,
                        0,
                        0,
                        0,
                        0,
                        0,
                        5,
                        28
                    ]
                ]
            },
            "Using Predicted Vulnerability Name": {
                "Per Class Metrics": {
                    "Accuracy": {
                        "CWE-22": 0.9985401459854014,
                        "CWE-78": 1.0,
                        "CWE-79": 0.9237226277372262,
                        "CWE-89": 0.9916058394160584,
                        "CWE-90": 1.0,
                        "CWE-327": 0.9102189781021898,
                        "CWE-328": 0.9138686131386862,