{
    "gpt-4o-mini-2024-07-18": {
        "Dataset": "owasp",
        "Prompt Type": "chain_of_thought",
        "Vulnerability Metrics": {
            "Accuracy": 0.5514598540145985,
            "Precision": 0.5367008681925809,
            "Recall": 0.9611307420494699,
            "F1-Score": 0.6887819701190174,
            "Youden Index": 0.07509300620041337,
            "ROC-AUC Score": 0.5375465031002066,
            "FPR": 0.8860377358490567,
            "FNR": 0.038869257950530034,
            "Specificity": 0.11396226415094339,
            "NPV": 0.7330097087378641,
            "FDR": 0.4632991318074191,
            "MCC": 0.14231436338527104,
            "Confusion Matrix": [
                [
                    151,
                    1174
                ],
                [
                    55,
                    1360
                ]
            ]
        },
        "Vulnerability Type Metrics": {
            "Using Predicted CWE": {
                "Per Class Metrics": {
                    "Accuracy": {
                        "CWE-22": 0.9985401459854014,
                        "CWE-78": 0.9989051094890511,
                        "CWE-79": 0.9748175182481752,
                        "CWE-89": 0.9923357664233576,
                        "CWE-90": 0.9784671532846715,
                        "CWE-327": 0.9098540145985401,
                        "CWE-328": 0.9138686131386862,
                        "CWE-330": 0.8638686131386861,
                        "CWE-501": 0.954014598540146,
                        "CWE-614": 0.9755474452554744,
                        "CWE-643": 0.9872262773722628
                    },
                    "Precision": {
                        "CWE-22": 0.9852941176470589,
                        "CWE-78": 0.9881889763779528,
                        "CWE-79": 0.9730392156862745,
                        "CWE-89": 0.96,
                        "CWE-90": 0.0,
                        "CWE-327": 0.0,
                        "CWE-328": 0.0,
                        "CWE-330": 1.0,
                        "CWE-501": 0.0,
                        "CWE-614": 0.0,
                        "CWE-643": 0.0
                    },
                    "Recall": {
                        "CWE-22": 1.0,
                        "CWE-78": 1.0,
                        "CWE-79": 0.8725274725274725,
                        "CWE-89": 1.0,
                        "CWE-90": 0.0,
                        "CWE-327": 0.0,
                        "CWE-328": 0.0,
                        "CWE-330": 0.2434077079107505,
                        "CWE-501": 0.0,
                        "CWE-614": 0.0,
                        "CWE-643": 0.0
                    },
                    "F1-Score": {
                        "CWE-22": 0.9925925925925926,
                        "CWE-78": 0.994059405940594,
                        "CWE-79": 0.9200463499420626,
                        "CWE-89": 0.9795918367346939,
                        "CWE-90": 0.0,
                        "CWE-327": 0.0,
                        "CWE-328": 0.0,
                        "CWE-330": 0.3915171288743883,
                        "CWE-501": 0.0,
                        "CWE-614": 0.0,
                        "CWE-643": 0.0
                    }
                },
                "Macro Precision": 0.44604748270102607,
                "Macro Recall": 0.3741759254943839,
                "Macro F1-Score": 0.38889157400766644,
                "Weighted Precision": 0.704987992604939,
                "Weighted Recall": 0.5620437956204379,
                "Weighted F1-Score": 0.5915609653937597,
                "MCC": 0.5927735061070587,
                "Cohen Kappa": 0.9670602068535618,
                "Confusion Matrix": [
                    [
                        268,
                        0,
                        0,
                        0,
                        0,
                        0,
                        0,
                        0,
                        0,
                        0,
                        0
                    ],
                    [
                        0,
                        251,
                        0,
                        0,
                        0,
                        0,
                        0,
                        0,
                        0,
                        0,
                        0
                    ],
                    [
                        0,
                        0,
                        397,
                        0,
                        0,
                        0,
                        0,
                        0,
                        0,
                        0,
                        0
                    ],
                    [
                        0,
                        0,
                        0,
                        504,
                        0,
                        0,
                        0,
                        0,
                        0,
                        0,
                        0
                    ],
                    [
                        0,
                        0,
                        0,
                        21,
                        0,
                        0,
                        0,
                        0,
                        0,
                        0,
                        0
                    ],
                    [
                        2,
                        0,
                        0,
                        0,
                        0,
                        0,
                        0,
                        0,
                        0,
                        0,
                        0
                    ],
                    [
                        2,
                        0,
                        0,
                        0,
                        0,
                        0,
                        0,
                        0,
                        0,
                        0,
                        0
                    ],
                    [
                        0,
                        0,
                        0,
                        0,
                        0,
                        1,
                        0,
                        120,
                        0,
                        0,
                        0
                    ],
                    [
                        0,
                        0,
                        8,
                        0,
                        0,
                        0,
                        0,
                        0,
                        0,
                        0,
                        0
                    ],
                    [
                        0,
                        0,
                        3,
                        0,
                        0,
                        0,
                        0,
                        0,
                        0,
                        0,
                        0
                    ],
                    [
                        0,
                        3,
                        0,
                        0,
                        0,
                        0,
                        0,
                        0,
                        0,
                        0,
                        0
                    ]
                ]
            },
            "Using Predicted Vulnerability Name": {
                "Per Class Metrics": {
                    "Accuracy": {
                        "CWE-22": 0.9985401459854014,
                        "CWE-78": 1.0,
                        "CWE-79": 0.9748175182481752,
                        "CWE-89": 1.0,
                        "CWE-90": 0.993065693430657,
                        "CWE-327": 0.9102189781021898,