{
    "gpt-4o-mini-2024-07-18": {
        "Dataset": "owasp",
        "Prompt Type": "vulnerability_specific",
        "Vulnerability Metrics": {
            "Accuracy": 0.5211678832116788,
            "Precision": 0.5209775967413443,
            "Recall": 0.903886925795053,
            "F1-Score": 0.6609819121447028,
            "Youden Index": 0.016339755983732385,
            "ROC-AUC Score": 0.5081698779918661,
            "FPR": 0.8875471698113208,
            "FNR": 0.096113074204947,
            "Specificity": 0.11245283018867924,
            "NPV": 0.5228070175438596,
            "FDR": 0.4790224032586558,
            "MCC": 0.0267475216284064,
            "Confusion Matrix": [
                [
                    149,
                    1176
                ],
                [
                    136,
                    1279
                ]
            ]
        },
        "Vulnerability Type Metrics": {
            "Using Predicted CWE": {
                "Per Class Metrics": {
                    "Accuracy": {
                        "CWE-22": 0.9645985401459855,
                        "CWE-78": 0.9992700729927008,
                        "CWE-79": 0.9919708029197081,
                        "CWE-89": 1.0,
                        "CWE-90": 1.0,
                        "CWE-327": 0.9605839416058394,
                        "CWE-328": 0.9138686131386862,
                        "CWE-330": 0.9992700729927008,
                        "CWE-501": 0.9594890510948905,
                        "CWE-614": 0.9923357664233576,
                        "CWE-643": 1.0
                    },
                    "Precision": {
                        "CWE-22": 0.7342465753424657,
                        "CWE-78": 0.9920948616600791,
                        "CWE-79": 0.9538784067085954,
                        "CWE-89": 1.0,
                        "CWE-90": 1.0,
                        "CWE-327": 0.8285714285714286,
                        "CWE-328": 0.0,
                        "CWE-330": 1.0,
                        "CWE-501": 1.0,
                        "CWE-614": 1.0,
                        "CWE-643": 1.0
                    },
                    "Recall": {
                        "CWE-22": 1.0,
                        "CWE-78": 1.0,
                        "CWE-79": 1.0,
                        "CWE-89": 1.0,
                        "CWE-90": 1.0,
                        "CWE-327": 0.7073170731707317,
                        "CWE-328": 0.0,
                        "CWE-330": 0.9959432048681541,
                        "CWE-501": 0.11904761904761904,
                        "CWE-614": 0.6865671641791045,
                        "CWE-643": 1.0
                    },
                    "F1-Score": {
                        "CWE-22": 0.8467614533965245,
                        "CWE-78": 0.996031746031746,
                        "CWE-79": 0.9763948497854077,
                        "CWE-89": 1.0,
                        "CWE-90": 1.0,
                        "CWE-327": 0.7631578947368421,
                        "CWE-328": 0.0,
                        "CWE-330": 0.9979674796747967,
                        "CWE-501": 0.2127659574468085,
                        "CWE-614": 0.8141592920353983,
                        "CWE-643": 1.0
                    }
                },
                "Macro Precision": 0.8644355702075063,
                "Macro Recall": 0.7735340964786918,
                "Macro F1-Score": 0.7824762430097749,
                "Weighted Precision": 0.8641011456019865,
                "Weighted Recall": 0.8386861313868613,
                "Weighted F1-Score": 0.8322217836518996,
                "MCC": 0.8258372469660278,
                "Cohen Kappa": 0.9245346743822009,
                "Confusion Matrix": [
                    [
                        268,
                        0,
                        0,
                        0,
                        0,
                        0,
                        0,
                        0,
                        0,
                        0,
                        0
                    ],
                    [
                        0,
                        251,
                        0,
                        0,
                        0,
                        0,
                        0,
                        0,
                        0,
                        0,
                        0
                    ],
                    [
                        0,
                        0,
                        455,
                        0,
                        0,
                        0,
                        0,
                        0,
                        0,
                        0,
                        0
                    ],
                    [
                        0,
                        0,
                        0,
                        504,
                        0,
                        0,
                        0,
                        0,
                        0,
                        0,
                        0
                    ],
                    [
                        0,
                        0,
                        0,
                        0,
                        59,
                        0,
                        0,
                        0,
                        0,
                        0,
                        0
                    ],
                    [
                        10,
                        0,
                        0,
                        0,
                        0,
                        174,
                        0,
                        0,
                        0,
                        0,
                        0
                    ],
                    [
                        85,
                        2,
                        1,
                        0,
                        0,
                        36,
                        0,
                        0,
                        0,
                        0,
                        0
                    ],
                    [
                        0,
                        0,
                        0,
                        0,
                        0,
                        0,
                        0,
                        491,
                        0,
                        0,
                        0
                    ],
                    [
                        2,
                        0,
                        18,
                        0,
                        0,
                        0,
                        0,
                        0,
                        15,
                        0,
                        0
                    ],
                    [
                        0,
                        0,
                        3,
                        0,
                        0,
                        0,
                        0,
                        0,
                        0,
                        46,
                        0
                    ],
                    [
                        0,
                        0,
                        0,
                        0,
                        0,
                        0,
                        0,
                        0,
                        0,
                        0,
                        35
                    ]
                ]
            },
            "Using Predicted Vulnerability Name": {
                "Per Class Metrics": {
                    "Accuracy": {
                        "CWE-22": 0.9645985401459855,
                        "CWE-78": 0.9992700729927008,
                        "CWE-79": 0.9919708029197081,
                        "CWE-89": 1.0,
                        "CWE-90": 1.0,