{
  "qwen2:72b": {
    "Dataset": "owasp",
    "Prompt Type": "vulnerability_specific",
    "Vulnerability Metrics": {
      "Accuracy": 0.5733576642335766,
      "Precision": 0.5767790262172284,
      "Recall": 0.6530035335689046,
      "F1-Score": 0.6125290023201856,
      "Youden Index": 0.14130542036135751,
      "ROC-AUC Score": 0.5706527101806786,
      "FPR": 0.5116981132075472,
      "FNR": 0.3469964664310954,
      "Specificity": 0.48830188679245284,
      "NPV": 0.5685413005272407,
      "FDR": 0.4232209737827715,
      "MCC": 0.1432988131760938,
      "Confusion Matrix": [
        [
          647,
          678
        ],
        [
          491,
          924
        ]
      ]
    },
    "Vulnerability Type Metrics": {
      "Using Predicted CWE": {
        "Per Class Metrics": {
          "Accuracy": {
            "CWE-22": 0.9905109489051095,
            "CWE-78": 0.9901459854014598,
            "CWE-79": 0.9507299270072993,
            "CWE-89": 0.9883211678832117,
            "CWE-90": 0.9978102189781022,
            "CWE-327": 0.9065693430656935,
            "CWE-328": 0.9262773722627737,
            "CWE-330": 0.82007299270073,
            "CWE-501": 0.954014598540146,
            "CWE-614": 0.9868613138686131,
            "CWE-643": 0.9872262773722628
          },
          "Precision": {
            "CWE-22": 1.0,
            "CWE-78": 0.9117647058823529,
            "CWE-79": 0.9651162790697675,
            "CWE-89": 0.9419475655430711,
            "CWE-90": 1.0,
            "CWE-327": 0.44565217391304346,
            "CWE-328": 1.0,
            "CWE-330": 0.0,
            "CWE-501": 0.0,
            "CWE-614": 1.0,
            "CWE-643": 0.0
          },
          "Recall": {
            "CWE-22": 0.9029850746268657,
            "CWE-78": 0.9880478087649402,
            "CWE-79": 0.7296703296703296,
            "CWE-89": 0.998015873015873,
            "CWE-90": 0.8983050847457628,
            "CWE-327": 0.16666666666666666,
            "CWE-328": 0.1440677966101695,
            "CWE-330": 0.0,
            "CWE-501": 0.0,
            "CWE-614": 0.4626865671641791,
            "CWE-643": 0.0
          },
          "F1-Score": {
            "CWE-22": 0.9490196078431372,
            "CWE-78": 0.9483747609942639,
            "CWE-79": 0.8310387984981227,
            "CWE-89": 0.9691714836223507,
            "CWE-90": 0.9464285714285714,
            "CWE-327": 0.24260355029585798,
            "CWE-328": 0.2518518518518518,
            "CWE-330": 0.0,
            "CWE-501": 0.0,
            "CWE-614": 0.6326530612244898,
            "CWE-643": 0.0
          }
        },
        "Macro Precision": 0.6604073385825668,
        "Macro Recall": 0.4809495637513443,
        "Macro F1-Score": 0.5246492441598769,
        "Weighted Precision": 0.686990093419537,
        "Weighted Recall": 0.5416058394160584,
        "Weighted F1-Score": 0.5752952380291884,
        "MCC": 0.570979977185995,
        "Cohen Kappa": 0.9074071897115181,
        "Confusion Matrix": [
          [
            242,
            0,
            0,
            0,
            0,
            0,
            0,
            0,
            0,
            0,
            0
          ],
          [
            0,
            248,
            0,
            0,
            0,
            0,
            0,
            0,
            0,
            0,
            0
          ],
          [
            0,
            14,
            332,
            0,
            0,
            0,
            0,
            0,
            0,
            0,
            0
          ],
          [
            0,
            0,
            0,
            503,
            0,
            0,
            0,
            0,
            0,
            0,
            0
          ],
          [
            0,
            0,
            0,
            0,
            53,
            0,
            0,
            0,
            0,
            0,
            0
          ],
          [
            0,
            1,
            1,
            2,
            0,
            41,
            0,
            0,
            0,
            0,
            0
          ],
          [
            0,
            0,
            4,
            7,
            0,
            51,
            34,
            0,
            0,
            0,
            0
          ],
          [
            0,
            2,
            1,
            2,
            0,
            0,
            0,
            0,
            0,
            0,
            0
          ],
          [
            0,
            1,
            5,
            0,
            0,
            0,
            0,
            0,
            0,
            0,
            0
          ],
          [
            0,
            0,
            0,
            0,
            0,
            0,
            0,
            0,
            0,
            31,
            0
          ],
          [
            0,
            6,
            1,
            20,
            0,
            0,
            0,
            0,
            0,
            0,
            0
          ]
        ]
      },
      "Using Predicted Vulnerability Name": {
        "Per Class Metrics": {
          "Accuracy": {
            "CWE-22": 0.9905109489051095,
            "CWE-78": 0.9901459854014598,
            "CWE-79": 0.9507299270072993,
            "CWE-89": 0.9883211678832117,
            "CWE-90": 0.9978102189781022,
            "CWE-327": 0.9102189781021898,
            "CWE-328": 0.9262773722627737,
            "CWE-330": 0.82007299270073,
            "CWE-501": 0.954014598540146,
            "CWE-614": 0.983941605839416,
            "CWE-643": 0.9872262773722628
          },
          "Precision": {
            "CWE-22": 1.0,
            "CWE-78": 0.9117647058823529,
            "CWE-79": 0.9651162790697675,
            "CWE-89": 0.9419475655430711,
            "CWE-90": 1.0,
            "CWE-327": 0.0,
            "CWE-328": 1.0,
            "CWE-330": 0.0,
            "CWE-501": 0.0,
            "CWE-614": 1.0,
            "CWE-643": 0.0
          },
          "Recall": {
            "CWE-22": 0.9029850746268657,
            "CWE-78": 0.9880478087649402,
            "CWE-79": 0.7296703296703296,
            "CWE-89": 0.998015873015873,
            "CWE-90": 0.8983050847457628,
            "CWE-327": 0.0,
            "CWE-328": 0.1440677966101695,
            "CWE-330": 0.0,
            "CWE-501": 0.0,
            "CWE-614": 0.34328358208955223,
            "CWE-643": 0.0
          },
          "F1-Score": {
            "CWE-22": 0.9490196078431372,
            "CWE-78": 0.9483747609942639,
            "CWE-79": 0.8310387984981227,
            "CWE-89": 0.9691714836223507,
            "CWE-90": 0.9464285714285714,
            "CWE-327": 0.0,
            "CWE-328": 0.2518518518518518,
            "CWE-330": 0.0,
            "CWE-501": 0.0,
            "CWE-614": 0.5111111111111111,
            "CWE-643": 0.0
          }
        },
        "Macro Precision": 0.619893504590472,
        "Macro Recall": 0.454943231774863,
        "Macro F1-Score": 0.4915451077590371,
        "Weighted Precision": 0.6469789858346432,
        "Weighted Recall": 0.5237226277372263,
        "Weighted F1-Score": 0.5505420321786857,
        "MCC": 0.5642183646035018,
        "Cohen Kappa": 0.942080817731325,