{
  "qwen2:72b": {
    "Dataset": "owasp",
    "Prompt Type": "chain_of_thought",
    "Vulnerability Metrics": {
      "Accuracy": 0.5558394160583942,
      "Precision": 0.5529978586723768,
      "Recall": 0.7300353356890459,
      "F1-Score": 0.6293024672555589,
      "Youden Index": 0.09984665644376278,
      "ROC-AUC Score": 0.5499233282218815,
      "FPR": 0.630188679245283,
      "FNR": 0.26996466431095406,
      "Specificity": 0.36981132075471695,
      "NPV": 0.5619266055045872,
      "FDR": 0.4470021413276231,
      "MCC": 0.10712060255460135,
      "Confusion Matrix": [
        [
          490,
          835
        ],
        [
          382,
          1033
        ]
      ]
    },
    "Vulnerability Type Metrics": {
      "Using Predicted CWE": {
        "Per Class Metrics": {
          "Accuracy": {
            "CWE-22": 0.8996350364963503,
            "CWE-78": 0.9726277372262774,
            "CWE-79": 0.843065693430657,
            "CWE-89": 0.9824817518248176,
            "CWE-90": 0.9784671532846715,
            "CWE-327": 0.9102189781021898,
            "CWE-328": 0.9138686131386862,
            "CWE-330": 0.82007299270073,
            "CWE-501": 0.954014598540146,
            "CWE-614": 0.9755474452554744,
            "CWE-643": 0.9872262773722628
          },
          "Precision": {
            "CWE-22": 0.47244094488188976,
            "CWE-78": 0.7699386503067485,
            "CWE-79": 0.5373134328358209,
            "CWE-89": 0.9222222222222223,
            "CWE-90": 0.0,
            "CWE-327": 0.0,
            "CWE-328": 0.0,
            "CWE-330": 0.0,
            "CWE-501": 0.0,
            "CWE-614": 0.0,
            "CWE-643": 0.0
          },
          "Recall": {
            "CWE-22": 0.22388059701492538,
            "CWE-78": 1.0,
            "CWE-79": 0.3956043956043956,
            "CWE-89": 0.9880952380952381,
            "CWE-90": 0.0,
            "CWE-327": 0.0,
            "CWE-328": 0.0,
            "CWE-330": 0.0,
            "CWE-501": 0.0,
            "CWE-614": 0.0,
            "CWE-643": 0.0
          },
          "F1-Score": {
            "CWE-22": 0.3037974683544304,
            "CWE-78": 0.8700173310225303,
            "CWE-79": 0.45569620253164556,
            "CWE-89": 0.9540229885057471,
            "CWE-90": 0.0,
            "CWE-327": 0.0,
            "CWE-328": 0.0,
            "CWE-330": 0.0,
            "CWE-501": 0.0,
            "CWE-614": 0.0,
            "CWE-643": 0.0
          }
        },
        "Macro Precision": 0.2456286591133347,
        "Macro Recall": 0.2370527482467781,
        "Macro F1-Score": 0.23486672640130485,
        "Weighted Precision": 0.3756008709473135,
        "Weighted Recall": 0.36094890510948907,
        "Weighted F1-Score": 0.36056986495052473,
        "MCC": 0.38021138579554253,
        "Cohen Kappa": 0.6635042077670469,
        "Confusion Matrix": [
          [
            60,
            0,
            0,
            0,
            0,
            0,
            0,
            0,
            0,
            0,
            0
          ],
          [
            0,
            251,
            0,
            0,
            0,
            0,
            0,
            0,
            0,
            0,
            0
          ],
          [
            0,
            21,
            180,
            0,
            0,
            0,
            0,
            0,
            0,
            0,
            0
          ],
          [
            0,
            0,
            0,
            498,
            0,
            0,
            0,
            0,
            0,
            0,
            0
          ],
          [
            0,
            9,
            1,
            42,
            0,
            0,
            0,
            0,
            0,
            0,
            0
          ],
          [
            1,
            28,
            19,
            0,
            0,
            0,
            0,
            0,
            0,
            0,
            0
          ],
          [
            66,
            13,
            3,
            0,
            0,
            0,
            0,
            0,
            0,
            0,
            0
          ],
          [
            0,
            0,
            109,
            0,
            0,
            0,
            0,
            0,
            0,
            0,
            0
          ],
          [
            0,
            0,
            3,
            0,
            0,
            0,
            0,
            0,
            0,
            0,
            0
          ],
          [
            0,
            4,
            19,
            0,
            0,
            0,
            0,
            0,
            0,
            0,
            0
          ],
          [
            0,
            0,
            1,
            0,
            0,
            0,
            0,
            0,
            0,
            0,
            0
          ]
        ]
      },
      "Using Predicted Vulnerability Name": {
        "Per Class Metrics": {
          "Accuracy": {
            "CWE-22": 0.9025547445255474,
            "CWE-78": 0.9266423357664234,
            "CWE-79": 0.8423357664233576,
            "CWE-89": 0.9781021897810219,
            "CWE-90": 0.9817518248175182,
            "CWE-327": 0.9102189781021898,
            "CWE-328": 0.9138686131386862,
            "CWE-330": 0.82007299270073,
            "CWE-501": 0.954014598540146,
            "CWE-614": 0.9755474452554744,
            "CWE-643": 0.9875912408759124
          },
          "Precision": {
            "CWE-22": 1.0,
            "CWE-78": 0.5553097345132744,
            "CWE-79": 0.5341246290801187,
            "CWE-89": 0.9021739130434783,
            "CWE-90": 1.0,
            "CWE-327": 0.0,
            "CWE-328": 0.0,
            "CWE-330": 0.0,
            "CWE-501": 0.0,
            "CWE-614": 0.0,
            "CWE-643": 1.0
          },
          "Recall": {
            "CWE-22": 0.0037313432835820895,
            "CWE-78": 1.0,
            "CWE-79": 0.3956043956043956,
            "CWE-89": 0.9880952380952381,
            "CWE-90": 0.15254237288135594,
            "CWE-327": 0.0,
            "CWE-328": 0.0,
            "CWE-330": 0.0,
            "CWE-501": 0.0,
            "CWE-614": 0.0,
            "CWE-643": 0.02857142857142857
          },
          "F1-Score": {
            "CWE-22": 0.007434944237918215,
            "CWE-78": 0.7140825035561877,
            "CWE-79": 0.45454545454545453,
            "CWE-89": 0.9431818181818182,
            "CWE-90": 0.2647058823529412,
            "CWE-327": 0.0,
            "CWE-328": 0.0,
            "CWE-330": 0.0,
            "CWE-501": 0.0,
            "CWE-614": 0.0,
            "CWE-643": 0.05555555555555555
          }
        },
        "Macro Precision": 0.4537825706033519,
        "Macro Recall": 0.23350407076690913,
        "Macro F1-Score": 0.22177328712998864,
        "Weighted Precision": 0.43762959918547406,
        "Weighted Recall": 0.34306569343065696,
        "Weighted F1-Score": 0.32152232961074867,
        "MCC": 0.3567847301354148,
        "Cohen Kappa": 0.5935926105624889,