{
  "qwen2:72b": {
    "Dataset": "owasp",
    "Prompt Type": "few_shot",
    "Vulnerability Metrics": {
      "Accuracy": 0.5689781021897811,
      "Precision": 0.6379716981132075,
      "Recall": 0.3823321554770318,
      "F1-Score": 0.4781263809102961,
      "Youden Index": 0.1506340422694845,
      "ROC-AUC Score": 0.5753170211347423,
      "FPR": 0.23169811320754716,
      "FNR": 0.6176678445229682,
      "Specificity": 0.7683018867924528,
      "NPV": 0.5380549682875264,
      "FDR": 0.36202830188679247,
      "MCC": 0.1628361394382851,
      "Confusion Matrix": [
        [
          1018,
          307
        ],
        [
          874,
          541
        ]
      ]
    },
    "Vulnerability Type Metrics": {
      "Using Predicted CWE": {
        "Per Class Metrics": {
          "Accuracy": {
            "CWE-22": 0.9186131386861314,
            "CWE-78": 0.9718978102189781,
            "CWE-79": 0.8737226277372263,
            "CWE-89": 0.9708029197080292,
            "CWE-90": 0.9784671532846715,
            "CWE-327": 0.9102189781021898,
            "CWE-328": 0.9138686131386862,
            "CWE-330": 0.82007299270073,
            "CWE-501": 0.954014598540146,
            "CWE-614": 0.9755474452554744,
            "CWE-643": 0.9872262773722628
          },
          "Precision": {
            "CWE-22": 1.0,
            "CWE-78": 0.935,
            "CWE-79": 0.990990990990991,
            "CWE-89": 0.9907407407407407,
            "CWE-90": 0.0,
            "CWE-327": 0.0,
            "CWE-328": 0.0,
            "CWE-330": 0.0,
            "CWE-501": 0.0,
            "CWE-614": 0.0,
            "CWE-643": 0.0
          },
          "Recall": {
            "CWE-22": 0.16791044776119404,
            "CWE-78": 0.7450199203187251,
            "CWE-79": 0.24175824175824176,
            "CWE-89": 0.8492063492063492,
            "CWE-90": 0.0,
            "CWE-327": 0.0,
            "CWE-328": 0.0,
            "CWE-330": 0.0,
            "CWE-501": 0.0,
            "CWE-614": 0.0,
            "CWE-643": 0.0
          },
          "F1-Score": {
            "CWE-22": 0.28753993610223644,
            "CWE-78": 0.8292682926829268,
            "CWE-79": 0.38869257950530034,
            "CWE-89": 0.9145299145299145,
            "CWE-90": 0.0,
            "CWE-327": 0.0,
            "CWE-328": 0.0,
            "CWE-330": 0.0,
            "CWE-501": 0.0,
            "CWE-614": 0.0,
            "CWE-643": 0.0
          }
        },
        "Macro Precision": 0.35606652106652104,
        "Macro Recall": 0.18217226900404634,
        "Macro F1-Score": 0.22000279298367076,
        "Weighted Precision": 0.5302624942460709,
        "Weighted Recall": 0.28102189781021897,
        "Weighted F1-Score": 0.336855928809052,
        "MCC": 0.374604817383692,
        "Cohen Kappa": 0.9629846134574834,
        "Confusion Matrix": [
          [
            45,
            0,
            0,
            0,
            0,
            0,
            0,
            0,
            0,
            0,
            0
          ],
          [
            0,
            187,
            0,
            0,
            0,
            0,
            0,
            0,
            0,
            0,
            0
          ],
          [
            0,
            11,
            110,
            0,
            0,
            0,
            0,
            0,
            0,
            0,
            0
          ],
          [
            0,
            0,
            0,
            428,
            0,
            0,
            0,
            0,
            0,
            0,
            0
          ],
          [
            0,
            0,
            0,
            4,
            0,
            0,
            0,
            0,
            0,
            0,
            0
          ],
          [
            0,
            0,
            0,
            0,
            0,
            0,
            0,
            0,
            0,
            0,
            0
          ],
          [
            0,
            0,
            0,
            0,
            0,
            0,
            0,
            0,
            0,
            0,
            0
          ],
          [
            0,
            0,
            0,
            0,
            0,
            0,
            0,
            0,
            0,
            0,
            0
          ],
          [
            0,
            0,
            0,
            0,
            0,
            0,
            0,
            0,
            0,
            0,
            0
          ],
          [
            0,
            2,
            1,
            0,
            0,
            0,
            0,
            0,
            0,
            0,
            0
          ],
          [
            0,
            0,
            0,
            0,
            0,
            0,
            0,
            0,
            0,
            0,
            0
          ]
        ]
      },
      "Using Predicted Vulnerability Name": {
        "Per Class Metrics": {
          "Accuracy": {
            "CWE-22": 0.9186131386861314,
            "CWE-78": 0.9711678832116788,
            "CWE-79": 0.8737226277372263,
            "CWE-89": 0.9708029197080292,
            "CWE-90": 0.9784671532846715,
            "CWE-327": 0.9102189781021898,
            "CWE-328": 0.9138686131386862,
            "CWE-330": 0.82007299270073,
            "CWE-501": 0.954014598540146,
            "CWE-614": 0.9755474452554744,
            "CWE-643": 0.9872262773722628
          },
          "Precision": {
            "CWE-22": 1.0,
            "CWE-78": 0.9257425742574258,
            "CWE-79": 0.990990990990991,
            "CWE-89": 0.9907407407407407,
            "CWE-90": 0.0,
            "CWE-327": 0.0,
            "CWE-328": 0.0,
            "CWE-330": 0.0,
            "CWE-501": 0.0,
            "CWE-614": 0.0,
            "CWE-643": 0.0
          },
          "Recall": {
            "CWE-22": 0.16791044776119404,
            "CWE-78": 0.7450199203187251,
            "CWE-79": 0.24175824175824176,
            "CWE-89": 0.8492063492063492,
            "CWE-90": 0.0,
            "CWE-327": 0.0,
            "CWE-328": 0.0,
            "CWE-330": 0.0,
            "CWE-501": 0.0,
            "CWE-614": 0.0,
            "CWE-643": 0.0
          },
          "F1-Score": {
            "CWE-22": 0.28753993610223644,
            "CWE-78": 0.82560706401766,
            "CWE-79": 0.38869257950530034,
            "CWE-89": 0.9145299145299145,
            "CWE-90": 0.0,
            "CWE-327": 0.0,
            "CWE-328": 0.0,
            "CWE-330": 0.0,
            "CWE-501": 0.0,
            "CWE-614": 0.0,
            "CWE-643": 0.0
          }
        },
        "Macro Precision": 0.3552249369081052,
        "Macro Recall": 0.18217226900404634,
        "Macro F1-Score": 0.219669954014101,
        "Weighted Precision": 0.5294144599900905,
        "Weighted Recall": 0.28102189781021897,
        "Weighted F1-Score": 0.3365205388838761,
        "MCC": 0.37412047303877904,
        "Cohen Kappa": 0.9590069299044446,