{
  "qwen2:72b": {
    "Dataset": "owasp",
    "Prompt Type": "simple",
    "Vulnerability Metrics": {
      "Accuracy": 0.5656934306569343,
      "Precision": 0.5741595253790376,
      "Recall": 0.615547703180212,
      "F1-Score": 0.5941336971350614,
      "Youden Index": 0.1280005333688914,
      "ROC-AUC Score": 0.5640002666844457,
      "FPR": 0.48754716981132074,
      "FNR": 0.384452296819788,
      "Specificity": 0.5124528301886793,
      "NPV": 0.5551921504497138,
      "FDR": 0.4258404746209624,
      "MCC": 0.12867433115520785,
      "Confusion Matrix": [
        [
          679,
          646
        ],
        [
          544,
          871
        ]
      ]
    },
    "Vulnerability Type Metrics": {
      "Using Predicted CWE": {
        "Per Class Metrics": {
          "Accuracy": {
            "CWE-22": 0.9142335766423357,
            "CWE-78": 0.9572992700729926,
            "CWE-79": 0.887956204379562,
            "CWE-89": 0.9813868613138687,
            "CWE-90": 0.9784671532846715,
            "CWE-327": 0.9102189781021898,
            "CWE-328": 0.9138686131386862,
            "CWE-330": 0.82007299270073,
            "CWE-501": 0.954014598540146,
            "CWE-614": 0.9759124087591241,
            "CWE-643": 0.9872262773722628
          },
          "Precision": {
            "CWE-22": 0.8666666666666667,
            "CWE-78": 0.6840659340659341,
            "CWE-79": 0.7126436781609196,
            "CWE-89": 0.9217877094972067,
            "CWE-90": 0.0,
            "CWE-327": 0.5,
            "CWE-328": 0.0,
            "CWE-330": 0.0,
            "CWE-501": 0.0,
            "CWE-614": 1.0,
            "CWE-643": 0.0
          },
          "Recall": {
            "CWE-22": 0.1455223880597015,
            "CWE-78": 0.9920318725099602,
            "CWE-79": 0.545054945054945,
            "CWE-89": 0.9821428571428571,
            "CWE-90": 0.0,
            "CWE-327": 0.0040650406504065045,
            "CWE-328": 0.0,
            "CWE-330": 0.0,
            "CWE-501": 0.0,
            "CWE-614": 0.014925373134328358,
            "CWE-643": 0.0
          },
          "F1-Score": {
            "CWE-22": 0.24920127795527156,
            "CWE-78": 0.8097560975609757,
            "CWE-79": 0.6176836861768369,
            "CWE-89": 0.9510086455331412,
            "CWE-90": 0.0,
            "CWE-327": 0.008064516129032258,
            "CWE-328": 0.0,
            "CWE-330": 0.0,
            "CWE-501": 0.0,
            "CWE-614": 0.029411764705882353,
            "CWE-643": 0.0
          }
        },
        "Macro Precision": 0.4259239989446115,
        "Macro Recall": 0.24397658877747255,
        "Macro F1-Score": 0.2422841807328309,
        "Weighted Precision": 0.5046719325792067,
        "Weighted Recall": 0.377007299270073,
        "Weighted F1-Score": 0.3774976703438021,
        "MCC": 0.40701052154408907,
        "Cohen Kappa": 0.719787423135656,
        "Confusion Matrix": [
          [
            39,
            0,
            0,
            0,
            0,
            0,
            0,
            0,
            0,
            0,
            0
          ],
          [
            0,
            249,
            0,
            0,
            0,
            0,
            0,
            0,
            0,
            0,
            0
          ],
          [
            0,
            45,
            248,
            0,
            0,
            0,
            0,
            0,
            0,
            0,
            0
          ],
          [
            0,
            0,
            0,
            495,
            0,
            0,
            0,
            0,
            0,
            0,
            0
          ],
          [
            0,
            4,
            0,
            42,
            0,
            0,
            0,
            0,
            0,
            0,
            0
          ],
          [
            0,
            20,
            9,
            0,
            0,
            1,
            0,
            0,
            0,
            0,
            0
          ],
          [
            6,
            39,
            16,
            0,
            0,
            1,
            0,
            0,
            0,
            0,
            0
          ],
          [
            0,
            1,
            56,
            0,
            0,
            0,
            0,
            0,
            0,
            0,
            0
          ],
          [
            0,
            0,
            2,
            0,
            0,
            0,
            0,
            0,
            0,
            0,
            0
          ],
          [
            0,
            3,
            17,
            0,
            0,
            0,
            0,
            0,
            0,
            1,
            0
          ],
          [
            0,
            3,
            0,
            0,
            0,
            0,
            0,
            0,
            0,
            0,
            0
          ]
        ]
      },
      "Using Predicted Vulnerability Name": {
        "Per Class Metrics": {
          "Accuracy": {
            "CWE-22": 0.904014598540146,
            "CWE-78": 0.9383211678832116,
            "CWE-79": 0.8872262773722628,
            "CWE-89": 0.9813868613138687,
            "CWE-90": 0.9784671532846715,
            "CWE-327": 0.9102189781021898,
            "CWE-328": 0.9138686131386862,
            "CWE-330": 0.82007299270073,
            "CWE-501": 0.954014598540146,
            "CWE-614": 0.9755474452554744,
            "CWE-643": 0.9875912408759124
          },
          "Precision": {
            "CWE-22": 1.0,
            "CWE-78": 0.5990338164251208,
            "CWE-79": 0.7085714285714285,
            "CWE-89": 0.9217877094972067,
            "CWE-90": 0.0,
            "CWE-327": 0.0,
            "CWE-328": 0.0,
            "CWE-330": 0.0,
            "CWE-501": 0.0,
            "CWE-614": 0.0,
            "CWE-643": 1.0
          },
          "Recall": {
            "CWE-22": 0.018656716417910446,
            "CWE-78": 0.9880478087649402,
            "CWE-79": 0.545054945054945,
            "CWE-89": 0.9821428571428571,
            "CWE-90": 0.0,
            "CWE-327": 0.0,
            "CWE-328": 0.0,
            "CWE-330": 0.0,
            "CWE-501": 0.0,
            "CWE-614": 0.0,
            "CWE-643": 0.02857142857142857
          },
          "F1-Score": {
            "CWE-22": 0.03663003663003663,
            "CWE-78": 0.7458646616541353,
            "CWE-79": 0.6161490683229813,
            "CWE-89": 0.9510086455331412,
            "CWE-90": 0.0,
            "CWE-327": 0.0,
            "CWE-328": 0.0,
            "CWE-330": 0.0,
            "CWE-501": 0.0,
            "CWE-614": 0.0,
            "CWE-643": 0.05555555555555555
          }
        },
        "Macro Precision": 0.38449026859034147,
        "Macro Recall": 0.23295215963200738,
        "Macro F1-Score": 0.21865526979053182,
        "Weighted Precision": 0.4526782823026633,
        "Weighted Recall": 0.3638686131386861,
        "Weighted F1-Score": 0.34986478385844594,
        "MCC": 0.3895236205034158,
        "Cohen Kappa": 0.6718976361438154,