{
    "llama3.1:8b-instruct-q4_0": {
        "Dataset": "owasp",
        "Prompt Type": "vulnerability_specific",
        "Vulnerability Metrics": {
            "Accuracy": 0.5335766423357664,
            "Precision": 0.5354738477472812,
            "Recall": 0.7307420494699647,
            "F1-Score": 0.6180514046622834,
            "Youden Index": 0.053760917394492846,
            "ROC-AUC Score": 0.5268804586972464,
            "FPR": 0.6769811320754717,
            "FNR": 0.2692579505300353,
            "Specificity": 0.3230188679245283,
            "NPV": 0.5290482076637825,
            "FDR": 0.4645261522527188,
            "MCC": 0.05889622136501705,
            "Confusion Matrix": [
                [
                    428,
                    897
                ],
                [
                    381,
                    1034
                ]
            ]
        },
        "Vulnerability Type Metrics": {
            "Using Predicted CWE": {
                "Per Class Metrics": {
                    "Accuracy": {
                        "CWE-22": 0.9897810218978103,
                        "CWE-78": 0.9927007299270073,
                        "CWE-79": 0.9861313868613139,
                        "CWE-89": 0.9824817518248176,
                        "CWE-90": 0.9795620437956204,
                        "CWE-327": 0.9083941605839416,
                        "CWE-328": 0.9138686131386862,
                        "CWE-330": 0.9503649635036496,
                        "CWE-501": 0.9572992700729926,
                        "CWE-614": 0.9759124087591241,
                        "CWE-643": 0.995985401459854
                    },
                    "Precision": {
                        "CWE-22": 0.98,
                        "CWE-78": 0.929368029739777,
                        "CWE-79": 0.977116704805492,
                        "CWE-89": 0.9269662921348315,
                        "CWE-90": 0.5882352941176471,
                        "CWE-327": 0.42424242424242425,
                        "CWE-328": 0.0,
                        "CWE-330": 1.0,
                        "CWE-501": 1.0,
                        "CWE-614": 1.0,
                        "CWE-643": 1.0
                    },
                    "Recall": {
                        "CWE-22": 0.914179104477612,
                        "CWE-78": 0.9960159362549801,
                        "CWE-79": 0.9384615384615385,
                        "CWE-89": 0.9821428571428571,
                        "CWE-90": 0.1694915254237288,
                        "CWE-327": 0.056910569105691054,
                        "CWE-328": 0.0,
                        "CWE-330": 0.7241379310344828,
                        "CWE-501": 0.07142857142857142,
                        "CWE-614": 0.014925373134328358,
                        "CWE-643": 0.6857142857142857
                    },
                    "F1-Score": {
                        "CWE-22": 0.9459459459459459,
                        "CWE-78": 0.9615384615384616,
                        "CWE-79": 0.9573991031390134,
                        "CWE-89": 0.953757225433526,
                        "CWE-90": 0.2631578947368421,
                        "CWE-327": 0.1003584229390681,
                        "CWE-328": 0.0,
                        "CWE-330": 0.84,
                        "CWE-501": 0.13333333333333333,
                        "CWE-614": 0.029411764705882353,
                        "CWE-643": 0.8135593220338984
                    }
                },
                "Macro Precision": 0.8023571586400157,
                "Macro Recall": 0.5048552447434614,
                "Macro F1-Score": 0.5453146794369065,
                "Weighted Precision": 0.8276496372641298,
                "Weighted Recall": 0.6686131386861314,
                "Weighted F1-Score": 0.6980837785567082,
                "MCC": 0.6696660246050656,
                "Cohen Kappa": 0.9366104501619978,
                "Confusion Matrix": [
                    [
                        245,
                        0,
                        0,
                        0,
                        0,
                        0,
                        0,
                        0,
                        0,
                        0,
                        0
                    ],
                    [
                        0,
                        250,
                        0,
                        0,
                        0,
                        0,
                        0,
                        0,
                        0,
                        0,
                        0
                    ],
                    [
                        0,
                        0,
                        427,
                        0,
                        0,
                        0,
                        0,
                        0,
                        0,
                        0,
                        0
                    ],
                    [
                        0,
                        0,
                        0,
                        495,
                        0,
                        0,
                        0,
                        0,
                        0,
                        0,
                        0
                    ],
                    [
                        0,
                        0,
                        0,
                        33,
                        10,
                        0,
                        0,
                        0,
                        0,
                        0,
                        0
                    ],
                    [
                        0,
                        9,
                        2,
                        1,
                        0,
                        14,
                        0,
                        0,
                        0,
                        0,
                        0
                    ],
                    [
                        0,
                        3,
                        7,
                        5,
                        0,
                        9,
                        0,
                        0,
                        0,
                        0,
                        0
                    ],
                    [
                        0,
                        0,
                        0,
                        0,
                        0,
                        10,
                        0,
                        357,
                        0,
                        0,
                        0
                    ],
                    [
                        5,
                        7,
                        1,
                        0,
                        0,
                        0,
                        0,
                        0,
                        9,
                        0,
                        0
                    ],
                    [
                        0,
                        0,
                        0,
                        0,
                        0,
                        0,
                        0,
                        0,
                        0,
                        1,
                        0
                    ],
                    [
                        0,
                        0,
                        0,
                        0,
                        7,
                        0,
                        0,
                        0,
                        0,
                        0,
                        24
                    ]
                ]
            },
            "Using Predicted Vulnerability Name": {
                "Per Class Metrics": {
                    "Accuracy": {
                        "CWE-22": 0.9897810218978103,