{
    "llama3.1:8b-instruct-q4_0": {
        "Dataset": "owasp",
        "Prompt Type": "holistic_vulnerability_analysis",
        "Vulnerability Metrics": {
            "Accuracy": 0.5178832116788321,
            "Precision": 0.5173559822747416,
            "Recall": 0.9901060070671378,
            "F1-Score": 0.6796022313849139,
            "Youden Index": 0.0036909127275150944,
            "ROC-AUC Score": 0.5018454563637575,
            "FPR": 0.9864150943396226,
            "FNR": 0.009893992932862191,
            "Specificity": 0.013584905660377358,
            "NPV": 0.5625,
            "FDR": 0.4826440177252585,
            "MCC": 0.01716803603636913,
            "Confusion Matrix": [
                [
                    18,
                    1307
                ],
                [
                    14,
                    1401
                ]
            ]
        },
        "Vulnerability Type Metrics": {
            "Using Predicted CWE": {
                "Per Class Metrics": {
                    "Accuracy": {
                        "CWE-22": 0.9102189781021898,
                        "CWE-78": 1.0,
                        "CWE-79": 0.7872262773722628,
                        "CWE-89": 0.9828467153284671,
                        "CWE-90": 0.9784671532846715,
                        "CWE-327": 0.8897810218978102,
                        "CWE-328": 0.9138686131386862,
                        "CWE-330": 0.897080291970803,
                        "CWE-501": 0.954014598540146,
                        "CWE-614": 0.9755474452554744,
                        "CWE-643": 0.9872262773722628
                    },
                    "Precision": {
                        "CWE-22": 1.0,
                        "CWE-78": 1.0,
                        "CWE-79": 0.4313304721030043,
                        "CWE-89": 0.9208103130755064,
                        "CWE-90": 0.0,
                        "CWE-327": 0.3526315789473684,
                        "CWE-328": 0.0,
                        "CWE-330": 1.0,
                        "CWE-501": 0.0,
                        "CWE-614": 0.0,
                        "CWE-643": 0.0
                    },
                    "Recall": {
                        "CWE-22": 0.08208955223880597,
                        "CWE-78": 1.0,
                        "CWE-79": 0.8835164835164835,
                        "CWE-89": 0.9920634920634921,
                        "CWE-90": 0.0,
                        "CWE-327": 0.27235772357723576,
                        "CWE-328": 0.0,
                        "CWE-330": 0.4279918864097363,
                        "CWE-501": 0.0,
                        "CWE-614": 0.0,
                        "CWE-643": 0.0
                    },
                    "F1-Score": {
                        "CWE-22": 0.15172413793103448,
                        "CWE-78": 1.0,
                        "CWE-79": 0.5796683489545782,
                        "CWE-89": 0.9551098376313276,
                        "CWE-90": 0.0,
                        "CWE-327": 0.3073394495412844,
                        "CWE-328": 0.0,
                        "CWE-330": 0.5994318181818182,
                        "CWE-501": 0.0,
                        "CWE-614": 0.0,
                        "CWE-643": 0.0
                    }
                },
                "Macro Precision": 0.42770657855689814,
                "Macro Recall": 0.3325471943459776,
                "Macro F1-Score": 0.3266612356581857,
                "Weighted Precision": 0.6420040624153193,
                "Weighted Recall": 0.5302919708029197,
                "Weighted F1-Score": 0.513836466006143,
                "MCC": 0.49577976948785785,
                "Cohen Kappa": 0.6053712842878458,
                "Confusion Matrix": [
                    [
                        22,
                        0,
                        73,
                        0,
                        0,
                        0,
                        0,
                        0,
                        0,
                        0,
                        0
                    ],
                    [
                        0,
                        251,
                        0,
                        0,
                        0,
                        0,
                        0,
                        0,
                        0,
                        0,
                        0
                    ],
                    [
                        0,
                        0,
                        402,
                        0,
                        0,
                        0,
                        0,
                        0,
                        0,
                        0,
                        0
                    ],
                    [
                        0,
                        0,
                        0,
                        500,
                        0,
                        0,
                        0,
                        0,
                        0,
                        0,
                        0
                    ],
                    [
                        0,
                        0,
                        7,
                        43,
                        0,
                        0,
                        0,
                        0,
                        0,
                        0,
                        0
                    ],
                    [
                        0,
                        0,
                        169,
                        0,
                        0,
                        67,
                        0,
                        0,
                        0,
                        0,
                        0
                    ],
                    [
                        0,
                        0,
                        211,
                        0,
                        0,
                        0,
                        0,
                        0,
                        0,
                        0,
                        0
                    ],
                    [
                        0,
                        0,
                        7,
                        0,
                        0,
                        123,
                        0,
                        211,
                        0,
                        0,
                        0
                    ],
                    [
                        0,
                        0,
                        15,
                        0,
                        0,
                        0,
                        0,
                        0,
                        0,
                        0,
                        0
                    ],
                    [
                        0,
                        0,
                        48,
                        0,
                        0,
                        0,
                        0,
                        0,
                        0,
                        0,
                        0
                    ],
                    [
                        0,
                        0,
                        0,
                        0,
                        0,
                        0,
                        0,
                        0,
                        0,
                        0,
                        0
                    ]
                ]
            },
            "Using Predicted Vulnerability Name": {
                "Per Class Metrics": {
                    "Accuracy": {
                        "CWE-22": 0.9091240875912409,
                        "CWE-78": 0.981021897810219,
                        "CWE-79": 0.791970802919708,
                        "CWE-89": 0.9854014598540146,
                        "CWE-90": 0.9784671532846715,