{
    "llama3.1:8b-instruct-q4_0": {
        "Dataset": "owasp",
        "Prompt Type": "few_shot",
        "Vulnerability Metrics": {
            "Accuracy": 0.589051094890511,
            "Precision": 0.5967849966510381,
            "Recall": 0.6296819787985866,
            "F1-Score": 0.6127922971114168,
            "Youden Index": 0.17534235615707727,
            "ROC-AUC Score": 0.5876711780785385,
            "FPR": 0.45433962264150946,
            "FNR": 0.37031802120141344,
            "Specificity": 0.5456603773584906,
            "NPV": 0.5797914995990376,
            "FDR": 0.4032150033489618,
            "MCC": 0.1759583442023981,
            "Confusion Matrix": [
                [
                    723,
                    602
                ],
                [
                    524,
                    891
                ]
            ]
        },
        "Vulnerability Type Metrics": {
            "Using Predicted CWE": {
                "Per Class Metrics": {
                    "Accuracy": {
                        "CWE-22": 0.9343065693430657,
                        "CWE-78": 0.995985401459854,
                        "CWE-79": 0.8945255474452555,
                        "CWE-89": 0.9357664233576642,
                        "CWE-90": 0.9784671532846715,
                        "CWE-327": 0.9116788321167884,
                        "CWE-328": 0.9138686131386862,
                        "CWE-330": 0.9182481751824818,
                        "CWE-501": 0.954014598540146,
                        "CWE-614": 0.9755474452554744,
                        "CWE-643": 0.9872262773722628
                    },
                    "Precision": {
                        "CWE-22": 1.0,
                        "CWE-78": 0.9651162790697675,
                        "CWE-79": 0.9191919191919192,
                        "CWE-89": 0.8961352657004831,
                        "CWE-90": 0.0,
                        "CWE-327": 1.0,
                        "CWE-328": 0.0,
                        "CWE-330": 1.0,
                        "CWE-501": 0.0,
                        "CWE-614": 0.0,
                        "CWE-643": 0.0
                    },
                    "Recall": {
                        "CWE-22": 0.3283582089552239,
                        "CWE-78": 0.9920318725099602,
                        "CWE-79": 0.4,
                        "CWE-89": 0.7361111111111112,
                        "CWE-90": 0.0,
                        "CWE-327": 0.016260162601626018,
                        "CWE-328": 0.0,
                        "CWE-330": 0.5456389452332657,
                        "CWE-501": 0.0,
                        "CWE-614": 0.0,
                        "CWE-643": 0.0
                    },
                    "F1-Score": {
                        "CWE-22": 0.4943820224719101,
                        "CWE-78": 0.9783889980353635,
                        "CWE-79": 0.557427258805513,
                        "CWE-89": 0.8082788671023965,
                        "CWE-90": 0.0,
                        "CWE-327": 0.032,
                        "CWE-328": 0.0,
                        "CWE-330": 0.7060367454068242,
                        "CWE-501": 0.0,
                        "CWE-614": 0.0,
                        "CWE-643": 0.0
                    }
                },
                "Macro Precision": 0.5254948603601973,
                "Macro Recall": 0.2744000273101079,
                "Macro F1-Score": 0.3251376265292734,
                "Weighted Precision": 0.7734046289021456,
                "Weighted Recall": 0.42445255474452553,
                "Weighted F1-Score": 0.5091314189018353,
                "MCC": 0.4726831182430484,
                "Cohen Kappa": 0.9289002592301916,
                "Confusion Matrix": [
                    [
                        88,
                        1,
                        7,
                        0,
                        0,
                        0,
                        0,
                        0,
                        0,
                        0,
                        0
                    ],
                    [
                        0,
                        249,
                        0,
                        0,
                        0,
                        0,
                        0,
                        0,
                        0,
                        0,
                        0
                    ],
                    [
                        0,
                        0,
                        182,
                        0,
                        0,
                        0,
                        0,
                        0,
                        0,
                        0,
                        0
                    ],
                    [
                        0,
                        8,
                        0,
                        371,
                        0,
                        0,
                        0,
                        0,
                        0,
                        0,
                        0
                    ],
                    [
                        0,
                        0,
                        0,
                        42,
                        0,
                        0,
                        0,
                        0,
                        0,
                        0,
                        0
                    ],
                    [
                        0,
                        0,
                        5,
                        0,
                        0,
                        4,
                        0,
                        0,
                        0,
                        0,
                        0
                    ],
                    [
                        0,
                        0,
                        1,
                        0,
                        0,
                        0,
                        0,
                        0,
                        0,
                        0,
                        0
                    ],
                    [
                        0,
                        0,
                        0,
                        0,
                        0,
                        0,
                        0,
                        269,
                        0,
                        0,
                        0
                    ],
                    [
                        0,
                        0,
                        1,
                        1,
                        0,
                        0,
                        0,
                        0,
                        0,
                        0,
                        0
                    ],
                    [
                        0,
                        0,
                        2,
                        0,
                        0,
                        0,
                        0,
                        0,
                        0,
                        0,
                        0
                    ],
                    [
                        0,
                        0,
                        0,
                        0,
                        0,
                        0,
                        0,
                        0,
                        0,
                        0,
                        0
                    ]
                ]
            },
            "Using Predicted Vulnerability Name": {
                "Per Class Metrics": {
                    "Accuracy": {
                        "CWE-22": 0.9394160583941605,
                        "CWE-78": 0.983941605839416,
                        "CWE-79": 0.9364963503649635,
                        "CWE-89": 0.9467153284671533,
                        "CWE-90": 0.9886861313868613,