{
    "llama3.1:8b-instruct-q4_0": {
        "Dataset": "owasp",
        "Prompt Type": "chain_of_thought",
        "Vulnerability Metrics": {
            "Accuracy": 0.5521897810218979,
            "Precision": 0.5394626364399664,
            "Recall": 0.9081272084805654,
            "F1-Score": 0.6768501448511983,
            "Youden Index": 0.0802026801786786,
            "ROC-AUC Score": 0.5401013400893393,
            "FPR": 0.8279245283018868,
            "FNR": 0.09187279151943463,
            "Specificity": 0.1720754716981132,
            "NPV": 0.6368715083798883,
            "FDR": 0.4605373635600336,
            "MCC": 0.11892212166610382,
            "Confusion Matrix": [
                [
                    228,
                    1097
                ],
                [
                    130,
                    1285
                ]
            ]
        },
        "Vulnerability Type Metrics": {
            "Using Predicted CWE": {
                "Per Class Metrics": {
                    "Accuracy": {
                        "CWE-22": 0.9226277372262773,
                        "CWE-78": 0.9978102189781022,
                        "CWE-79": 0.5299270072992701,
                        "CWE-89": 0.8543795620437956,
                        "CWE-90": 0.9784671532846715,
                        "CWE-327": 0.9062043795620438,
                        "CWE-328": 0.9138686131386862,
                        "CWE-330": 0.8908759124087591,
                        "CWE-501": 0.954014598540146,
                        "CWE-614": 0.9755474452554744,
                        "CWE-643": 0.9872262773722628
                    },
                    "Precision": {
                        "CWE-22": 1.0,
                        "CWE-78": 0.9766536964980544,
                        "CWE-79": 0.10892018779342723,
                        "CWE-89": 0.7397260273972602,
                        "CWE-90": 0.0,
                        "CWE-327": 0.0,
                        "CWE-328": 0.0,
                        "CWE-330": 1.0,
                        "CWE-501": 0.0,
                        "CWE-614": 0.0,
                        "CWE-643": 0.0
                    },
                    "Recall": {
                        "CWE-22": 0.208955223880597,
                        "CWE-78": 1.0,
                        "CWE-79": 0.2549450549450549,
                        "CWE-89": 0.32142857142857145,
                        "CWE-90": 0.0,
                        "CWE-327": 0.0,
                        "CWE-328": 0.0,
                        "CWE-330": 0.3935091277890467,
                        "CWE-501": 0.0,
                        "CWE-614": 0.0,
                        "CWE-643": 0.0
                    },
                    "F1-Score": {
                        "CWE-22": 0.345679012345679,
                        "CWE-78": 0.9881889763779528,
                        "CWE-79": 0.15263157894736842,
                        "CWE-89": 0.44813278008298757,
                        "CWE-90": 0.0,
                        "CWE-327": 0.0,
                        "CWE-328": 0.0,
                        "CWE-330": 0.5647743813682679,
                        "CWE-501": 0.0,
                        "CWE-614": 0.0,
                        "CWE-643": 0.0
                    }
                },
                "Macro Precision": 0.3477545374262493,
                "Macro Recall": 0.19807617982211545,
                "Macro F1-Score": 0.22721879355656868,
                "Weighted Precision": 0.5213579128011826,
                "Weighted Recall": 0.2843065693430657,
                "Weighted F1-Score": 0.3337290029112929,
                "MCC": 0.23066367366734275,
                "Cohen Kappa": 0.3630764223574844,
                "Confusion Matrix": [
                    [
                        56,
                        0,
                        105,
                        0,
                        0,
                        0,
                        0,
                        0,
                        0,
                        0,
                        0
                    ],
                    [
                        0,
                        251,
                        0,
                        0,
                        0,
                        0,
                        0,
                        0,
                        0,
                        0,
                        0
                    ],
                    [
                        0,
                        0,
                        116,
                        0,
                        0,
                        0,
                        0,
                        0,
                        0,
                        0,
                        0
                    ],
                    [
                        0,
                        6,
                        333,
                        162,
                        0,
                        0,
                        0,
                        0,
                        0,
                        0,
                        0
                    ],
                    [
                        0,
                        0,
                        0,
                        56,
                        0,
                        0,
                        0,
                        0,
                        0,
                        0,
                        0
                    ],
                    [
                        0,
                        0,
                        224,
                        1,
                        0,
                        0,
                        0,
                        0,
                        0,
                        0,
                        0
                    ],
                    [
                        0,
                        0,
                        219,
                        0,
                        0,
                        0,
                        0,
                        0,
                        0,
                        0,
                        0
                    ],
                    [
                        0,
                        0,
                        20,
                        0,
                        0,
                        11,
                        0,
                        194,
                        0,
                        0,
                        0
                    ],
                    [
                        0,
                        0,
                        28,
                        0,
                        0,
                        0,
                        0,
                        0,
                        0,
                        0,
                        0
                    ],
                    [
                        0,
                        0,
                        20,
                        0,
                        0,
                        0,
                        0,
                        0,
                        0,
                        0,
                        0
                    ],
                    [
                        0,
                        0,
                        0,
                        0,
                        0,
                        0,
                        0,
                        0,
                        0,
                        0,
                        0
                    ]
                ]
            },
            "Using Predicted Vulnerability Name": {
                "Per Class Metrics": {
                    "Accuracy": {
                        "CWE-22": 0.9218978102189781,
                        "CWE-78": 0.9843065693430657,
                        "CWE-79": 0.7127737226277372,
                        "CWE-89": 0.8682481751824818,
                        "CWE-90": 0.9784671532846715,