{
    "llama3.1:8b-instruct-q4_0": {
        "Dataset": "owasp",
        "Prompt Type": "simple",
        "Vulnerability Metrics": {
            "Accuracy": 0.5306569343065694,
            "Precision": 0.5275523280649295,
            "Recall": 0.872791519434629,
            "F1-Score": 0.6576144834930777,
            "Youden Index": 0.038074538302553584,
            "ROC-AUC Score": 0.5190372691512768,
            "FPR": 0.8347169811320755,
            "FNR": 0.127208480565371,
            "Specificity": 0.16528301886792454,
            "NPV": 0.5488721804511278,
            "FDR": 0.4724476719350705,
            "MCC": 0.0539428204374637,
            "Confusion Matrix": [
                [
                    219,
                    1106
                ],
                [
                    180,
                    1235
                ]
            ]
        },
        "Vulnerability Type Metrics": {
            "Using Predicted CWE": {
                "Per Class Metrics": {
                    "Accuracy": {
                        "CWE-22": 0.9233576642335767,
                        "CWE-78": 0.9981751824817519,
                        "CWE-79": 0.5912408759124088,
                        "CWE-89": 0.8934306569343066,
                        "CWE-90": 0.9784671532846715,
                        "CWE-327": 0.9156934306569343,
                        "CWE-328": 0.9138686131386862,
                        "CWE-330": 0.9102189781021898,
                        "CWE-501": 0.954014598540146,
                        "CWE-614": 0.9755474452554744,
                        "CWE-643": 0.9872262773722628
                    },
                    "Precision": {
                        "CWE-22": 1.0,
                        "CWE-78": 0.98046875,
                        "CWE-79": 0.1217292377701934,
                        "CWE-89": 0.8785714285714286,
                        "CWE-90": 0.0,
                        "CWE-327": 0.5862068965517241,
                        "CWE-328": 0.0,
                        "CWE-330": 1.0,
                        "CWE-501": 0.0,
                        "CWE-614": 0.0,
                        "CWE-643": 0.0
                    },
                    "Recall": {
                        "CWE-22": 0.21641791044776118,
                        "CWE-78": 1.0,
                        "CWE-79": 0.23516483516483516,
                        "CWE-89": 0.4880952380952381,
                        "CWE-90": 0.0,
                        "CWE-327": 0.2073170731707317,
                        "CWE-328": 0.0,
                        "CWE-330": 0.5010141987829615,
                        "CWE-501": 0.0,
                        "CWE-614": 0.0,
                        "CWE-643": 0.0
                    },
                    "F1-Score": {
                        "CWE-22": 0.3558282208588957,
                        "CWE-78": 0.9901380670611439,
                        "CWE-79": 0.16041979010494753,
                        "CWE-89": 0.6275510204081632,
                        "CWE-90": 0.0,
                        "CWE-327": 0.3063063063063063,
                        "CWE-328": 0.0,
                        "CWE-330": 0.6675675675675675,
                        "CWE-501": 0.0,
                        "CWE-614": 0.0,
                        "CWE-643": 0.0
                    }
                },
                "Macro Precision": 0.415179664808486,
                "Macro Recall": 0.24072811415104797,
                "Macro F1-Score": 0.2825282702097295,
                "Weighted Precision": 0.6020041445208622,
                "Weighted Recall": 0.35036496350364965,
                "Weighted F1-Score": 0.4151917879445835,
                "MCC": 0.30736584054413674,
                "Cohen Kappa": 0.46696295140556476,
                "Confusion Matrix": [
                    [
                        58,
                        1,
                        81,
                        0,
                        0,
                        0,
                        0,
                        0,
                        0,
                        0,
                        0
                    ],
                    [
                        0,
                        251,
                        0,
                        0,
                        0,
                        0,
                        0,
                        0,
                        0,
                        0,
                        0
                    ],
                    [
                        0,
                        0,
                        107,
                        0,
                        0,
                        0,
                        0,
                        0,
                        0,
                        0,
                        0
                    ],
                    [
                        0,
                        2,
                        240,
                        246,
                        0,
                        0,
                        0,
                        0,
                        0,
                        0,
                        0
                    ],
                    [
                        0,
                        0,
                        1,
                        34,
                        0,
                        0,
                        0,
                        0,
                        0,
                        0,
                        0
                    ],
                    [
                        0,
                        0,
                        167,
                        0,
                        0,
                        51,
                        0,
                        0,
                        0,
                        0,
                        0
                    ],
                    [
                        0,
                        0,
                        209,
                        0,
                        0,
                        0,
                        0,
                        0,
                        0,
                        0,
                        0
                    ],
                    [
                        0,
                        0,
                        8,
                        0,
                        0,
                        36,
                        0,
                        247,
                        0,
                        0,
                        0
                    ],
                    [
                        0,
                        2,
                        27,
                        0,
                        0,
                        0,
                        0,
                        0,
                        0,
                        0,
                        0
                    ],
                    [
                        0,
                        0,
                        39,
                        0,
                        0,
                        0,
                        0,
                        0,
                        0,
                        0,
                        0
                    ],
                    [
                        0,
                        0,
                        0,
                        0,
                        0,
                        0,
                        0,
                        0,
                        0,
                        0,
                        0
                    ]
                ]
            },
            "Using Predicted Vulnerability Name": {
                "Per Class Metrics": {
                    "Accuracy": {
                        "CWE-22": 0.9240875912408759,
                        "CWE-78": 0.9751824817518249,
                        "CWE-79": 0.6613138686131387,
                        "CWE-89": 0.9098540145985401,