{
  "qwen2:7b": {
    "Dataset": "owasp",
    "Prompt Type": "few_shot",
    "Vulnerability Metrics": {
      "Accuracy": 0.5711678832116789,
      "Precision": 0.5708382526564345,
      "Recall": 0.6833922261484099,
      "F1-Score": 0.6220649726600193,
      "Youden Index": 0.13471298086539107,
      "ROC-AUC Score": 0.5673564904326955,
      "FPR": 0.5486792452830188,
      "FNR": 0.3166077738515901,
      "Specificity": 0.45132075471698113,
      "NPV": 0.5717017208413002,
      "FDR": 0.42916174734356555,
      "MCC": 0.13857122617034778,
      "Confusion Matrix": [
        [
          598,
          727
        ],
        [
          448,
          967
        ]
      ]
    },
    "Vulnerability Type Metrics": {
      "Using Predicted CWE": {
        "Per Class Metrics": {
          "Accuracy": {
            "CWE-22": 0.9127737226277373,
            "CWE-78": 0.9332116788321168,
            "CWE-79": 0.839051094890511,
            "CWE-89": 0.9686131386861314,
            "CWE-90": 0.9784671532846715,
            "CWE-327": 0.9098540145985401,
            "CWE-328": 0.9138686131386862,
            "CWE-330": 0.82007299270073,
            "CWE-501": 0.954014598540146,
            "CWE-614": 0.9755474452554744,
            "CWE-643": 0.9861313868613139
          },
          "Precision": {
            "CWE-22": 0.5662100456621004,
            "CWE-78": 0.788135593220339,
            "CWE-79": 0.85,
            "CWE-89": 0.9114173228346457,
            "CWE-90": 0.0,
            "CWE-327": 0.0,
            "CWE-328": 0.0,
            "CWE-330": 0.0,
            "CWE-501": 0.0,
            "CWE-614": 0.0,
            "CWE-643": 0.0
          },
          "Recall": {
            "CWE-22": 0.4626865671641791,
            "CWE-78": 0.3705179282868526,
            "CWE-79": 0.03736263736263736,
            "CWE-89": 0.9186507936507936,
            "CWE-90": 0.0,
            "CWE-327": 0.0,
            "CWE-328": 0.0,
            "CWE-330": 0.0,
            "CWE-501": 0.0,
            "CWE-614": 0.0,
            "CWE-643": 0.0
          },
          "F1-Score": {
            "CWE-22": 0.5092402464065708,
            "CWE-78": 0.5040650406504065,
            "CWE-79": 0.07157894736842105,
            "CWE-89": 0.9150197628458498,
            "CWE-90": 0.0,
            "CWE-327": 0.0,
            "CWE-328": 0.0,
            "CWE-330": 0.0,
            "CWE-501": 0.0,
            "CWE-614": 0.0,
            "CWE-643": 0.0
          }
        },
        "Macro Precision": 0.2832511783379168,
        "Macro Recall": 0.162656175133133,
        "Macro F1-Score": 0.18180945429738618,
        "Weighted Precision": 0.43637615213299613,
        "Weighted Recall": 0.25437956204379564,
        "Weighted F1-Score": 0.2761806907909317,
        "MCC": 0.3171924012827669,
        "Cohen Kappa": 0.6808373886695436,
        "Confusion Matrix": [
          [
            124,
            14,
            0,
            3,
            0,
            0,
            0,
            0,
            0,
            0,
            0
          ],
          [
            69,
            93,
            0,
            0,
            0,
            0,
            0,
            0,
            0,
            0,
            0
          ],
          [
            1,
            11,
            17,
            26,
            0,
            0,
            0,
            0,
            0,
            0,
            2
          ],
          [
            0,
            0,
            1,
            463,
            0,
            0,
            0,
            0,
            0,
            0,
            0
          ],
          [
            0,
            0,
            0,
            1,
            0,
            0,
            0,
            0,
            0,
            0,
            0
          ],
          [
            0,
            0,
            0,
            1,
            0,
            0,
            0,
            0,
            0,
            0,
            0
          ],
          [
            5,
            0,
            0,
            12,
            0,
            1,
            0,
            0,
            0,
            0,
            1
          ],
          [
            0,
            0,
            0,
            0,
            0,
            0,
            0,
            0,
            0,
            0,
            0
          ],
          [
            17,
            0,
            2,
            1,
            0,
            0,
            0,
            0,
            0,
            0,
            0
          ],
          [
            3,
            0,
            0,
            1,
            0,
            0,
            0,
            0,
            0,
            0,
            0
          ],
          [
            0,
            0,
            0,
            0,
            0,
            0,
            0,
            0,
            0,
            0,
            0
          ]
        ]
      },
      "Using Predicted Vulnerability Name": {
        "Per Class Metrics": {
          "Accuracy": {
            "CWE-22": 0.910948905109489,
            "CWE-78": 0.9244525547445256,
            "CWE-79": 0.8386861313868613,
            "CWE-89": 0.9660583941605839,
            "CWE-90": 0.9784671532846715,
            "CWE-327": 0.9102189781021898,
            "CWE-328": 0.9138686131386862,
            "CWE-330": 0.82007299270073,
            "CWE-501": 0.954014598540146,
            "CWE-614": 0.9755474452554744,
            "CWE-643": 0.9864963503649635
          },
          "Precision": {
            "CWE-22": 0.5422535211267606,
            "CWE-78": 0.8793103448275862,
            "CWE-79": 0.8823529411764706,
            "CWE-89": 0.8990291262135922,
            "CWE-90": 0.0,
            "CWE-327": 0.0,
            "CWE-328": 0.0,
            "CWE-330": 0.0,
            "CWE-501": 0.0,
            "CWE-614": 0.0,
            "CWE-643": 0.0
          },
          "Recall": {
            "CWE-22": 0.5746268656716418,
            "CWE-78": 0.20318725099601595,
            "CWE-79": 0.03296703296703297,
            "CWE-89": 0.9186507936507936,
            "CWE-90": 0.0,
            "CWE-327": 0.0,
            "CWE-328": 0.0,
            "CWE-330": 0.0,
            "CWE-501": 0.0,
            "CWE-614": 0.0,
            "CWE-643": 0.0
          },
          "F1-Score": {
            "CWE-22": 0.5579710144927537,
            "CWE-78": 0.3300970873786408,
            "CWE-79": 0.0635593220338983,
            "CWE-89": 0.9087340529931305,
            "CWE-90": 0.0,
            "CWE-327": 0.0,
            "CWE-328": 0.0,
            "CWE-330": 0.0,
            "CWE-501": 0.0,
            "CWE-614": 0.0,
            "CWE-643": 0.0
          }
        },
        "Macro Precision": 0.29117690303130994,
        "Macro Recall": 0.15722108575322585,
        "Macro F1-Score": 0.16912377062712938,
        "Weighted Precision": 0.44547887155497834,
        "Weighted Recall": 0.24927007299270074,
        "Weighted F1-Score": 0.2625226478284884,
        "MCC": 0.30863488809933576,
        "Cohen Kappa": 0.6438206673675029,