{
  "qwen2:7b": {
    "Dataset": "owasp",
    "Prompt Type": "chain_of_thought",
    "Vulnerability Metrics": {
      "Accuracy": 0.518978102189781,
      "Precision": 0.6185819070904646,
      "Recall": 0.17879858657243816,
      "F1-Score": 0.2774122807017544,
      "Youden Index": 0.06106273751583435,
      "ROC-AUC Score": 0.5305313687579173,
      "FPR": 0.11773584905660377,
      "FNR": 0.8212014134275618,
      "Specificity": 0.8822641509433963,
      "NPV": 0.5015015015015015,
      "FDR": 0.38141809290953543,
      "MCC": 0.08563072847324094,
      "Confusion Matrix": [
        [
          1169,
          156
        ],
        [
          1162,
          253
        ]
      ]
    },
    "Vulnerability Type Metrics": {
      "Using Predicted CWE": {
        "Per Class Metrics": {
          "Accuracy": {
            "CWE-22": 0.9014598540145985,
            "CWE-78": 0.9149635036496351,
            "CWE-79": 0.831021897810219,
            "CWE-89": 0.8259124087591241,
            "CWE-90": 0.9784671532846715,
            "CWE-327": 0.9102189781021898,
            "CWE-328": 0.9138686131386862,
            "CWE-330": 0.82007299270073,
            "CWE-501": 0.954014598540146,
            "CWE-614": 0.9755474452554744,
            "CWE-643": 0.9864963503649635
          },
          "Precision": {
            "CWE-22": 0.25,
            "CWE-78": 0.95,
            "CWE-79": 0.0,
            "CWE-89": 0.8648648648648649,
            "CWE-90": 0.0,
            "CWE-327": 0.0,
            "CWE-328": 0.0,
            "CWE-330": 0.0,
            "CWE-501": 0.0,
            "CWE-614": 0.0,
            "CWE-643": 0.0
          },
          "Recall": {
            "CWE-22": 0.0037313432835820895,
            "CWE-78": 0.07569721115537849,
            "CWE-79": 0.0,
            "CWE-89": 0.06349206349206349,
            "CWE-90": 0.0,
            "CWE-327": 0.0,
            "CWE-328": 0.0,
            "CWE-330": 0.0,
            "CWE-501": 0.0,
            "CWE-614": 0.0,
            "CWE-643": 0.0
          },
          "F1-Score": {
            "CWE-22": 0.007352941176470588,
            "CWE-78": 0.14022140221402213,
            "CWE-79": 0.0,
            "CWE-89": 0.11829944547134935,
            "CWE-90": 0.0,
            "CWE-327": 0.0,
            "CWE-328": 0.0,
            "CWE-330": 0.0,
            "CWE-501": 0.0,
            "CWE-614": 0.0,
            "CWE-643": 0.0
          }
        },
        "Macro Precision": 0.18771498771498774,
        "Macro Recall": 0.012992783448274915,
        "Macro F1-Score": 0.024170344441985646,
        "Weighted Precision": 0.27056273426711386,
        "Weighted Recall": 0.01897810218978102,
        "Weighted F1-Score": 0.03532448201042838,
        "MCC": 0.07219573748659469,
        "Cohen Kappa": 0.5914597213809811,
        "Confusion Matrix": [
          [
            1,
            1,
            1,
            1,
            0,
            0,
            0,
            0,
            0,
            0,
            2
          ],
          [
            1,
            19,
            1,
            0,
            0,
            0,
            0,
            0,
            0,
            0,
            0
          ],
          [
            0,
            0,
            0,
            0,
            0,
            0,
            0,
            0,
            0,
            0,
            0
          ],
          [
            0,
            0,
            3,
            32,
            0,
            0,
            0,
            0,
            0,
            0,
            0
          ],
          [
            0,
            0,
            0,
            0,
            0,
            0,
            0,
            0,
            0,
            0,
            0
          ],
          [
            0,
            0,
            0,
            2,
            0,
            0,
            0,
            0,
            0,
            0,
            0
          ],
          [
            2,
            0,
            1,
            2,
            0,
            0,
            0,
            0,
            0,
            0,
            0
          ],
          [
            0,
            0,
            0,
            0,
            0,
            0,
            0,
            0,
            0,
            0,
            0
          ],
          [
            0,
            0,
            0,
            0,
            0,
            0,
            0,
            0,
            0,
            0,
            0
          ],
          [
            0,
            0,
            2,
            0,
            0,
            0,
            0,
            0,
            0,
            0,
            0
          ],
          [
            0,
            0,
            0,
            0,
            0,
            0,
            0,
            0,
            0,
            0,
            0
          ]
        ]
      },
      "Using Predicted Vulnerability Name": {
        "Per Class Metrics": {
          "Accuracy": {
            "CWE-22": 0.9010948905109489,
            "CWE-78": 0.908029197080292,
            "CWE-79": 0.8313868613138686,
            "CWE-89": 0.881021897810219,
            "CWE-90": 0.9784671532846715,
            "CWE-327": 0.9102189781021898,
            "CWE-328": 0.9138686131386862,
            "CWE-330": 0.82007299270073,
            "CWE-501": 0.954014598540146,
            "CWE-614": 0.9755474452554744,
            "CWE-643": 0.9872262773722628
          },
          "Precision": {
            "CWE-22": 0.2,
            "CWE-78": 0.47619047619047616,
            "CWE-79": 0.0,
            "CWE-89": 0.8248175182481752,
            "CWE-90": 0.0,
            "CWE-327": 0.0,
            "CWE-328": 0.0,
            "CWE-330": 0.0,
            "CWE-501": 0.0,
            "CWE-614": 0.0,
            "CWE-643": 0.0
          },
          "Recall": {
            "CWE-22": 0.0037313432835820895,
            "CWE-78": 0.0398406374501992,
            "CWE-79": 0.0,
            "CWE-89": 0.44841269841269843,
            "CWE-90": 0.0,
            "CWE-327": 0.0,
            "CWE-328": 0.0,
            "CWE-330": 0.0,
            "CWE-501": 0.0,
            "CWE-614": 0.0,
            "CWE-643": 0.0
          },
          "F1-Score": {
            "CWE-22": 0.007326007326007326,
            "CWE-78": 0.07352941176470588,
            "CWE-79": 0.0,
            "CWE-89": 0.5809768637532133,
            "CWE-90": 0.0,
            "CWE-327": 0.0,
            "CWE-328": 0.0,
            "CWE-330": 0.0,
            "CWE-501": 0.0,
            "CWE-614": 0.0,
            "CWE-643": 0.0
          }
        },
        "Macro Precision": 0.1364552722216956,
        "Macro Recall": 0.044725879922407244,
        "Macro F1-Score": 0.06016657116762969,
        "Weighted Precision": 0.21490213092003277,
        "Weighted Recall": 0.0864963503649635,
        "Weighted F1-Score": 0.11431809914158053,
        "MCC": 0.15960254130866747,
        "Cohen Kappa": 0.3095804150870656,