{
  "qwen2:7b": {
    "Dataset": "owasp",
    "Prompt Type": "vulnerability_specific",
    "Vulnerability Metrics": {
      "Accuracy": 0.5339416058394161,
      "Precision": 0.6181506849315068,
      "Recall": 0.25512367491166077,
      "F1-Score": 0.3611805902951476,
      "Youden Index": 0.08682178811920793,
      "ROC-AUC Score": 0.543410894059604,
      "FPR": 0.16830188679245284,
      "FNR": 0.7448763250883392,
      "Specificity": 0.8316981132075472,
      "NPV": 0.5111317254174397,
      "FDR": 0.3818493150684932,
      "MCC": 0.10594588259510954,
      "Confusion Matrix": [
        [
          1102,
          223
        ],
        [
          1054,
          361
        ]
      ]
    },
    "Vulnerability Type Metrics": {
      "Using Predicted CWE": {
        "Per Class Metrics": {
          "Accuracy": {
            "CWE-22": 0.7835766423357664,
            "CWE-78": 0.9255474452554745,
            "CWE-79": 0.8335766423357664,
            "CWE-89": 0.8215328467153284,
            "CWE-90": 0.9777372262773723,
            "CWE-327": 0.9094890510948905,
            "CWE-328": 0.9138686131386862,
            "CWE-330": 0.82007299270073,
            "CWE-501": 0.954014598540146,
            "CWE-614": 0.9755474452554744,
            "CWE-643": 0.9872262773722628
          },
          "Precision": {
            "CWE-22": 0.13318284424379231,
            "CWE-78": 0.8405797101449275,
            "CWE-79": 0.0,
            "CWE-89": 1.0,
            "CWE-90": 0.0,
            "CWE-327": 0.0,
            "CWE-328": 0.0,
            "CWE-330": 0.0,
            "CWE-501": 0.0,
            "CWE-614": 0.0,
            "CWE-643": 0.0
          },
          "Recall": {
            "CWE-22": 0.22014925373134328,
            "CWE-78": 0.23107569721115537,
            "CWE-79": 0.0,
            "CWE-89": 0.02976190476190476,
            "CWE-90": 0.0,
            "CWE-327": 0.0,
            "CWE-328": 0.0,
            "CWE-330": 0.0,
            "CWE-501": 0.0,
            "CWE-614": 0.0,
            "CWE-643": 0.0
          },
          "F1-Score": {
            "CWE-22": 0.1659634317862166,
            "CWE-78": 0.3625,
            "CWE-79": 0.0,
            "CWE-89": 0.057803468208092484,
            "CWE-90": 0.0,
            "CWE-327": 0.0,
            "CWE-328": 0.0,
            "CWE-330": 0.0,
            "CWE-501": 0.0,
            "CWE-614": 0.0,
            "CWE-643": 0.0
          }
        },
        "Macro Precision": 0.1794329594898836,
        "Macro Recall": 0.0437260777913094,
        "Macro F1-Score": 0.053296990908573545,
        "Weighted Precision": 0.273970258942961,
        "Weighted Recall": 0.04817518248175182,
        "Weighted F1-Score": 0.060072499158972496,
        "MCC": 0.054476960978406964,
        "Cohen Kappa": 0.13819985825655567,
        "Confusion Matrix": [
          [
            59,
            0,
            0,
            0,
            0,
            0,
            0,
            0,
            0,
            0,
            0
          ],
          [
            43,
            58,
            0,
            0,
            0,
            0,
            0,
            0,
            0,
            0,
            0
          ],
          [
            19,
            0,
            0,
            0,
            0,
            0,
            0,
            0,
            0,
            0,
            0
          ],
          [
            176,
            3,
            0,
            15,
            2,
            0,
            0,
            0,
            0,
            0,
            0
          ],
          [
            6,
            8,
            0,
            0,
            0,
            0,
            0,
            0,
            0,
            0,
            0
          ],
          [
            3,
            0,
            0,
            0,
            0,
            0,
            0,
            0,
            0,
            0,
            0
          ],
          [
            82,
            0,
            0,
            0,
            0,
            0,
            0,
            0,
            0,
            0,
            0
          ],
          [
            39,
            0,
            1,
            0,
            0,
            2,
            0,
            0,
            0,
            0,
            0
          ],
          [
            2,
            0,
            0,
            0,
            0,
            0,
            0,
            0,
            0,
            0,
            0
          ],
          [
            12,
            0,
            0,
            0,
            0,
            0,
            0,
            0,
            0,
            0,
            0
          ],
          [
            2,
            0,
            0,
            0,
            0,
            0,
            0,
            0,
            0,
            0,
            0
          ]
        ]
      },
      "Using Predicted Vulnerability Name": {
        "Per Class Metrics": {
          "Accuracy": {
            "CWE-22": 0.785036496350365,
            "CWE-78": 0.9248175182481752,
            "CWE-79": 0.8335766423357664,
            "CWE-89": 0.8215328467153284,
            "CWE-90": 0.9777372262773723,
            "CWE-327": 0.9098540145985401,
            "CWE-328": 0.9138686131386862,
            "CWE-330": 0.82007299270073,
            "CWE-501": 0.954014598540146,
            "CWE-614": 0.9755474452554744,
            "CWE-643": 0.9872262773722628
          },
          "Precision": {
            "CWE-22": 0.15483870967741936,
            "CWE-78": 0.8082191780821918,
            "CWE-79": 0.0,
            "CWE-89": 1.0,
            "CWE-90": 0.0,
            "CWE-327": 0.0,
            "CWE-328": 0.0,
            "CWE-330": 0.0,
            "CWE-501": 0.0,
            "CWE-614": 0.0,
            "CWE-643": 0.0
          },
          "Recall": {
            "CWE-22": 0.26865671641791045,
            "CWE-78": 0.2350597609561753,
            "CWE-79": 0.0,
            "CWE-89": 0.02976190476190476,
            "CWE-90": 0.0,
            "CWE-327": 0.0,
            "CWE-328": 0.0,
            "CWE-330": 0.0,
            "CWE-501": 0.0,
            "CWE-614": 0.0,
            "CWE-643": 0.0
          },
          "F1-Score": {
            "CWE-22": 0.19645293315143247,
            "CWE-78": 0.36419753086419754,
            "CWE-79": 0.0,
            "CWE-89": 0.057803468208092484,
            "CWE-90": 0.0,
            "CWE-327": 0.0,
            "CWE-328": 0.0,
            "CWE-330": 0.0,
            "CWE-501": 0.0,
            "CWE-614": 0.0,
            "CWE-643": 0.0
          }
        },
        "Macro Precision": 0.17845980797814648,
        "Macro Recall": 0.0484980347396355,
        "Macro F1-Score": 0.05622308474761113,
        "Weighted Precision": 0.2731240101796272,
        "Weighted Recall": 0.05328467153284672,
        "Weighted F1-Score": 0.06321018770378689,
        "MCC": 0.06132092209963089,
        "Cohen Kappa": 0.13839072326748136,