{
  "qwen2:7b": {
    "Dataset": "owasp",
    "Prompt Type": "simple",
    "Vulnerability Metrics": {
      "Accuracy": 0.5255474452554745,
      "Precision": 0.5982905982905983,
      "Recall": 0.24734982332155478,
      "F1-Score": 0.35,
      "Youden Index": 0.06999133275551706,
      "ROC-AUC Score": 0.5349956663777585,
      "FPR": 0.17735849056603772,
      "FNR": 0.7526501766784452,
      "Specificity": 0.8226415094339623,
      "NPV": 0.505800464037123,
      "FDR": 0.4017094017094017,
      "MCC": 0.08535497747791164,
      "Confusion Matrix": [
        [
          1090,
          235
        ],
        [
          1065,
          350
        ]
      ]
    },
    "Vulnerability Type Metrics": {
      "Using Predicted CWE": {
        "Per Class Metrics": {
          "Accuracy": {
            "CWE-22": 0.9003649635036496,
            "CWE-78": 0.9098540145985401,
            "CWE-79": 0.833941605839416,
            "CWE-89": 0.8175182481751825,
            "CWE-90": 0.9784671532846715,
            "CWE-327": 0.9102189781021898,
            "CWE-328": 0.9138686131386862,
            "CWE-330": 0.82007299270073,
            "CWE-501": 0.954014598540146,
            "CWE-614": 0.9755474452554744,
            "CWE-643": 0.9868613138686131
          },
          "Precision": {
            "CWE-22": 0.14285714285714285,
            "CWE-78": 1.0,
            "CWE-79": 0.0,
            "CWE-89": 0.8333333333333334,
            "CWE-90": 0.0,
            "CWE-327": 0.0,
            "CWE-328": 0.0,
            "CWE-330": 0.0,
            "CWE-501": 0.0,
            "CWE-614": 0.0,
            "CWE-643": 0.0
          },
          "Recall": {
            "CWE-22": 0.0037313432835820895,
            "CWE-78": 0.01593625498007968,
            "CWE-79": 0.0,
            "CWE-89": 0.00992063492063492,
            "CWE-90": 0.0,
            "CWE-327": 0.0,
            "CWE-328": 0.0,
            "CWE-330": 0.0,
            "CWE-501": 0.0,
            "CWE-614": 0.0,
            "CWE-643": 0.0
          },
          "F1-Score": {
            "CWE-22": 0.007272727272727273,
            "CWE-78": 0.03137254901960784,
            "CWE-79": 0.0,
            "CWE-89": 0.0196078431372549,
            "CWE-90": 0.0,
            "CWE-327": 0.0,
            "CWE-328": 0.0,
            "CWE-330": 0.0,
            "CWE-501": 0.0,
            "CWE-614": 0.0,
            "CWE-643": 0.0
          }
        },
        "Macro Precision": 0.17965367965367965,
        "Macro Recall": 0.002689839380390608,
        "Macro F1-Score": 0.0052957381299627284,
        "Weighted Precision": 0.25886339937434827,
        "Weighted Recall": 0.0036496350364963502,
        "Weighted F1-Score": 0.007191953888390126,
        "MCC": 0.026803596712396432,
        "Cohen Kappa": 0.4524714828897338,
        "Confusion Matrix": [
          [
            1,
            0,
            0,
            0,
            0,
            0,
            0,
            0,
            0,
            0,
            0
          ],
          [
            2,
            4,
            0,
            0,
            0,
            0,
            0,
            0,
            0,
            0,
            0
          ],
          [
            0,
            0,
            0,
            0,
            0,
            0,
            0,
            0,
            0,
            0,
            0
          ],
          [
            0,
            0,
            0,
            5,
            0,
            0,
            0,
            0,
            0,
            0,
            0
          ],
          [
            0,
            0,
            0,
            0,
            0,
            0,
            0,
            0,
            0,
            0,
            0
          ],
          [
            0,
            0,
            0,
            0,
            0,
            0,
            0,
            0,
            0,
            0,
            0
          ],
          [
            4,
            0,
            0,
            1,
            0,
            0,
            0,
            0,
            0,
            0,
            1
          ],
          [
            0,
            0,
            0,
            0,
            0,
            0,
            0,
            0,
            0,
            0,
            0
          ],
          [
            0,
            0,
            0,
            0,
            0,
            0,
            0,
            0,
            0,
            0,
            0
          ],
          [
            0,
            0,
            0,
            0,
            0,
            0,
            0,
            0,
            0,
            0,
            0
          ],
          [
            0,
            0,
            0,
            0,
            0,
            0,
            0,
            0,
            0,
            0,
            0
          ]
        ]
      },
      "Using Predicted Vulnerability Name": {
        "Per Class Metrics": {
          "Accuracy": {
            "CWE-22": 0.8978102189781022,
            "CWE-78": 0.9193430656934306,
            "CWE-79": 0.833941605839416,
            "CWE-89": 0.8978102189781022,
            "CWE-90": 0.9784671532846715,
            "CWE-327": 0.9102189781021898,
            "CWE-328": 0.9138686131386862,
            "CWE-330": 0.82007299270073,
            "CWE-501": 0.954014598540146,
            "CWE-614": 0.9755474452554744,
            "CWE-643": 0.9872262773722628
          },
          "Precision": {
            "CWE-22": 0.3,
            "CWE-78": 0.6785714285714286,
            "CWE-79": 0.0,
            "CWE-89": 0.9516129032258065,
            "CWE-90": 0.0,
            "CWE-327": 0.0,
            "CWE-328": 0.0,
            "CWE-330": 0.0,
            "CWE-501": 0.0,
            "CWE-614": 0.0,
            "CWE-643": 0.0
          },
          "Recall": {
            "CWE-22": 0.033582089552238806,
            "CWE-78": 0.22709163346613545,
            "CWE-79": 0.0,
            "CWE-89": 0.46825396825396826,
            "CWE-90": 0.0,
            "CWE-327": 0.0,
            "CWE-328": 0.0,
            "CWE-330": 0.0,
            "CWE-501": 0.0,
            "CWE-614": 0.0,
            "CWE-643": 0.0
          },
          "F1-Score": {
            "CWE-22": 0.06040268456375839,
            "CWE-78": 0.3402985074626866,
            "CWE-79": 0.0,
            "CWE-89": 0.6276595744680851,
            "CWE-90": 0.0,
            "CWE-327": 0.0,
            "CWE-328": 0.0,
            "CWE-330": 0.0,
            "CWE-501": 0.0,
            "CWE-614": 0.0,
            "CWE-643": 0.0
          }
        },
        "Macro Precision": 0.17547130289065774,
        "Macro Recall": 0.06626615375203114,
        "Macro F1-Score": 0.09348734240859363,
        "Weighted Precision": 0.266545376568334,
        "Weighted Recall": 0.11021897810218978,
        "Weighted F1-Score": 0.1525340402803418,
        "MCC": 0.1973662397494625,
        "Cohen Kappa": 0.6715361582433537,