{
    "gpt-5-2025-08-07": {
        "Dataset": "owasp",
        "Prompt Type": "simple",
        "Vulnerability Metrics": {
            "Accuracy": 0.6722627737226278,
            "Precision": 0.6159712875729026,
            "Recall": 0.9703180212014134,
            "F1-Score": 0.7535675082327113,
            "Youden Index": 0.32428028535235676,
            "ROC-AUC Score": 0.6621401426761784,
            "FPR": 0.6460377358490565,
            "FNR": 0.029681978798586573,
            "Specificity": 0.3539622641509434,
            "NPV": 0.9178082191780822,
            "FDR": 0.38402871242709735,
            "MCC": 0.4160458757931024,
            "Confusion Matrix": [
                [
                    469,
                    856
                ],
                [
                    42,
                    1373
                ]
            ]
        },
        "Vulnerability Type Metrics": {
            "Using Predicted CWE": {
                "Per Class Metrics": {
                    "Accuracy": {
                        "CWE-22": 0.9518248175182482,
                        "CWE-78": 0.9941605839416059,
                        "CWE-79": 0.9135036496350365,
                        "CWE-89": 0.9927007299270073,
                        "CWE-90": 0.995985401459854,
                        "CWE-327": 0.9328467153284672,
                        "CWE-328": 0.9266423357664234,
                        "CWE-330": 0.8441605839416059,
                        "CWE-501": 0.954014598540146,
                        "CWE-614": 0.9868613138686131,
                        "CWE-643": 0.9978102189781022
                    },
                    "Precision": {
                        "CWE-22": 1.0,
                        "CWE-78": 1.0,
                        "CWE-79": 0.9067164179104478,
                        "CWE-89": 1.0,
                        "CWE-90": 1.0,
                        "CWE-327": 0.6260162601626016,
                        "CWE-328": 1.0,
                        "CWE-330": 0.9852941176470589,
                        "CWE-501": 0.0,
                        "CWE-614": 0.8780487804878049,
                        "CWE-643": 1.0
                    },
                    "Recall": {
                        "CWE-22": 0.5074626865671642,
                        "CWE-78": 0.9362549800796812,
                        "CWE-79": 0.5340659340659341,
                        "CWE-89": 0.9603174603174603,
                        "CWE-90": 0.8135593220338984,
                        "CWE-327": 0.6260162601626016,
                        "CWE-328": 0.1483050847457627,
                        "CWE-330": 0.1359026369168357,
                        "CWE-501": 0.0,
                        "CWE-614": 0.5373134328358209,
                        "CWE-643": 0.8285714285714286
                    },
                    "F1-Score": {
                        "CWE-22": 0.6732673267326733,
                        "CWE-78": 0.9670781893004116,
                        "CWE-79": 0.6721991701244814,
                        "CWE-89": 0.979757085020243,
                        "CWE-90": 0.897196261682243,
                        "CWE-327": 0.6260162601626016,
                        "CWE-328": 0.25830258302583026,
                        "CWE-330": 0.23885918003565063,
                        "CWE-501": 0.0,
                        "CWE-614": 0.6666666666666666,
                        "CWE-643": 0.90625
                    }
                },
                "Macro Precision": 0.8541886887461739,
                "Macro Recall": 0.5479790205724171,
                "Macro F1-Score": 0.6259629747955274,
                "Weighted Precision": 0.8993194300882982,
                "Weighted Recall": 0.5354014598540145,
                "Weighted F1-Score": 0.6149114758369315,
                "MCC": 0.5638161982858839,
                "Cohen Kappa": 0.9069197859588185,
                "Confusion Matrix": [
                    [
                        136,
                        0,
                        0,
                        0,
                        0,
                        0,
                        0,
                        0,
                        0,
                        0,
                        0
                    ],
                    [
                        0,
                        235,
                        0,
                        0,
                        0,
                        0,
                        0,
                        0,
                        0,
                        0,
                        0
                    ],
                    [
                        0,
                        0,
                        243,
                        0,
                        0,
                        0,
                        0,
                        0,
                        0,
                        0,
                        0
                    ],
                    [
                        0,
                        0,
                        0,
                        484,
                        0,
                        0,
                        0,
                        0,
                        0,
                        0,
                        0
                    ],
                    [
                        0,
                        0,
                        0,
                        0,
                        48,
                        0,
                        0,
                        0,
                        0,
                        0,
                        0
                    ],
                    [
                        0,
                        0,
                        0,
                        0,
                        0,
                        154,
                        0,
                        0,
                        0,
                        2,
                        0
                    ],
                    [
                        0,
                        0,
                        0,
                        0,
                        0,
                        88,
                        35,
                        1,
                        0,
                        2,
                        0
                    ],
                    [
                        0,
                        0,
                        24,
                        0,
                        0,
                        4,
                        0,
                        67,
                        0,
                        0,
                        0
                    ],
                    [
                        0,
                        0,
                        0,
                        0,
                        0,
                        0,
                        0,
                        0,
                        0,
                        1,
                        0
                    ],
                    [
                        0,
                        0,
                        1,
                        0,
                        0,
                        0,
                        0,
                        0,
                        0,
                        36,
                        0
                    ],
                    [
                        0,
                        0,
                        0,
                        0,
                        0,
                        0,
                        0,
                        0,
                        0,
                        0,
                        29
                    ]
                ]
            },
            "Using Predicted Vulnerability Name": {
                "Per Class Metrics": {
                    "Accuracy": {
                        "CWE-22": 0.9569343065693431,
                        "CWE-78": 0.9941605839416059,