{
    "gpt-5-2025-08-07": {
        "Dataset": "owasp",
        "Prompt Type": "simple",
        "Vulnerability Metrics": {
            "Accuracy": 0.8175182481751825,
            "Precision": 0.7515118196811434,
            "Recall": 0.9660777385159011,
            "F1-Score": 0.8453927025355596,
            "Youden Index": 0.624945663044203,
            "ROC-AUC Score": 0.8124728315221015,
            "FPR": 0.3411320754716981,
            "FNR": 0.03392226148409894,
            "Specificity": 0.6588679245283019,
            "NPV": 0.9478827361563518,
            "FDR": 0.24848818031885653,
            "MCC": 0.6611229798058522,
            "Confusion Matrix": [
                [
                    873,
                    452
                ],
                [
                    48,
                    1367
                ]
            ]
        },
        "Vulnerability Type Metrics": {
            "Using Predicted CWE": {
                "Per Class Metrics": {
                    "Accuracy": {
                        "CWE-22": 0.945985401459854,
                        "CWE-78": 0.954014598540146,
                        "CWE-79": 0.9054744525547446,
                        "CWE-89": 0.9251824817518248,
                        "CWE-90": 0.9901459854014598,
                        "CWE-327": 0.9434306569343066,
                        "CWE-328": 0.9222627737226278,
                        "CWE-330": 0.8423357664233576,
                        "CWE-501": 0.9547445255474453,
                        "CWE-614": 0.9883211678832117,
                        "CWE-643": 0.993065693430657
                    },
                    "Precision": {
                        "CWE-22": 1.0,
                        "CWE-78": 1.0,
                        "CWE-79": 0.9152542372881356,
                        "CWE-89": 1.0,
                        "CWE-90": 1.0,
                        "CWE-327": 0.7040358744394619,
                        "CWE-328": 1.0,
                        "CWE-330": 1.0,
                        "CWE-501": 1.0,
                        "CWE-614": 1.0,
                        "CWE-643": 1.0
                    },
                    "Recall": {
                        "CWE-22": 0.44776119402985076,
                        "CWE-78": 0.49800796812749004,
                        "CWE-79": 0.4747252747252747,
                        "CWE-89": 0.5932539682539683,
                        "CWE-90": 0.5423728813559322,
                        "CWE-327": 0.6382113821138211,
                        "CWE-328": 0.09745762711864407,
                        "CWE-330": 0.12373225152129817,
                        "CWE-501": 0.015873015873015872,
                        "CWE-614": 0.5223880597014925,
                        "CWE-643": 0.45714285714285713
                    },
                    "F1-Score": {
                        "CWE-22": 0.6185567010309279,
                        "CWE-78": 0.6648936170212766,
                        "CWE-79": 0.6251808972503617,
                        "CWE-89": 0.7447073474470735,
                        "CWE-90": 0.7032967032967034,
                        "CWE-327": 0.6695095948827292,
                        "CWE-328": 0.1776061776061776,
                        "CWE-330": 0.22021660649819494,
                        "CWE-501": 0.03125,
                        "CWE-614": 0.6862745098039216,
                        "CWE-643": 0.6274509803921569
                    }
                },
                "Macro Precision": 0.9653900101570543,
                "Macro Recall": 0.40099331636033125,
                "Macro F1-Score": 0.5244493759299567,
                "Weighted Precision": 0.959355293094237,
                "Weighted Recall": 0.3963503649635037,
                "Weighted F1-Score": 0.5186152161809422,
                "MCC": 0.456280214805661,
                "Cohen Kappa": 0.9130544298315986,
                "Confusion Matrix": [
                    [
                        120,
                        0,
                        0,
                        0,
                        0,
                        0,
                        0,
                        0,
                        0,
                        0,
                        0
                    ],
                    [
                        0,
                        125,
                        0,
                        0,
                        0,
                        0,
                        0,
                        0,
                        0,
                        0,
                        0
                    ],
                    [
                        0,
                        0,
                        216,
                        0,
                        0,
                        0,
                        0,
                        0,
                        0,
                        0,
                        0
                    ],
                    [
                        0,
                        0,
                        0,
                        299,
                        0,
                        0,
                        0,
                        0,
                        0,
                        0,
                        0
                    ],
                    [
                        0,
                        0,
                        20,
                        0,
                        32,
                        0,
                        0,
                        0,
                        0,
                        0,
                        0
                    ],
                    [
                        0,
                        0,
                        0,
                        0,
                        0,
                        157,
                        0,
                        0,
                        0,
                        0,
                        0
                    ],
                    [
                        0,
                        0,
                        0,
                        0,
                        0,
                        66,
                        23,
                        0,
                        0,
                        0,
                        0
                    ],
                    [
                        0,
                        0,
                        0,
                        0,
                        0,
                        0,
                        0,
                        61,
                        0,
                        0,
                        0
                    ],
                    [
                        0,
                        0,
                        0,
                        0,
                        0,
                        0,
                        0,
                        0,
                        2,
                        0,
                        0
                    ],
                    [
                        0,
                        0,
                        0,
                        0,
                        0,
                        0,
                        0,
                        0,
                        0,
                        35,
                        0
                    ],
                    [
                        0,
                        0,
                        0,
                        0,
                        0,
                        0,
                        0,
                        0,
                        0,
                        0,
                        16
                    ]
                ]
            },
            "Using Predicted Vulnerability Name": {
                "Per Class Metrics": {
                    "Accuracy": {
                        "CWE-22": 0.945985401459854,
                        "CWE-78": 0.954014598540146,