{
    "deepseek-coder-v2:16b-lite-instruct-q4_0": {
        "Dataset": "owasp",
        "Prompt Type": "few_shot",
        "Vulnerability Metrics": {
            "Accuracy": 0.541970802919708,
            "Precision": 0.5346620450606586,
            "Recall": 0.8720848056537103,
            "F1-Score": 0.6629062583937685,
            "Youden Index": 0.06151876791786126,
            "ROC-AUC Score": 0.5307593839589306,
            "FPR": 0.810566037735849,
            "FNR": 0.12791519434628976,
            "Specificity": 0.18943396226415093,
            "NPV": 0.5810185185185185,
            "FDR": 0.46533795493934144,
            "MCC": 0.08435950298238357,
            "Confusion Matrix": [
                [
                    251,
                    1074
                ],
                [
                    181,
                    1234
                ]
            ]
        },
        "Vulnerability Type Metrics": {
            "Using Predicted CWE": {
                "Per Class Metrics": {
                    "Accuracy": {
                        "CWE-22": 0.9193430656934306,
                        "CWE-78": 0.997080291970803,
                        "CWE-79": 0.9996350364963503,
                        "CWE-89": 0.9631386861313869,
                        "CWE-90": 0.9744525547445255,
                        "CWE-327": 0.9156934306569343,
                        "CWE-328": 0.9138686131386862,
                        "CWE-330": 0.8799270072992701,
                        "CWE-501": 0.954014598540146,
                        "CWE-614": 0.9912408759124087,
                        "CWE-643": 0.9864963503649635
                    },
                    "Precision": {
                        "CWE-22": 1.0,
                        "CWE-78": 1.0,
                        "CWE-79": 1.0,
                        "CWE-89": 0.9278131634819533,
                        "CWE-90": 0.2962962962962963,
                        "CWE-327": 0.7586206896551724,
                        "CWE-328": 0.0,
                        "CWE-330": 1.0,
                        "CWE-501": 0.0,
                        "CWE-614": 0.8524590163934426,
                        "CWE-643": 0.0
                    },
                    "Recall": {
                        "CWE-22": 0.17537313432835822,
                        "CWE-78": 0.9681274900398407,
                        "CWE-79": 0.9978021978021978,
                        "CWE-89": 0.8670634920634921,
                        "CWE-90": 0.13559322033898305,
                        "CWE-327": 0.08943089430894309,
                        "CWE-328": 0.0,
                        "CWE-330": 0.332657200811359,
                        "CWE-501": 0.0,
                        "CWE-614": 0.7761194029850746,
                        "CWE-643": 0.0
                    },
                    "F1-Score": {
                        "CWE-22": 0.2984126984126984,
                        "CWE-78": 0.9838056680161943,
                        "CWE-79": 0.9988998899889989,
                        "CWE-89": 0.8964102564102564,
                        "CWE-90": 0.18604651162790697,
                        "CWE-327": 0.16,
                        "CWE-328": 0.0,
                        "CWE-330": 0.4992389649923896,
                        "CWE-501": 0.0,
                        "CWE-614": 0.8125,
                        "CWE-643": 0.0
                    }
                },
                "Macro Precision": 0.6213808332569877,
                "Macro Recall": 0.39474245751620446,
                "Macro F1-Score": 0.43957399904076766,
                "Weighted Precision": 0.8013995473101895,
                "Weighted Recall": 0.5208029197080292,
                "Weighted F1-Score": 0.5781383572809219,
                "MCC": 0.5533863883715073,
                "Cohen Kappa": 0.9385271437009944,
                "Confusion Matrix": [
                    [
                        47,
                        0,
                        0,
                        1,
                        0,
                        0,
                        0,
                        0,
                        0,
                        0,
                        0
                    ],
                    [
                        0,
                        243,
                        0,
                        0,
                        0,
                        0,
                        0,
                        0,
                        0,
                        0,
                        0
                    ],
                    [
                        0,
                        0,
                        454,
                        0,
                        0,
                        0,
                        0,
                        0,
                        0,
                        0,
                        0
                    ],
                    [
                        0,
                        0,
                        0,
                        437,
                        16,
                        0,
                        0,
                        0,
                        0,
                        0,
                        1
                    ],
                    [
                        0,
                        0,
                        0,
                        19,
                        8,
                        0,
                        0,
                        0,
                        0,
                        0,
                        0
                    ],
                    [
                        0,
                        0,
                        0,
                        0,
                        0,
                        22,
                        0,
                        0,
                        0,
                        0,
                        0
                    ],
                    [
                        0,
                        0,
                        0,
                        2,
                        1,
                        0,
                        0,
                        0,
                        0,
                        0,
                        0
                    ],
                    [
                        0,
                        0,
                        0,
                        0,
                        0,
                        7,
                        0,
                        164,
                        0,
                        0,
                        0
                    ],
                    [
                        0,
                        0,
                        0,
                        12,
                        0,
                        0,
                        0,
                        0,
                        0,
                        9,
                        1
                    ],
                    [
                        0,
                        0,
                        0,
                        0,
                        0,
                        0,
                        0,
                        0,
                        0,
                        52,
                        0
                    ],
                    [
                        0,
                        0,
                        0,
                        0,
                        2,
                        0,
                        0,
                        0,
                        0,
                        0,
                        0
                    ]
                ]
            },
            "Using Predicted Vulnerability Name": {
                "Per Class Metrics": {
                    "Accuracy": {
                        "CWE-22": 0.9638686131386861,
                        "CWE-78": 0.9941605839416059,
                        "CWE-79": 0.9989051094890511,