{
    "deepseek-coder-v2:16b-lite-instruct-q4_0": {
        "Dataset": "owasp",
        "Prompt Type": "vulnerability_specific",
        "Vulnerability Metrics": {
            "Accuracy": 0.5186131386861313,
            "Precision": 0.517910447761194,
            "Recall": 0.9809187279151943,
            "F1-Score": 0.6778998778998779,
            "Youden Index": 0.005824388292552829,
            "ROC-AUC Score": 0.5029121941462764,
            "FPR": 0.9750943396226415,
            "FNR": 0.019081272084805655,
            "Specificity": 0.02490566037735849,
            "NPV": 0.55,
            "FDR": 0.48208955223880595,
            "MCC": 0.019888107423340202,
            "Confusion Matrix": [
                [
                    33,
                    1292
                ],
                [
                    27,
                    1388
                ]
            ]
        },
        "Vulnerability Type Metrics": {
            "Using Predicted CWE": {
                "Per Class Metrics": {
                    "Accuracy": {
                        "CWE-22": 0.8733576642335766,
                        "CWE-78": 0.9916058394160584,
                        "CWE-79": 0.9934306569343065,
                        "CWE-89": 0.9996350364963503,
                        "CWE-90": 0.9802919708029197,
                        "CWE-327": 0.8959854014598541,
                        "CWE-328": 0.9131386861313868,
                        "CWE-330": 0.9456204379562044,
                        "CWE-501": 0.9766423357664233,
                        "CWE-614": 0.9905109489051095,
                        "CWE-643": 0.9854014598540146
                    },
                    "Precision": {
                        "CWE-22": 0.43577235772357725,
                        "CWE-78": 0.9956521739130435,
                        "CWE-79": 0.9866369710467706,
                        "CWE-89": 1.0,
                        "CWE-90": 0.7272727272727273,
                        "CWE-327": 0.4498714652956298,
                        "CWE-328": 0.0,
                        "CWE-330": 0.9831460674157303,
                        "CWE-501": 0.9078947368421053,
                        "CWE-614": 1.0,
                        "CWE-643": 0.0
                    },
                    "Recall": {
                        "CWE-22": 1.0,
                        "CWE-78": 0.9123505976095617,
                        "CWE-79": 0.9736263736263736,
                        "CWE-89": 0.998015873015873,
                        "CWE-90": 0.13559322033898305,
                        "CWE-327": 0.7113821138211383,
                        "CWE-328": 0.0,
                        "CWE-330": 0.7099391480730223,
                        "CWE-501": 0.5476190476190477,
                        "CWE-614": 0.6119402985074627,
                        "CWE-643": 0.0
                    },
                    "F1-Score": {
                        "CWE-22": 0.6070215175537939,
                        "CWE-78": 0.9521829521829522,
                        "CWE-79": 0.9800884955752213,
                        "CWE-89": 0.9990069513406157,
                        "CWE-90": 0.22857142857142856,
                        "CWE-327": 0.5511811023622047,
                        "CWE-328": 0.0,
                        "CWE-330": 0.8244994110718492,
                        "CWE-501": 0.6831683168316832,
                        "CWE-614": 0.7592592592592593,
                        "CWE-643": 0.0
                    }
                },
                "Macro Precision": 0.6805678635917803,
                "Macro Recall": 0.6000424247828602,
                "Macro F1-Score": 0.5986344940680917,
                "Weighted Precision": 0.7807586601453466,
                "Weighted Recall": 0.7613138686131387,
                "Weighted F1-Score": 0.745847996379976,
                "MCC": 0.7389027097769237,
                "Cohen Kappa": 0.7457513455625844,
                "Confusion Matrix": [
                    [
                        268,
                        0,
                        0,
                        0,
                        0,
                        0,
                        0,
                        0,
                        0,
                        0,
                        0
                    ],
                    [
                        22,
                        229,
                        0,
                        0,
                        0,
                        0,
                        0,
                        0,
                        0,
                        0,
                        0
                    ],
                    [
                        7,
                        1,
                        443,
                        0,
                        0,
                        0,
                        0,
                        0,
                        4,
                        0,
                        0
                    ],
                    [
                        1,
                        0,
                        0,
                        503,
                        0,
                        0,
                        0,
                        0,
                        0,
                        0,
                        0
                    ],
                    [
                        46,
                        0,
                        5,
                        0,
                        8,
                        0,
                        0,
                        0,
                        0,
                        0,
                        0
                    ],
                    [
                        21,
                        0,
                        0,
                        0,
                        0,
                        175,
                        1,
                        0,
                        0,
                        0,
                        0
                    ],
                    [
                        152,
                        0,
                        0,
                        0,
                        0,
                        76,
                        0,
                        5,
                        3,
                        0,
                        0
                    ],
                    [
                        0,
                        0,
                        0,
                        0,
                        0,
                        136,
                        1,
                        350,
                        0,
                        0,
                        0
                    ],
                    [
                        57,
                        0,
                        0,
                        0,
                        0,
                        0,
                        0,
                        0,
                        69,
                        0,
                        0
                    ],
                    [
                        11,
                        0,
                        0,
                        0,
                        0,
                        1,
                        0,
                        1,
                        0,
                        41,
                        5
                    ],
                    [
                        30,
                        0,
                        1,
                        0,
                        3,
                        1,
                        0,
                        0,
                        0,
                        0,
                        0
                    ]
                ]
            },
            "Using Predicted Vulnerability Name": {
                "Per Class Metrics": {
                    "Accuracy": {
                        "CWE-22": 0.8766423357664234,