{
    "deepseek-coder-v2:16b-lite-instruct-q4_0": {
        "Dataset": "owasp",
        "Prompt Type": "simple",
        "Vulnerability Metrics": {
            "Accuracy": 0.5171532846715329,
            "Precision": 0.5169741697416974,
            "Recall": 0.9901060070671378,
            "F1-Score": 0.6792727272727273,
            "Youden Index": 0.002181478765250988,
            "ROC-AUC Score": 0.5010907393826255,
            "FPR": 0.9879245283018868,
            "FNR": 0.009893992932862191,
            "Specificity": 0.012075471698113207,
            "NPV": 0.5333333333333333,
            "FDR": 0.4830258302583026,
            "MCC": 0.010475912833303827,
            "Confusion Matrix": [
                [
                    16,
                    1309
                ],
                [
                    14,
                    1401
                ]
            ]
        },
        "Vulnerability Type Metrics": {
            "Using Predicted CWE": {
                "Per Class Metrics": {
                    "Accuracy": {
                        "CWE-22": 0.9346715328467153,
                        "CWE-78": 0.9989051094890511,
                        "CWE-79": 0.9967153284671533,
                        "CWE-89": 0.9912408759124087,
                        "CWE-90": 0.9846715328467154,
                        "CWE-327": 0.9481751824817518,
                        "CWE-328": 0.9138686131386862,
                        "CWE-330": 0.906934306569343,
                        "CWE-501": 0.954014598540146,
                        "CWE-614": 0.987956204379562,
                        "CWE-643": 0.9864963503649635
                    },
                    "Precision": {
                        "CWE-22": 1.0,
                        "CWE-78": 1.0,
                        "CWE-79": 1.0,
                        "CWE-89": 0.9858299595141701,
                        "CWE-90": 0.7741935483870968,
                        "CWE-327": 0.7954545454545454,
                        "CWE-328": 0.0,
                        "CWE-330": 1.0,
                        "CWE-501": 0.0,
                        "CWE-614": 0.9473684210526315,
                        "CWE-643": 0.0
                    },
                    "Recall": {
                        "CWE-22": 0.332089552238806,
                        "CWE-78": 0.9880478087649402,
                        "CWE-79": 0.9802197802197802,
                        "CWE-89": 0.9662698412698413,
                        "CWE-90": 0.4067796610169492,
                        "CWE-327": 0.5691056910569106,
                        "CWE-328": 0.0,
                        "CWE-330": 0.4827586206896552,
                        "CWE-501": 0.0,
                        "CWE-614": 0.5373134328358209,
                        "CWE-643": 0.0
                    },
                    "F1-Score": {
                        "CWE-22": 0.49859943977591037,
                        "CWE-78": 0.9939879759519038,
                        "CWE-79": 0.9900110987791343,
                        "CWE-89": 0.9759519038076152,
                        "CWE-90": 0.5333333333333333,
                        "CWE-327": 0.6635071090047393,
                        "CWE-328": 0.0,
                        "CWE-330": 0.6511627906976745,
                        "CWE-501": 0.0,
                        "CWE-614": 0.6857142857142857,
                        "CWE-643": 0.0
                    }
                },
                "Macro Precision": 0.6820769522189495,
                "Macro Recall": 0.4784167625538822,
                "Macro F1-Score": 0.5447516306422361,
                "Weighted Precision": 0.8279894968402645,
                "Weighted Recall": 0.6233576642335766,
                "Weighted F1-Score": 0.6887248064693645,
                "MCC": 0.6381994569347199,
                "Cohen Kappa": 0.9619415763918416,
                "Confusion Matrix": [
                    [
                        89,
                        0,
                        0,
                        0,
                        0,
                        0,
                        0,
                        0,
                        0,
                        1,
                        0
                    ],
                    [
                        0,
                        248,
                        0,
                        0,
                        0,
                        0,
                        0,
                        0,
                        0,
                        0,
                        0
                    ],
                    [
                        0,
                        0,
                        446,
                        4,
                        0,
                        0,
                        0,
                        0,
                        0,
                        0,
                        0
                    ],
                    [
                        0,
                        0,
                        0,
                        487,
                        4,
                        0,
                        0,
                        0,
                        0,
                        0,
                        0
                    ],
                    [
                        0,
                        0,
                        0,
                        3,
                        24,
                        0,
                        0,
                        0,
                        0,
                        0,
                        0
                    ],
                    [
                        0,
                        0,
                        0,
                        0,
                        0,
                        140,
                        0,
                        0,
                        0,
                        0,
                        0
                    ],
                    [
                        0,
                        0,
                        0,
                        0,
                        0,
                        1,
                        0,
                        0,
                        0,
                        0,
                        0
                    ],
                    [
                        0,
                        0,
                        0,
                        0,
                        0,
                        35,
                        0,
                        238,
                        0,
                        0,
                        0
                    ],
                    [
                        0,
                        0,
                        0,
                        0,
                        0,
                        0,
                        0,
                        0,
                        0,
                        1,
                        2
                    ],
                    [
                        0,
                        0,
                        0,
                        0,
                        0,
                        0,
                        0,
                        0,
                        0,
                        36,
                        0
                    ],
                    [
                        0,
                        0,
                        0,
                        0,
                        3,
                        0,
                        0,
                        0,
                        0,
                        0,
                        0
                    ]
                ]
            },
            "Using Predicted Vulnerability Name": {
                "Per Class Metrics": {
                    "Accuracy": {
                        "CWE-22": 0.9306569343065694,
                        "CWE-78": 0.9901459854014598,