{
    "deepseek-coder-v2:16b-lite-instruct-q4_0": {
        "Dataset": "owasp",
        "Prompt Type": "chain_of_thought",
        "Vulnerability Metrics": {
            "Accuracy": 0.5178832116788321,
            "Precision": 0.5174981384959046,
            "Recall": 0.9823321554770318,
            "F1-Score": 0.6778834430626677,
            "Youden Index": 0.004218947929861994,
            "ROC-AUC Score": 0.502109473964931,
            "FPR": 0.9781132075471698,
            "FNR": 0.0176678445229682,
            "Specificity": 0.02188679245283019,
            "NPV": 0.5370370370370371,
            "FDR": 0.4825018615040953,
            "MCC": 0.015168423316856791,
            "Confusion Matrix": [
                [
                    29,
                    1296
                ],
                [
                    25,
                    1390
                ]
            ]
        },
        "Vulnerability Type Metrics": {
            "Using Predicted CWE": {
                "Per Class Metrics": {
                    "Accuracy": {
                        "CWE-22": 0.9357664233576642,
                        "CWE-78": 0.9656934306569344,
                        "CWE-79": 0.9985401459854014,
                        "CWE-89": 0.958029197080292,
                        "CWE-90": 0.9791970802919708,
                        "CWE-327": 0.9047445255474452,
                        "CWE-328": 0.9138686131386862,
                        "CWE-330": 0.9594890510948905,
                        "CWE-501": 0.954014598540146,
                        "CWE-614": 0.9762773722627737,
                        "CWE-643": 0.9872262773722628
                    },
                    "Precision": {
                        "CWE-22": 1.0,
                        "CWE-78": 1.0,
                        "CWE-79": 1.0,
                        "CWE-89": 0.816260162601626,
                        "CWE-90": 0.6666666666666666,
                        "CWE-327": 0.32558139534883723,
                        "CWE-328": 0.0,
                        "CWE-330": 1.0,
                        "CWE-501": 0.0,
                        "CWE-614": 1.0,
                        "CWE-643": 0.0
                    },
                    "Recall": {
                        "CWE-22": 0.34328358208955223,
                        "CWE-78": 0.6254980079681275,
                        "CWE-79": 0.9912087912087912,
                        "CWE-89": 0.996031746031746,
                        "CWE-90": 0.06779661016949153,
                        "CWE-327": 0.056910569105691054,
                        "CWE-328": 0.0,
                        "CWE-330": 0.7748478701825557,
                        "CWE-501": 0.0,
                        "CWE-614": 0.029850746268656716,
                        "CWE-643": 0.0
                    },
                    "F1-Score": {
                        "CWE-22": 0.5111111111111111,
                        "CWE-78": 0.7696078431372549,
                        "CWE-79": 0.9955849889624724,
                        "CWE-89": 0.8972296693476318,
                        "CWE-90": 0.12307692307692308,
                        "CWE-327": 0.09688581314878893,
                        "CWE-328": 0.0,
                        "CWE-330": 0.8731428571428571,
                        "CWE-501": 0.0,
                        "CWE-614": 0.057971014492753624,
                        "CWE-643": 0.0
                    }
                },
                "Macro Precision": 0.6189552931470118,
                "Macro Recall": 0.35322072027496476,
                "Macro F1-Score": 0.39314638367452664,
                "Weighted Precision": 0.753584481219112,
                "Weighted Recall": 0.5854014598540146,
                "Weighted F1-Score": 0.6207237973623883,
                "MCC": 0.5897266313777676,
                "Cohen Kappa": 0.8928167662865398,
                "Confusion Matrix": [
                    [
                        92,
                        0,
                        0,
                        11,
                        0,
                        0,
                        0,
                        0,
                        0,
                        0,
                        0
                    ],
                    [
                        0,
                        157,
                        0,
                        15,
                        0,
                        0,
                        0,
                        0,
                        0,
                        0,
                        0
                    ],
                    [
                        0,
                        0,
                        451,
                        1,
                        0,
                        0,
                        0,
                        0,
                        0,
                        0,
                        0
                    ],
                    [
                        0,
                        0,
                        0,
                        502,
                        0,
                        0,
                        0,
                        0,
                        0,
                        0,
                        0
                    ],
                    [
                        0,
                        0,
                        0,
                        42,
                        4,
                        0,
                        0,
                        0,
                        0,
                        0,
                        0
                    ],
                    [
                        0,
                        0,
                        0,
                        3,
                        0,
                        14,
                        0,
                        0,
                        0,
                        0,
                        0
                    ],
                    [
                        0,
                        0,
                        0,
                        38,
                        0,
                        0,
                        0,
                        0,
                        0,
                        0,
                        0
                    ],
                    [
                        0,
                        0,
                        0,
                        0,
                        0,
                        29,
                        0,
                        382,
                        0,
                        0,
                        0
                    ],
                    [
                        0,
                        0,
                        0,
                        1,
                        0,
                        0,
                        0,
                        0,
                        0,
                        0,
                        0
                    ],
                    [
                        0,
                        0,
                        0,
                        1,
                        0,
                        0,
                        0,
                        0,
                        0,
                        2,
                        0
                    ],
                    [
                        0,
                        0,
                        0,
                        1,
                        2,
                        0,
                        0,
                        0,
                        0,
                        0,
                        0
                    ]
                ]
            },
            "Using Predicted Vulnerability Name": {
                "Per Class Metrics": {
                    "Accuracy": {
                        "CWE-22": 0.9467153284671533,
                        "CWE-78": 0.9624087591240876,