{
    "hugging-quants/Meta-Llama-3.1-70B-Instruct-AWQ-INT4": {
        "Dataset": "owasp",
        "Prompt Type": "chain_of_thought",
        "Vulnerability Metrics": {
            "Accuracy": 0.5861313868613138,
            "Precision": 0.5612734409071086,
            "Recall": 0.9095406360424029,
            "F1-Score": 0.6941747572815534,
            "Youden Index": 0.15029535302353492,
            "ROC-AUC Score": 0.5751476765117675,
            "FPR": 0.759245283018868,
            "FNR": 0.09045936395759717,
            "Specificity": 0.24075471698113207,
            "NPV": 0.7136465324384788,
            "FDR": 0.43872655909289143,
            "MCC": 0.2032712336932992,
            "Confusion Matrix": [
                [
                    319,
                    1006
                ],
                [
                    128,
                    1287
                ]
            ]
        },
        "Vulnerability Type Metrics": {
            "Using Predicted CWE": {
                "Per Class Metrics": {
                    "Accuracy": {
                        "CWE-22": 0.9806569343065693,
                        "CWE-78": 0.9989051094890511,
                        "CWE-79": 0.8427007299270073,
                        "CWE-89": 0.7970802919708029,
                        "CWE-90": 0.9784671532846715,
                        "CWE-327": 0.9102189781021898,
                        "CWE-328": 0.9138686131386862,
                        "CWE-330": 0.8635036496350365,
                        "CWE-501": 0.954014598540146,
                        "CWE-614": 0.9755474452554744,
                        "CWE-643": 1.0
                    },
                    "Precision": {
                        "CWE-22": 0.9953917050691244,
                        "CWE-78": 0.9920634920634921,
                        "CWE-79": 0.6333333333333333,
                        "CWE-89": 0.47445972495088407,
                        "CWE-90": 0.0,
                        "CWE-327": 0.0,
                        "CWE-328": 0.0,
                        "CWE-330": 1.0,
                        "CWE-501": 0.0,
                        "CWE-614": 0.0,
                        "CWE-643": 1.0
                    },
                    "Recall": {
                        "CWE-22": 0.8059701492537313,
                        "CWE-78": 0.9960159362549801,
                        "CWE-79": 0.12527472527472527,
                        "CWE-89": 0.9583333333333334,
                        "CWE-90": 0.0,
                        "CWE-327": 0.0,
                        "CWE-328": 0.0,
                        "CWE-330": 0.2413793103448276,
                        "CWE-501": 0.0,
                        "CWE-614": 0.0,
                        "CWE-643": 1.0
                    },
                    "F1-Score": {
                        "CWE-22": 0.8907216494845361,
                        "CWE-78": 0.9940357852882704,
                        "CWE-79": 0.20917431192660552,
                        "CWE-89": 0.6346911957950065,
                        "CWE-90": 0.0,
                        "CWE-327": 0.0,
                        "CWE-328": 0.0,
                        "CWE-330": 0.3888888888888889,
                        "CWE-501": 0.0,
                        "CWE-614": 0.0,
                        "CWE-643": 1.0
                    }
                },
                "Macro Precision": 0.46320438685607584,
                "Macro Recall": 0.37517940495105434,
                "Macro F1-Score": 0.3743192573984825,
                "Weighted Precision": 0.5733822195286037,
                "Weighted Recall": 0.4233576642335766,
                "Weighted F1-Score": 0.41240776678785496,
                "MCC": 0.4146173026972023,
                "Cohen Kappa": 0.5822390930658268,
                "Confusion Matrix": [
                    [
                        216,
                        0,
                        0,
                        0,
                        0,
                        0,
                        0,
                        0,
                        0,
                        0,
                        0
                    ],
                    [
                        0,
                        250,
                        0,
                        0,
                        0,
                        0,
                        0,
                        0,
                        0,
                        0,
                        0
                    ],
                    [
                        0,
                        0,
                        57,
                        0,
                        0,
                        0,
                        0,
                        0,
                        0,
                        0,
                        0
                    ],
                    [
                        0,
                        0,
                        0,
                        483,
                        0,
                        0,
                        0,
                        0,
                        0,
                        0,
                        0
                    ],
                    [
                        0,
                        0,
                        0,
                        58,
                        0,
                        0,
                        0,
                        0,
                        0,
                        0,
                        0
                    ],
                    [
                        0,
                        0,
                        0,
                        208,
                        0,
                        0,
                        0,
                        0,
                        0,
                        0,
                        0
                    ],
                    [
                        1,
                        2,
                        0,
                        199,
                        0,
                        0,
                        0,
                        0,
                        0,
                        0,
                        0
                    ],
                    [
                        0,
                        0,
                        1,
                        69,
                        0,
                        0,
                        0,
                        119,
                        0,
                        0,
                        0
                    ],
                    [
                        0,
                        0,
                        0,
                        1,
                        0,
                        0,
                        0,
                        0,
                        0,
                        0,
                        0
                    ],
                    [
                        0,
                        0,
                        32,
                        0,
                        0,
                        0,
                        0,
                        0,
                        0,
                        0,
                        0
                    ],
                    [
                        0,
                        0,
                        0,
                        0,
                        0,
                        0,
                        0,
                        0,
                        0,
                        0,
                        35
                    ]
                ]
            },
            "Using Predicted Vulnerability Name": {
                "Per Class Metrics": {
                    "Accuracy": {
                        "CWE-22": 0.9890510948905109,
                        "CWE-78": 0.9989051094890511,
                        "CWE-79": 0.8427007299270073,
                        "CWE-89": 0.7970802919708029,