{
    "hugging-quants/Meta-Llama-3.1-70B-Instruct-AWQ-INT4": {
        "Dataset": "owasp",
        "Prompt Type": "vulnerability_specific_self_reflection",
        "Vulnerability Metrics": {
            "Accuracy": 0.668978102189781,
            "Precision": 0.6192488262910798,
            "Recall": 0.9321554770318021,
            "F1-Score": 0.7441466854724965,
            "Youden Index": 0.32008000533368897,
            "ROC-AUC Score": 0.6600400026668445,
            "FPR": 0.6120754716981132,
            "FNR": 0.06784452296819787,
            "Specificity": 0.3879245283018868,
            "NPV": 0.8426229508196721,
            "FDR": 0.3807511737089202,
            "MCC": 0.3844943704153415,
            "Confusion Matrix": [
                [
                    514,
                    811
                ],
                [
                    96,
                    1319
                ]
            ]
        },
        "Vulnerability Type Metrics": {
            "Using Predicted CWE": {
                "Per Class Metrics": {
                    "Accuracy": {
                        "CWE-22": 0.9762773722627737,
                        "CWE-78": 0.9941605839416059,
                        "CWE-79": 0.9368613138686132,
                        "CWE-89": 0.9430656934306569,
                        "CWE-90": 0.9996350364963503,
                        "CWE-327": 0.9660583941605839,
                        "CWE-328": 0.981021897810219,
                        "CWE-330": 0.9098540145985401,
                        "CWE-501": 0.9682481751824817,
                        "CWE-614": 0.9843065693430657,
                        "CWE-643": 0.9967153284671533
                    },
                    "Precision": {
                        "CWE-22": 0.9282700421940928,
                        "CWE-78": 1.0,
                        "CWE-79": 0.8294392523364486,
                        "CWE-89": 0.9971428571428571,
                        "CWE-90": 1.0,
                        "CWE-327": 0.8558139534883721,
                        "CWE-328": 0.9946236559139785,
                        "CWE-330": 0.8704819277108434,
                        "CWE-501": 1.0,
                        "CWE-614": 1.0,
                        "CWE-643": 1.0
                    },
                    "Recall": {
                        "CWE-22": 0.8208955223880597,
                        "CWE-78": 0.9362549800796812,
                        "CWE-79": 0.7802197802197802,
                        "CWE-89": 0.6924603174603174,
                        "CWE-90": 0.9830508474576272,
                        "CWE-327": 0.7479674796747967,
                        "CWE-328": 0.7838983050847458,
                        "CWE-330": 0.5862068965517241,
                        "CWE-501": 0.30952380952380953,
                        "CWE-614": 0.3582089552238806,
                        "CWE-643": 0.7428571428571429
                    },
                    "F1-Score": {
                        "CWE-22": 0.8712871287128713,
                        "CWE-78": 0.9670781893004116,
                        "CWE-79": 0.8040770101925255,
                        "CWE-89": 0.8173302107728337,
                        "CWE-90": 0.9914529914529915,
                        "CWE-327": 0.7982646420824295,
                        "CWE-328": 0.8767772511848341,
                        "CWE-330": 0.7006060606060606,
                        "CWE-501": 0.4727272727272727,
                        "CWE-614": 0.5274725274725275,
                        "CWE-643": 0.8524590163934426
                    }
                },
                "Macro Precision": 0.9523428807987813,
                "Macro Recall": 0.7037767305928696,
                "Macro F1-Score": 0.7890483909907455,
                "Weighted Precision": 0.9274234441008705,
                "Weighted Recall": 0.7167883211678832,
                "Weighted F1-Score": 0.7977950550222771,
                "MCC": 0.7075684220225178,
                "Cohen Kappa": 0.9106958164331518,
                "Confusion Matrix": [
                    [
                        220,
                        0,
                        0,
                        0,
                        0,
                        0,
                        0,
                        0,
                        0,
                        0,
                        0
                    ],
                    [
                        0,
                        235,
                        0,
                        0,
                        0,
                        0,
                        0,
                        0,
                        0,
                        0,
                        0
                    ],
                    [
                        0,
                        0,
                        355,
                        0,
                        0,
                        0,
                        0,
                        0,
                        0,
                        0,
                        0
                    ],
                    [
                        0,
                        0,
                        0,
                        349,
                        0,
                        0,
                        0,
                        0,
                        0,
                        0,
                        0
                    ],
                    [
                        0,
                        0,
                        0,
                        0,
                        58,
                        0,
                        0,
                        0,
                        0,
                        0,
                        0
                    ],
                    [
                        3,
                        0,
                        3,
                        0,
                        0,
                        184,
                        1,
                        43,
                        0,
                        0,
                        0
                    ],
                    [
                        3,
                        0,
                        3,
                        0,
                        0,
                        31,
                        185,
                        0,
                        0,
                        0,
                        0
                    ],
                    [
                        0,
                        0,
                        0,
                        0,
                        0,
                        0,
                        0,
                        289,
                        0,
                        0,
                        0
                    ],
                    [
                        11,
                        0,
                        27,
                        1,
                        0,
                        0,
                        0,
                        0,
                        39,
                        0,
                        0
                    ],
                    [
                        0,
                        0,
                        40,
                        0,
                        0,
                        0,
                        0,
                        0,
                        0,
                        24,
                        0
                    ],
                    [
                        0,
                        0,
                        0,
                        0,
                        0,
                        0,
                        0,
                        0,
                        0,
                        0,
                        26
                    ]
                ]
            },