{
    "hugging-quants/Meta-Llama-3.1-70B-Instruct-AWQ-INT4": {
        "Dataset": "owasp",
        "Prompt Type": "simple",
        "Vulnerability Metrics": {
            "Accuracy": 0.6102189781021898,
            "Precision": 0.5734858110969928,
            "Recall": 0.9568904593639576,
            "F1-Score": 0.7171610169491526,
            "Youden Index": 0.19689045936395755,
            "ROC-AUC Score": 0.5984452296819788,
            "FPR": 0.76,
            "FNR": 0.0431095406360424,
            "Specificity": 0.24,
            "NPV": 0.8390501319261213,
            "FDR": 0.4265141889030072,
            "MCC": 0.28499893214881417,
            "Confusion Matrix": [
                [
                    318,
                    1007
                ],
                [
                    61,
                    1354
                ]
            ]
        },
        "Vulnerability Type Metrics": {
            "Using Predicted CWE": {
                "Per Class Metrics": {
                    "Accuracy": {
                        "CWE-22": 0.9824817518248176,
                        "CWE-78": 0.9963503649635036,
                        "CWE-79": 0.8375912408759124,
                        "CWE-89": 0.9171532846715329,
                        "CWE-90": 0.9784671532846715,
                        "CWE-327": 0.9032846715328468,
                        "CWE-328": 0.9138686131386862,
                        "CWE-330": 0.9514598540145985,
                        "CWE-501": 0.954014598540146,
                        "CWE-614": 0.9759124087591241,
                        "CWE-643": 0.9996350364963503
                    },
                    "Precision": {
                        "CWE-22": 1.0,
                        "CWE-78": 0.9616858237547893,
                        "CWE-79": 0.6470588235294118,
                        "CWE-89": 0.698140200286123,
                        "CWE-90": 0.0,
                        "CWE-327": 0.24324324324324326,
                        "CWE-328": 0.0,
                        "CWE-330": 1.0,
                        "CWE-501": 0.0,
                        "CWE-614": 1.0,
                        "CWE-643": 1.0
                    },
                    "Recall": {
                        "CWE-22": 0.8208955223880597,
                        "CWE-78": 1.0,
                        "CWE-79": 0.04835164835164835,
                        "CWE-89": 0.9682539682539683,
                        "CWE-90": 0.0,
                        "CWE-327": 0.036585365853658534,
                        "CWE-328": 0.0,
                        "CWE-330": 0.7302231237322515,
                        "CWE-501": 0.0,
                        "CWE-614": 0.014925373134328358,
                        "CWE-643": 0.9714285714285714
                    },
                    "F1-Score": {
                        "CWE-22": 0.9016393442622951,
                        "CWE-78": 0.98046875,
                        "CWE-79": 0.08997955010224949,
                        "CWE-89": 0.8113050706566916,
                        "CWE-90": 0.0,
                        "CWE-327": 0.0636042402826855,
                        "CWE-328": 0.0,
                        "CWE-330": 0.8440797186400938,
                        "CWE-501": 0.0,
                        "CWE-614": 0.029411764705882353,
                        "CWE-643": 0.9855072463768116
                    }
                },
                "Macro Precision": 0.5954661900739606,
                "Macro Recall": 0.41733305210386235,
                "Macro F1-Score": 0.4278177895478827,
                "Weighted Precision": 0.6607647464417439,
                "Weighted Recall": 0.5054744525547445,
                "Weighted F1-Score": 0.5130718020720367,
                "MCC": 0.5164683937144429,
                "Cohen Kappa": 0.7974937848995449,
                "Confusion Matrix": [
                    [
                        220,
                        0,
                        0,
                        0,
                        0,
                        0,
                        0,
                        0,
                        0,
                        0,
                        0
                    ],
                    [
                        0,
                        251,
                        0,
                        0,
                        0,
                        0,
                        0,
                        0,
                        0,
                        0,
                        0
                    ],
                    [
                        0,
                        0,
                        22,
                        0,
                        0,
                        0,
                        0,
                        0,
                        0,
                        0,
                        0
                    ],
                    [
                        0,
                        0,
                        0,
                        488,
                        0,
                        0,
                        0,
                        0,
                        0,
                        0,
                        0
                    ],
                    [
                        0,
                        0,
                        0,
                        59,
                        0,
                        0,
                        0,
                        0,
                        0,
                        0,
                        0
                    ],
                    [
                        0,
                        0,
                        0,
                        27,
                        0,
                        9,
                        0,
                        0,
                        0,
                        0,
                        0
                    ],
                    [
                        0,
                        10,
                        2,
                        123,
                        0,
                        28,
                        0,
                        0,
                        0,
                        0,
                        0
                    ],
                    [
                        0,
                        0,
                        0,
                        0,
                        0,
                        0,
                        0,
                        360,
                        0,
                        0,
                        0
                    ],
                    [
                        0,
                        0,
                        0,
                        2,
                        0,
                        0,
                        0,
                        0,
                        0,
                        0,
                        0
                    ],
                    [
                        0,
                        0,
                        10,
                        0,
                        0,
                        0,
                        0,
                        0,
                        0,
                        1,
                        0
                    ],
                    [
                        0,
                        0,
                        0,
                        0,
                        0,
                        0,
                        0,
                        0,
                        0,
                        0,
                        34
                    ]
                ]
            },
            "Using Predicted Vulnerability Name": {
                "Per Class Metrics": {
                    "Accuracy": {
                        "CWE-22": 0.9824817518248176,
                        "CWE-78": 0.9963503649635036,
                        "CWE-79": 0.8375912408759124,