{
    "hugging-quants/Meta-Llama-3.1-70B-Instruct-AWQ-INT4": {
        "Dataset": "owasp",
        "Prompt Type": "vulnerability_specific",
        "Vulnerability Metrics": {
            "Accuracy": 0.5835766423357664,
            "Precision": 0.5548878205128205,
            "Recall": 0.9787985865724381,
            "F1-Score": 0.7082587573510611,
            "Youden Index": 0.14030802053470226,
            "ROC-AUC Score": 0.5701540102673511,
            "FPR": 0.8384905660377359,
            "FNR": 0.02120141342756184,
            "Specificity": 0.16150943396226414,
            "NPV": 0.8770491803278688,
            "FDR": 0.44511217948717946,
            "MCC": 0.24617925498232618,
            "Confusion Matrix": [
                [
                    214,
                    1111
                ],
                [
                    30,
                    1385
                ]
            ]
        },
        "Vulnerability Type Metrics": {
            "Using Predicted CWE": {
                "Per Class Metrics": {
                    "Accuracy": {
                        "CWE-22": 0.9992700729927008,
                        "CWE-78": 1.0,
                        "CWE-79": 0.9726277372262774,
                        "CWE-89": 0.9978102189781022,
                        "CWE-90": 1.0,
                        "CWE-327": 0.9886861313868613,
                        "CWE-328": 0.9919708029197081,
                        "CWE-330": 0.972992700729927,
                        "CWE-501": 0.9835766423357665,
                        "CWE-614": 0.9894160583941606,
                        "CWE-643": 1.0
                    },
                    "Precision": {
                        "CWE-22": 1.0,
                        "CWE-78": 1.0,
                        "CWE-79": 0.9702970297029703,
                        "CWE-89": 1.0,
                        "CWE-90": 1.0,
                        "CWE-327": 1.0,
                        "CWE-328": 0.9908256880733946,
                        "CWE-330": 0.9860788863109049,
                        "CWE-501": 1.0,
                        "CWE-614": 1.0,
                        "CWE-643": 1.0
                    },
                    "Recall": {
                        "CWE-22": 0.9925373134328358,
                        "CWE-78": 1.0,
                        "CWE-79": 0.8615384615384616,
                        "CWE-89": 0.9880952380952381,
                        "CWE-90": 1.0,
                        "CWE-327": 0.8739837398373984,
                        "CWE-328": 0.9152542372881356,
                        "CWE-330": 0.8620689655172413,
                        "CWE-501": 0.6428571428571429,
                        "CWE-614": 0.5671641791044776,
                        "CWE-643": 1.0
                    },
                    "F1-Score": {
                        "CWE-22": 0.9962546816479401,
                        "CWE-78": 1.0,
                        "CWE-79": 0.9126891734575088,
                        "CWE-89": 0.9940119760479041,
                        "CWE-90": 1.0,
                        "CWE-327": 0.9327548806941431,
                        "CWE-328": 0.9515418502202643,
                        "CWE-330": 0.9199134199134199,
                        "CWE-501": 0.782608695652174,
                        "CWE-614": 0.7238095238095238,
                        "CWE-643": 1.0
                    }
                },
                "Macro Precision": 0.9952001458261154,
                "Macro Recall": 0.8821362979700846,
                "Macro F1-Score": 0.9285076546766252,
                "Weighted Precision": 0.9917725919165871,
                "Weighted Recall": 0.9036496350364963,
                "Weighted F1-Score": 0.9426622962045357,
                "MCC": 0.8952441328525083,
                "Cohen Kappa": 0.9907521972331064,
                "Confusion Matrix": [
                    [
                        266,
                        0,
                        0,
                        0,
                        0,
                        0,
                        0,
                        0,
                        0,
                        0,
                        0
                    ],
                    [
                        0,
                        251,
                        0,
                        0,
                        0,
                        0,
                        0,
                        0,
                        0,
                        0,
                        0
                    ],
                    [
                        0,
                        0,
                        392,
                        0,
                        0,
                        0,
                        0,
                        0,
                        0,
                        0,
                        0
                    ],
                    [
                        0,
                        0,
                        0,
                        498,
                        0,
                        0,
                        0,
                        0,
                        0,
                        0,
                        0
                    ],
                    [
                        0,
                        0,
                        0,
                        0,
                        59,
                        0,
                        0,
                        0,
                        0,
                        0,
                        0
                    ],
                    [
                        0,
                        0,
                        0,
                        0,
                        0,
                        215,
                        2,
                        6,
                        0,
                        0,
                        0
                    ],
                    [
                        0,
                        0,
                        0,
                        0,
                        0,
                        0,
                        216,
                        0,
                        0,
                        0,
                        0
                    ],
                    [
                        0,
                        0,
                        0,
                        0,
                        0,
                        0,
                        0,
                        425,
                        0,
                        0,
                        0
                    ],
                    [
                        0,
                        0,
                        11,
                        0,
                        0,
                        0,
                        0,
                        0,
                        81,
                        0,
                        0
                    ],
                    [
                        0,
                        0,
                        1,
                        0,
                        0,
                        0,
                        0,
                        0,
                        0,
                        38,
                        0
                    ],
                    [
                        0,
                        0,
                        0,
                        0,
                        0,
                        0,
                        0,
                        0,
                        0,
                        0,
                        35
                    ]
                ]
            },
            "Using Predicted Vulnerability Name": {
                "Per Class Metrics": {
                    "Accuracy": {
                        "CWE-22": 0.9992700729927008,
                        "CWE-78": 1.0,
                        "CWE-79": 0.9726277372262774,