{
    "hugging-quants/Meta-Llama-3.1-70B-Instruct-AWQ-INT4": {
        "Dataset": "owasp",
        "Prompt Type": "holistic_vulnerability_analysis",
        "Vulnerability Metrics": {
            "Accuracy": 0.4656934306569343,
            "Precision": 0.47562189054726367,
            "Recall": 0.33780918727915193,
            "F1-Score": 0.3950413223140496,
            "Youden Index": -0.05992666177745187,
            "ROC-AUC Score": 0.47003666911127406,
            "FPR": 0.39773584905660375,
            "FNR": 0.662190812720848,
            "Specificity": 0.6022641509433962,
            "NPV": 0.45994236311239195,
            "FDR": 0.5243781094527363,
            "MCC": -0.06214031845199619,
            "Confusion Matrix": [
                [
                    798,
                    527
                ],
                [
                    937,
                    478
                ]
            ]
        },
        "Vulnerability Type Metrics": {
            "Using Predicted CWE": {
                "Per Class Metrics": {
                    "Accuracy": {
                        "CWE-22": 0.910948905109489,
                        "CWE-78": 0.9127737226277373,
                        "CWE-79": 0.8448905109489051,
                        "CWE-89": 0.7832116788321168,
                        "CWE-90": 0.9784671532846715,
                        "CWE-327": 0.9014598540145985,
                        "CWE-328": 0.9138686131386862,
                        "CWE-330": 0.9846715328467154,
                        "CWE-501": 0.954014598540146,
                        "CWE-614": 0.9759124087591241,
                        "CWE-643": 0.993065693430657
                    },
                    "Precision": {
                        "CWE-22": 1.0,
                        "CWE-78": 1.0,
                        "CWE-79": 0.6595744680851063,
                        "CWE-89": 0.2289156626506024,
                        "CWE-90": 0.0,
                        "CWE-327": 0.16666666666666666,
                        "CWE-328": 0.0,
                        "CWE-330": 1.0,
                        "CWE-501": 0.0,
                        "CWE-614": 1.0,
                        "CWE-643": 1.0
                    },
                    "Recall": {
                        "CWE-22": 0.08955223880597014,
                        "CWE-78": 0.04780876494023904,
                        "CWE-79": 0.13626373626373625,
                        "CWE-89": 0.07539682539682539,
                        "CWE-90": 0.0,
                        "CWE-327": 0.024390243902439025,
                        "CWE-328": 0.0,
                        "CWE-330": 0.9148073022312373,
                        "CWE-501": 0.0,
                        "CWE-614": 0.014925373134328358,
                        "CWE-643": 0.45714285714285713
                    },
                    "F1-Score": {
                        "CWE-22": 0.1643835616438356,
                        "CWE-78": 0.09125475285171103,
                        "CWE-79": 0.22586520947176686,
                        "CWE-89": 0.11343283582089553,
                        "CWE-90": 0.0,
                        "CWE-327": 0.0425531914893617,
                        "CWE-328": 0.0,
                        "CWE-330": 0.9555084745762712,
                        "CWE-501": 0.0,
                        "CWE-614": 0.029411764705882353,
                        "CWE-643": 0.6274509803921569
                    }
                },
                "Macro Precision": 0.5504687997638523,
                "Macro Recall": 0.16002612198342114,
                "Macro F1-Score": 0.20453279735926191,
                "Weighted Precision": 0.5731678383046084,
                "Weighted Recall": 0.22262773722627738,
                "Weighted F1-Score": 0.2672860192230719,
                "MCC": 0.2726793025633881,
                "Cohen Kappa": 0.6383871113553583,
                "Confusion Matrix": [
                    [
                        24,
                        0,
                        0,
                        0,
                        0,
                        0,
                        0,
                        0,
                        0,
                        0,
                        0
                    ],
                    [
                        0,
                        12,
                        0,
                        0,
                        0,
                        0,
                        0,
                        0,
                        0,
                        0,
                        0
                    ],
                    [
                        0,
                        0,
                        62,
                        0,
                        0,
                        0,
                        0,
                        0,
                        0,
                        0,
                        0
                    ],
                    [
                        0,
                        0,
                        0,
                        38,
                        0,
                        0,
                        0,
                        0,
                        0,
                        0,
                        0
                    ],
                    [
                        0,
                        0,
                        0,
                        36,
                        0,
                        0,
                        0,
                        0,
                        0,
                        0,
                        0
                    ],
                    [
                        0,
                        0,
                        0,
                        18,
                        0,
                        6,
                        0,
                        0,
                        0,
                        0,
                        0
                    ],
                    [
                        0,
                        0,
                        3,
                        69,
                        0,
                        30,
                        0,
                        0,
                        0,
                        0,
                        0
                    ],
                    [
                        0,
                        0,
                        1,
                        4,
                        0,
                        0,
                        0,
                        451,
                        0,
                        0,
                        0
                    ],
                    [
                        0,
                        0,
                        0,
                        1,
                        0,
                        0,
                        0,
                        0,
                        0,
                        0,
                        0
                    ],
                    [
                        0,
                        0,
                        28,
                        0,
                        0,
                        0,
                        0,
                        0,
                        0,
                        1,
                        0
                    ],
                    [
                        0,
                        0,
                        0,
                        0,
                        0,
                        0,
                        0,
                        0,
                        0,
                        0,
                        16
                    ]
                ]
            },
            "Using Predicted Vulnerability Name": {
                "Per Class Metrics": {
                    "Accuracy": {
                        "CWE-22": 0.910948905109489,
                        "CWE-78": 0.9127737226277373,