{
    "hugging-quants/Meta-Llama-3.1-70B-Instruct-AWQ-INT4": {
        "Dataset": "owasp",
        "Prompt Type": "simple_self_reflection",
        "Vulnerability Metrics": {
            "Accuracy": 0.6405109489051095,
            "Precision": 0.6072854291417166,
            "Recall": 0.8600706713780919,
            "F1-Score": 0.7119040655162329,
            "Youden Index": 0.26610840722714846,
            "ROC-AUC Score": 0.6330542036135742,
            "FPR": 0.5939622641509434,
            "FNR": 0.13992932862190813,
            "Specificity": 0.4060377358490566,
            "NPV": 0.7309782608695652,
            "FDR": 0.39271457085828343,
            "MCC": 0.30002468527052917,
            "Confusion Matrix": [
                [
                    538,
                    787
                ],
                [
                    198,
                    1217
                ]
            ]
        },
        "Vulnerability Type Metrics": {
            "Using Predicted CWE": {
                "Per Class Metrics": {
                    "Accuracy": {
                        "CWE-22": 0.9277372262773723,
                        "CWE-78": 0.9883211678832117,
                        "CWE-79": 0.9007299270072993,
                        "CWE-89": 0.9277372262773723,
                        "CWE-90": 1.0,
                        "CWE-327": 0.9021897810218978,
                        "CWE-328": 0.9138686131386862,
                        "CWE-330": 0.9481751824817518,
                        "CWE-501": 0.954014598540146,
                        "CWE-614": 0.9846715328467154,
                        "CWE-643": 0.9985401459854014
                    },
                    "Precision": {
                        "CWE-22": 1.0,
                        "CWE-78": 0.995475113122172,
                        "CWE-79": 0.9644670050761421,
                        "CWE-89": 0.8311688311688312,
                        "CWE-90": 1.0,
                        "CWE-327": 0.3625,
                        "CWE-328": 0.0,
                        "CWE-330": 1.0,
                        "CWE-501": 0.0,
                        "CWE-614": 1.0,
                        "CWE-643": 1.0
                    },
                    "Recall": {
                        "CWE-22": 0.26119402985074625,
                        "CWE-78": 0.8764940239043825,
                        "CWE-79": 0.4175824175824176,
                        "CWE-89": 0.7619047619047619,
                        "CWE-90": 1.0,
                        "CWE-327": 0.11788617886178862,
                        "CWE-328": 0.0,
                        "CWE-330": 0.7119675456389453,
                        "CWE-501": 0.0,
                        "CWE-614": 0.373134328358209,
                        "CWE-643": 0.8857142857142857
                    },
                    "F1-Score": {
                        "CWE-22": 0.41420118343195267,
                        "CWE-78": 0.9322033898305084,
                        "CWE-79": 0.5828220858895705,
                        "CWE-89": 0.7950310559006211,
                        "CWE-90": 1.0,
                        "CWE-327": 0.17791411042944785,
                        "CWE-328": 0.0,
                        "CWE-330": 0.8317535545023697,
                        "CWE-501": 0.0,
                        "CWE-614": 0.5434782608695652,
                        "CWE-643": 0.9393939393939394
                    }
                },
                "Macro Precision": 0.7412373590333768,
                "Macro Recall": 0.4914434156195943,
                "Macro F1-Score": 0.5651634163861795,
                "Weighted Precision": 0.7732776757709493,
                "Weighted Recall": 0.49598540145985404,
                "Weighted F1-Score": 0.581380246041332,
                "MCC": 0.5211323720904538,
                "Cohen Kappa": 0.8882033451938272,
                "Confusion Matrix": [
                    [
                        70,
                        0,
                        0,
                        0,
                        0,
                        0,
                        0,
                        0,
                        0,
                        0,
                        0
                    ],
                    [
                        0,
                        220,
                        0,
                        0,
                        0,
                        0,
                        0,
                        0,
                        0,
                        0,
                        0
                    ],
                    [
                        0,
                        0,
                        190,
                        21,
                        0,
                        0,
                        0,
                        0,
                        0,
                        0,
                        0
                    ],
                    [
                        0,
                        0,
                        0,
                        384,
                        0,
                        0,
                        0,
                        0,
                        0,
                        0,
                        0
                    ],
                    [
                        0,
                        0,
                        0,
                        0,
                        59,
                        0,
                        0,
                        0,
                        0,
                        0,
                        0
                    ],
                    [
                        0,
                        0,
                        0,
                        15,
                        0,
                        29,
                        0,
                        0,
                        0,
                        0,
                        0
                    ],
                    [
                        0,
                        1,
                        0,
                        34,
                        0,
                        51,
                        0,
                        0,
                        0,
                        0,
                        0
                    ],
                    [
                        0,
                        0,
                        1,
                        0,
                        0,
                        0,
                        0,
                        351,
                        0,
                        0,
                        0
                    ],
                    [
                        0,
                        0,
                        1,
                        8,
                        0,
                        0,
                        0,
                        0,
                        0,
                        0,
                        0
                    ],
                    [
                        0,
                        0,
                        5,
                        0,
                        0,
                        0,
                        0,
                        0,
                        0,
                        25,
                        0
                    ],
                    [
                        0,
                        0,
                        0,
                        0,
                        0,
                        0,
                        0,
                        0,
                        0,
                        0,
                        31
                    ]
                ]
            },
            "Using Predicted Vulnerability Name": {
                "Per Class Metrics": {
                    "Accuracy": {
                        "CWE-22": 0.9405109489051094,
                        "CWE-78": 0.9883211678832117,