{
    "hugging-quants/Meta-Llama-3.1-70B-Instruct-AWQ-INT4": {
        "Dataset": "owasp",
        "Prompt Type": "few_shot",
        "Vulnerability Metrics": {
            "Accuracy": 0.6262773722627737,
            "Precision": 0.602088772845953,
            "Recall": 0.8148409893992933,
            "F1-Score": 0.6924924924924925,
            "Youden Index": 0.23974664977665183,
            "ROC-AUC Score": 0.6198733248883259,
            "FPR": 0.5750943396226416,
            "FNR": 0.18515901060070672,
            "Specificity": 0.4249056603773585,
            "NPV": 0.6824242424242424,
            "FDR": 0.397911227154047,
            "MCC": 0.2611724377281851,
            "Confusion Matrix": [
                [
                    563,
                    762
                ],
                [
                    262,
                    1153
                ]
            ]
        },
        "Vulnerability Type Metrics": {
            "Using Predicted CWE": {
                "Per Class Metrics": {
                    "Accuracy": {
                        "CWE-22": 0.9452554744525548,
                        "CWE-78": 0.9963503649635036,
                        "CWE-79": 0.8237226277372263,
                        "CWE-89": 0.9631386861313869,
                        "CWE-90": 0.9916058394160584,
                        "CWE-327": 0.9145985401459854,
                        "CWE-328": 0.9138686131386862,
                        "CWE-330": 0.9102189781021898,
                        "CWE-501": 0.954014598540146,
                        "CWE-614": 0.9762773722627737,
                        "CWE-643": 0.9963503649635036
                    },
                    "Precision": {
                        "CWE-22": 1.0,
                        "CWE-78": 0.9652509652509652,
                        "CWE-79": 0.0,
                        "CWE-89": 0.8867562380038387,
                        "CWE-90": 1.0,
                        "CWE-327": 0.875,
                        "CWE-328": 0.0,
                        "CWE-330": 1.0,
                        "CWE-501": 0.0,
                        "CWE-614": 1.0,
                        "CWE-643": 0.8048780487804879
                    },
                    "Recall": {
                        "CWE-22": 0.44029850746268656,
                        "CWE-78": 0.9960159362549801,
                        "CWE-79": 0.0,
                        "CWE-89": 0.9166666666666666,
                        "CWE-90": 0.6101694915254238,
                        "CWE-327": 0.056910569105691054,
                        "CWE-328": 0.0,
                        "CWE-330": 0.5010141987829615,
                        "CWE-501": 0.0,
                        "CWE-614": 0.029850746268656716,
                        "CWE-643": 0.9428571428571428
                    },
                    "F1-Score": {
                        "CWE-22": 0.6113989637305699,
                        "CWE-78": 0.9803921568627451,
                        "CWE-79": 0.0,
                        "CWE-89": 0.9014634146341464,
                        "CWE-90": 0.7578947368421053,
                        "CWE-327": 0.10687022900763359,
                        "CWE-328": 0.0,
                        "CWE-330": 0.6675675675675675,
                        "CWE-501": 0.0,
                        "CWE-614": 0.057971014492753624,
                        "CWE-643": 0.868421052631579
                    }
                },
                "Macro Precision": 0.6847168410941173,
                "Macro Recall": 0.4085257508112918,
                "Macro F1-Score": 0.4501799214335546,
                "Weighted Precision": 0.6640963021676073,
                "Weighted Recall": 0.4240875912408759,
                "Weighted F1-Score": 0.47396583432899414,
                "MCC": 0.4731985006365592,
                "Cohen Kappa": 0.8900391548572149,
                "Confusion Matrix": [
                    [
                        118,
                        0,
                        0,
                        0,
                        0,
                        0,
                        0,
                        0,
                        0,
                        0,
                        0
                    ],
                    [
                        0,
                        250,
                        0,
                        0,
                        0,
                        0,
                        0,
                        0,
                        0,
                        0,
                        0
                    ],
                    [
                        0,
                        0,
                        0,
                        0,
                        0,
                        0,
                        0,
                        0,
                        0,
                        0,
                        0
                    ],
                    [
                        0,
                        0,
                        0,
                        462,
                        0,
                        0,
                        0,
                        0,
                        0,
                        0,
                        0
                    ],
                    [
                        0,
                        0,
                        0,
                        7,
                        36,
                        0,
                        0,
                        0,
                        0,
                        0,
                        8
                    ],
                    [
                        0,
                        0,
                        0,
                        10,
                        0,
                        14,
                        0,
                        0,
                        0,
                        0,
                        0
                    ],
                    [
                        0,
                        9,
                        1,
                        36,
                        0,
                        2,
                        0,
                        0,
                        0,
                        0,
                        0
                    ],
                    [
                        0,
                        0,
                        0,
                        6,
                        0,
                        0,
                        0,
                        247,
                        0,
                        0,
                        0
                    ],
                    [
                        0,
                        0,
                        0,
                        0,
                        0,
                        0,
                        0,
                        0,
                        0,
                        0,
                        0
                    ],
                    [
                        0,
                        0,
                        27,
                        0,
                        0,
                        0,
                        0,
                        0,
                        0,
                        2,
                        0
                    ],
                    [
                        0,
                        0,
                        0,
                        0,
                        0,
                        0,
                        0,
                        0,
                        0,
                        0,
                        33
                    ]
                ]
            },
            "Using Predicted Vulnerability Name": {
                "Per Class Metrics": {
                    "Accuracy": {
                        "CWE-22": 0.9886861313868613,
                        "CWE-78": 0.9963503649635036,