{
    "hugging-quants/Meta-Llama-3.1-70B-Instruct-AWQ-INT4": {
        "Dataset": "owasp",
        "Prompt Type": "holistic_vulnerability_analysis_self_reflection",
        "Vulnerability Metrics": {
            "Accuracy": 0.573134328358209,
            "Precision": 0.6213333333333333,
            "Recall": 0.6180371352785146,
            "F1-Score": 0.6196808510638298,
            "Youden Index": 0.1333954970532587,
            "ROC-AUC Score": 0.5666977485266292,
            "FPR": 0.48464163822525597,
            "FNR": 0.3819628647214854,
            "Specificity": 0.515358361774744,
            "NPV": 0.511864406779661,
            "FDR": 0.37866666666666665,
            "MCC": 0.13329658190945348,
            "Confusion Matrix": [
                [
                    151,
                    142
                ],
                [
                    144,
                    233
                ]
            ]
        },
        "Vulnerability Type Metrics": {
            "Using Predicted CWE": {
                "Per Class Metrics": {
                    "Accuracy": {
                        "CWE-22": 0.9149253731343283,
                        "CWE-78": 0.9388059701492537,
                        "CWE-79": 0.8850746268656716,
                        "CWE-89": 0.8865671641791045,
                        "CWE-90": 0.9970149253731343,
                        "CWE-327": 0.9,
                        "CWE-328": 0.9119402985074627,
                        "CWE-330": 0.9059701492537313,
                        "CWE-501": 0.9582089552238806,
                        "CWE-614": 0.9746268656716418,
                        "CWE-643": 0.9925373134328358
                    },
                    "Precision": {
                        "CWE-22": 1.0,
                        "CWE-78": 1.0,
                        "CWE-79": 0.8333333333333334,
                        "CWE-89": 0.7924528301886793,
                        "CWE-90": 1.0,
                        "CWE-327": 0.6190476190476191,
                        "CWE-328": 1.0,
                        "CWE-330": 1.0,
                        "CWE-501": 0.0,
                        "CWE-614": 0.0,
                        "CWE-643": 1.0
                    },
                    "Recall": {
                        "CWE-22": 0.12307692307692308,
                        "CWE-78": 0.359375,
                        "CWE-79": 0.3333333333333333,
                        "CWE-89": 0.3925233644859813,
                        "CWE-90": 0.75,
                        "CWE-327": 0.18055555555555555,
                        "CWE-328": 0.078125,
                        "CWE-330": 0.5263157894736842,
                        "CWE-501": 0.0,
                        "CWE-614": 0.0,
                        "CWE-643": 0.2857142857142857
                    },
                    "F1-Score": {
                        "CWE-22": 0.2191780821917808,
                        "CWE-78": 0.5287356321839081,
                        "CWE-79": 0.47619047619047616,
                        "CWE-89": 0.525,
                        "CWE-90": 0.8571428571428571,
                        "CWE-327": 0.27956989247311825,
                        "CWE-328": 0.14492753623188406,
                        "CWE-330": 0.6896551724137931,
                        "CWE-501": 0.0,
                        "CWE-614": 0.0,
                        "CWE-643": 0.4444444444444444
                    }
                },
                "Macro Precision": 0.7495303438699665,
                "Macro Recall": 0.27536538651270576,
                "Macro F1-Score": 0.3786221902974784,
                "Weighted Precision": 0.8326326588083838,
                "Weighted Recall": 0.3044776119402985,
                "Weighted F1-Score": 0.42590663026631254,
                "MCC": 0.3670948153718079,
                "Cohen Kappa": 0.8613108214666729,
                "Confusion Matrix": [
                    [
                        8,
                        0,
                        0,
                        0,
                        0,
                        0,
                        0,
                        0,
                        0,
                        0,
                        0
                    ],
                    [
                        0,
                        23,
                        0,
                        0,
                        0,
                        0,
                        0,
                        0,
                        0,
                        0,
                        0
                    ],
                    [
                        0,
                        0,
                        35,
                        1,
                        0,
                        0,
                        0,
                        0,
                        0,
                        0,
                        0
                    ],
                    [
                        0,
                        0,
                        0,
                        42,
                        0,
                        0,
                        0,
                        0,
                        0,
                        0,
                        0
                    ],
                    [
                        0,
                        0,
                        0,
                        0,
                        6,
                        0,
                        0,
                        0,
                        0,
                        0,
                        0
                    ],
                    [
                        0,
                        0,
                        0,
                        8,
                        0,
                        13,
                        0,
                        0,
                        0,
                        0,
                        0
                    ],
                    [
                        0,
                        0,
                        0,
                        1,
                        0,
                        8,
                        5,
                        0,
                        0,
                        0,
                        0
                    ],
                    [
                        0,
                        0,
                        0,
                        0,
                        0,
                        0,
                        0,
                        70,
                        0,
                        0,
                        0
                    ],
                    [
                        0,
                        0,
                        3,
                        1,
                        0,
                        0,
                        0,
                        0,
                        0,
                        0,
                        0
                    ],
                    [
                        0,
                        0,
                        4,
                        0,
                        0,
                        0,
                        0,
                        0,
                        0,
                        0,
                        0
                    ],
                    [
                        0,
                        0,
                        0,
                        0,
                        0,
                        0,
                        0,
                        0,
                        0,
                        0,
                        2
                    ]
                ]
            },
            "Using Predicted Vulnerability Name": {
                "Per Class Metrics": {
                    "Accuracy": {
                        "CWE-22": 0.9164179104477612,
                        "CWE-78": 0.9388059701492537,