{
    "hugging-quants/Meta-Llama-3.1-70B-Instruct-AWQ-INT4": {
        "Dataset": "owasp",
        "Prompt Type": "few_shot_self_reflection",
        "Vulnerability Metrics": {
            "Accuracy": 0.6386861313868614,
            "Precision": 0.6040137053352912,
            "Recall": 0.8720848056537103,
            "F1-Score": 0.7137073452862926,
            "Youden Index": 0.2615187679178612,
            "ROC-AUC Score": 0.6307593839589306,
            "FPR": 0.610566037735849,
            "FNR": 0.12791519434628976,
            "Specificity": 0.38943396226415095,
            "NPV": 0.7403156384505022,
            "FDR": 0.39598629466470875,
            "MCC": 0.30008096531573997,
            "Confusion Matrix": [
                [
                    516,
                    809
                ],
                [
                    181,
                    1234
                ]
            ]
        },
        "Vulnerability Type Metrics": {
            "Using Predicted CWE": {
                "Per Class Metrics": {
                    "Accuracy": {
                        "CWE-22": 0.9529197080291971,
                        "CWE-78": 0.9795620437956204,
                        "CWE-79": 0.9266423357664234,
                        "CWE-89": 0.8693430656934307,
                        "CWE-90": 0.993065693430657,
                        "CWE-327": 0.9211678832116789,
                        "CWE-328": 0.9138686131386862,
                        "CWE-330": 0.9259124087591241,
                        "CWE-501": 0.954014598540146,
                        "CWE-614": 0.9766423357664233,
                        "CWE-643": 0.9974452554744525
                    },
                    "Precision": {
                        "CWE-22": 1.0,
                        "CWE-78": 0.9949238578680203,
                        "CWE-79": 0.950354609929078,
                        "CWE-89": 0.6689814814814815,
                        "CWE-90": 1.0,
                        "CWE-327": 0.9411764705882353,
                        "CWE-328": 0.0,
                        "CWE-330": 1.0,
                        "CWE-501": 0.0,
                        "CWE-614": 1.0,
                        "CWE-643": 0.8888888888888888
                    },
                    "Recall": {
                        "CWE-22": 0.5186567164179104,
                        "CWE-78": 0.7808764940239044,
                        "CWE-79": 0.589010989010989,
                        "CWE-89": 0.5734126984126984,
                        "CWE-90": 0.6779661016949152,
                        "CWE-327": 0.13008130081300814,
                        "CWE-328": 0.0,
                        "CWE-330": 0.5882352941176471,
                        "CWE-501": 0.0,
                        "CWE-614": 0.04477611940298507,
                        "CWE-643": 0.9142857142857143
                    },
                    "F1-Score": {
                        "CWE-22": 0.683046683046683,
                        "CWE-78": 0.875,
                        "CWE-79": 0.7272727272727273,
                        "CWE-89": 0.6175213675213675,
                        "CWE-90": 0.8080808080808081,
                        "CWE-327": 0.22857142857142856,
                        "CWE-328": 0.0,
                        "CWE-330": 0.7407407407407407,
                        "CWE-501": 0.0,
                        "CWE-614": 0.08571428571428572,
                        "CWE-643": 0.9014084507042254
                    }
                },
                "Macro Precision": 0.7676659371596095,
                "Macro Recall": 0.43793649347088837,
                "Macro F1-Score": 0.5152142265138423,
                "Weighted Precision": 0.791585556709886,
                "Weighted Recall": 0.47043795620437956,
                "Weighted F1-Score": 0.566132864381168,
                "MCC": 0.49409638895407887,
                "Cohen Kappa": 0.8644882453965401,
                "Confusion Matrix": [
                    [
                        139,
                        0,
                        0,
                        0,
                        0,
                        0,
                        0,
                        0,
                        0,
                        0,
                        0
                    ],
                    [
                        0,
                        196,
                        0,
                        0,
                        0,
                        0,
                        0,
                        0,
                        0,
                        0,
                        0
                    ],
                    [
                        0,
                        0,
                        268,
                        0,
                        0,
                        0,
                        0,
                        0,
                        0,
                        0,
                        0
                    ],
                    [
                        0,
                        0,
                        0,
                        289,
                        0,
                        0,
                        0,
                        0,
                        0,
                        0,
                        0
                    ],
                    [
                        0,
                        0,
                        0,
                        2,
                        40,
                        0,
                        0,
                        0,
                        0,
                        0,
                        4
                    ],
                    [
                        0,
                        0,
                        0,
                        45,
                        0,
                        32,
                        0,
                        0,
                        0,
                        0,
                        0
                    ],
                    [
                        0,
                        1,
                        0,
                        79,
                        0,
                        2,
                        0,
                        0,
                        0,
                        0,
                        0
                    ],
                    [
                        0,
                        0,
                        0,
                        16,
                        0,
                        0,
                        0,
                        290,
                        0,
                        0,
                        0
                    ],
                    [
                        0,
                        0,
                        3,
                        1,
                        0,
                        0,
                        0,
                        0,
                        0,
                        0,
                        0
                    ],
                    [
                        0,
                        0,
                        11,
                        0,
                        0,
                        0,
                        0,
                        0,
                        0,
                        3,
                        0
                    ],
                    [
                        0,
                        0,
                        0,
                        0,
                        0,
                        0,
                        0,
                        0,
                        0,
                        0,
                        32
                    ]
                ]
            },
            "Using Predicted Vulnerability Name": {
                "Per Class Metrics": {
                    "Accuracy": {
                        "CWE-22": 0.9700729927007299,