{
    "hugging-quants/Meta-Llama-3.1-70B-Instruct-AWQ-INT4": {
        "Dataset": "owasp",
        "Prompt Type": "chain_of_thought_self_reflection",
        "Vulnerability Metrics": {
            "Accuracy": 0.6215328467153285,
            "Precision": 0.5985401459854015,
            "Recall": 0.8113074204946996,
            "F1-Score": 0.6888688868886889,
            "Youden Index": 0.23017534502300152,
            "ROC-AUC Score": 0.6150876725115008,
            "FPR": 0.5811320754716981,
            "FNR": 0.18869257950530036,
            "Specificity": 0.4188679245283019,
            "NPV": 0.6751824817518248,
            "FDR": 0.40145985401459855,
            "MCC": 0.25100637497884126,
            "Confusion Matrix": [
                [
                    555,
                    770
                ],
                [
                    267,
                    1148
                ]
            ]
        },
        "Vulnerability Type Metrics": {
            "Using Predicted CWE": {
                "Per Class Metrics": {
                    "Accuracy": {
                        "CWE-22": 0.9430656934306569,
                        "CWE-78": 0.9883211678832117,
                        "CWE-79": 0.8901459854014598,
                        "CWE-89": 0.8788321167883212,
                        "CWE-90": 0.9992700729927008,
                        "CWE-327": 0.9102189781021898,
                        "CWE-328": 0.9138686131386862,
                        "CWE-330": 0.8813868613138686,
                        "CWE-501": 0.954014598540146,
                        "CWE-614": 0.9755474452554744,
                        "CWE-643": 0.9963503649635036
                    },
                    "Precision": {
                        "CWE-22": 0.9444444444444444,
                        "CWE-78": 0.995475113122172,
                        "CWE-79": 0.8632075471698113,
                        "CWE-89": 0.6493055555555556,
                        "CWE-90": 1.0,
                        "CWE-327": 0.0,
                        "CWE-328": 0.0,
                        "CWE-330": 1.0,
                        "CWE-501": 0.0,
                        "CWE-614": 0.0,
                        "CWE-643": 0.9629629629629629
                    },
                    "Recall": {
                        "CWE-22": 0.44402985074626866,
                        "CWE-78": 0.8764940239043825,
                        "CWE-79": 0.4021978021978022,
                        "CWE-89": 0.7420634920634921,
                        "CWE-90": 0.9661016949152542,
                        "CWE-327": 0.0,
                        "CWE-328": 0.0,
                        "CWE-330": 0.3407707910750507,
                        "CWE-501": 0.0,
                        "CWE-614": 0.0,
                        "CWE-643": 0.7428571428571429
                    },
                    "F1-Score": {
                        "CWE-22": 0.6040609137055838,
                        "CWE-78": 0.9322033898305084,
                        "CWE-79": 0.5487256371814093,
                        "CWE-89": 0.6925925925925925,
                        "CWE-90": 0.9827586206896551,
                        "CWE-327": 0.0,
                        "CWE-328": 0.0,
                        "CWE-330": 0.5083207261724659,
                        "CWE-501": 0.0,
                        "CWE-614": 0.0,
                        "CWE-643": 0.8387096774193549
                    }
                },
                "Macro Precision": 0.5832177839322678,
                "Macro Recall": 0.4104104361599448,
                "Macro F1-Score": 0.46430650523559724,
                "Weighted Precision": 0.6601052927630453,
                "Weighted Recall": 0.41861313868613137,
                "Weighted F1-Score": 0.4863313586270637,
                "MCC": 0.44263745583391106,
                "Cohen Kappa": 0.78623087425202,
                "Confusion Matrix": [
                    [
                        119,
                        0,
                        0,
                        0,
                        0,
                        0,
                        0,
                        0,
                        0,
                        0,
                        0
                    ],
                    [
                        0,
                        220,
                        0,
                        0,
                        0,
                        0,
                        0,
                        0,
                        0,
                        0,
                        0
                    ],
                    [
                        0,
                        0,
                        183,
                        15,
                        0,
                        0,
                        0,
                        0,
                        0,
                        0,
                        0
                    ],
                    [
                        0,
                        0,
                        0,
                        374,
                        0,
                        0,
                        0,
                        0,
                        0,
                        0,
                        0
                    ],
                    [
                        0,
                        0,
                        0,
                        1,
                        57,
                        0,
                        0,
                        0,
                        0,
                        0,
                        1
                    ],
                    [
                        6,
                        0,
                        0,
                        45,
                        0,
                        0,
                        0,
                        0,
                        0,
                        0,
                        0
                    ],
                    [
                        1,
                        1,
                        0,
                        34,
                        0,
                        0,
                        0,
                        0,
                        0,
                        0,
                        0
                    ],
                    [
                        0,
                        0,
                        2,
                        77,
                        0,
                        0,
                        0,
                        168,
                        0,
                        0,
                        0
                    ],
                    [
                        0,
                        0,
                        1,
                        30,
                        0,
                        0,
                        0,
                        0,
                        0,
                        0,
                        0
                    ],
                    [
                        0,
                        0,
                        26,
                        0,
                        0,
                        0,
                        0,
                        0,
                        0,
                        0,
                        0
                    ],
                    [
                        0,
                        0,
                        0,
                        0,
                        0,
                        0,
                        0,
                        0,
                        0,
                        0,
                        26
                    ]
                ]
            },
            "Using Predicted Vulnerability Name": {
                "Per Class Metrics": {
                    "Accuracy": {
                        "CWE-22": 0.9474452554744526,
                        "CWE-78": 0.9883211678832117,