{
    "o3-mini-2025-01-31": {
        "Dataset": "owasp",
        "Prompt Type": "simple",
        "Vulnerability Metrics": {
            "Accuracy": 0.8521897810218978,
            "Precision": 0.842140921409214,
            "Recall": 0.8784452296819788,
            "F1-Score": 0.8599100657212038,
            "Youden Index": 0.7025961730782053,
            "ROC-AUC Score": 0.8512980865391027,
            "FPR": 0.1758490566037736,
            "FNR": 0.1215547703180212,
            "Specificity": 0.8241509433962264,
            "NPV": 0.8639240506329114,
            "FDR": 0.1578590785907859,
            "MCC": 0.7043284370954841,
            "Confusion Matrix": [
                [
                    1092,
                    233
                ],
                [
                    172,
                    1243
                ]
            ]
        },
        "Vulnerability Type Metrics": {
            "Using Predicted CWE": {
                "Per Class Metrics": {
                    "Accuracy": {
                        "CWE-22": 0.9529197080291971,
                        "CWE-78": 0.9616788321167883,
                        "CWE-79": 0.9058394160583941,
                        "CWE-89": 0.9343065693430657,
                        "CWE-90": 0.9912408759124087,
                        "CWE-327": 0.941970802919708,
                        "CWE-328": 0.9138686131386862,
                        "CWE-330": 0.8784671532846715,
                        "CWE-501": 0.954014598540146,
                        "CWE-614": 0.9781021897810219,
                        "CWE-643": 0.993065693430657
                    },
                    "Precision": {
                        "CWE-22": 1.0,
                        "CWE-78": 1.0,
                        "CWE-79": 1.0,
                        "CWE-89": 1.0,
                        "CWE-90": 1.0,
                        "CWE-327": 0.695067264573991,
                        "CWE-328": 0.0,
                        "CWE-330": 1.0,
                        "CWE-501": 0.0,
                        "CWE-614": 0.8181818181818182,
                        "CWE-643": 1.0
                    },
                    "Recall": {
                        "CWE-22": 0.5186567164179104,
                        "CWE-78": 0.5816733067729084,
                        "CWE-79": 0.432967032967033,
                        "CWE-89": 0.6428571428571429,
                        "CWE-90": 0.5932203389830508,
                        "CWE-327": 0.6300813008130082,
                        "CWE-328": 0.0,
                        "CWE-330": 0.32454361054766734,
                        "CWE-501": 0.0,
                        "CWE-614": 0.13432835820895522,
                        "CWE-643": 0.45714285714285713
                    },
                    "F1-Score": {
                        "CWE-22": 0.683046683046683,
                        "CWE-78": 0.7355163727959698,
                        "CWE-79": 0.6042944785276073,
                        "CWE-89": 0.782608695652174,
                        "CWE-90": 0.7446808510638298,
                        "CWE-327": 0.6609808102345416,
                        "CWE-328": 0.0,
                        "CWE-330": 0.4900459418070444,
                        "CWE-501": 0.0,
                        "CWE-614": 0.23076923076923078,
                        "CWE-643": 0.6274509803921569
                    }
                },
                "Macro Precision": 0.7739317347959827,
                "Macro Recall": 0.39231551497368494,
                "Macro F1-Score": 0.505399458571749,
                "Weighted Precision": 0.8360601200377313,
                "Weighted Recall": 0.431021897810219,
                "Weighted F1-Score": 0.5556979243006047,
                "MCC": 0.4838140887338773,
                "Cohen Kappa": 0.933589208644551,
                "Confusion Matrix": [
                    [
                        139,
                        0,
                        0,
                        0,
                        0,
                        0,
                        0,
                        0,
                        0,
                        0,
                        0
                    ],
                    [
                        0,
                        146,
                        0,
                        0,
                        0,
                        0,
                        0,
                        0,
                        0,
                        0,
                        0
                    ],
                    [
                        0,
                        0,
                        197,
                        0,
                        0,
                        0,
                        0,
                        0,
                        0,
                        0,
                        0
                    ],
                    [
                        0,
                        0,
                        0,
                        324,
                        0,
                        0,
                        0,
                        0,
                        0,
                        0,
                        0
                    ],
                    [
                        0,
                        0,
                        0,
                        0,
                        35,
                        0,
                        0,
                        0,
                        0,
                        0,
                        0
                    ],
                    [
                        0,
                        0,
                        0,
                        0,
                        0,
                        155,
                        0,
                        0,
                        0,
                        1,
                        0
                    ],
                    [
                        0,
                        0,
                        0,
                        0,
                        0,
                        68,
                        0,
                        0,
                        0,
                        1,
                        0
                    ],
                    [
                        0,
                        0,
                        0,
                        0,
                        0,
                        0,
                        0,
                        160,
                        0,
                        0,
                        0
                    ],
                    [
                        0,
                        0,
                        0,
                        0,
                        0,
                        0,
                        0,
                        0,
                        0,
                        0,
                        0
                    ],
                    [
                        0,
                        0,
                        0,
                        0,
                        0,
                        0,
                        0,
                        0,
                        0,
                        9,
                        0
                    ],
                    [
                        0,
                        0,
                        0,
                        0,
                        0,
                        0,
                        0,
                        0,
                        0,
                        0,
                        16
                    ]
                ]
            },
            "Using Predicted Vulnerability Name": {
                "Per Class Metrics": {
                    "Accuracy": {
                        "CWE-22": 0.941970802919708,
                        "CWE-78": 0.9613138686131387,
                        "CWE-79": 0.8985401459854014,