{
  "gpt-4o-mini-2024-07-18": {
    "Dataset": "owasp",
    "Prompt Type": "chain_of_thought",
    "Vulnerability Metrics": {
      "Accuracy": 0.5383211678832117,
      "Precision": 0.5295741324921136,
      "Recall": 0.9491166077738515,
      "F1-Score": 0.6798278916729942,
      "Youden Index": 0.048739249283285435,
      "ROC-AUC Score": 0.5243696246416427,
      "FPR": 0.900377358490566,
      "FNR": 0.05088339222614841,
      "Specificity": 0.09962264150943397,
      "NPV": 0.6470588235294118,
      "FDR": 0.47042586750788645,
      "MCC": 0.09278446893298865,
      "Confusion Matrix": [
        [
          132,
          1193
        ],
        [
          72,
          1343
        ]
      ]
    },
    "Vulnerability Type Metrics": {
      "Using Predicted CWE": {
        "Per Class Metrics": {
          "Accuracy": {
            "CWE-22": 0.9817518248175182,
            "CWE-78": 0.9872262773722628,
            "CWE-79": 0.8510948905109489,
            "CWE-89": 0.993065693430657,
            "CWE-90": 0.9784671532846715,
            "CWE-327": 0.9102189781021898,
            "CWE-328": 0.9138686131386862,
            "CWE-330": 0.8510948905109489,
            "CWE-501": 0.954014598540146,
            "CWE-614": 0.9755474452554744,
            "CWE-643": 0.9872262773722628
          },
          "Precision": {
            "CWE-22": 0.957983193277311,
            "CWE-78": 0.8776223776223776,
            "CWE-79": 0.8983050847457628,
            "CWE-89": 0.9636711281070746,
            "CWE-90": 0.0,
            "CWE-327": 0.0,
            "CWE-328": 0.0,
            "CWE-330": 1.0,
            "CWE-501": 0.0,
            "CWE-614": 0.0,
            "CWE-643": 0.0
          },
          "Recall": {
            "CWE-22": 0.8507462686567164,
            "CWE-78": 1.0,
            "CWE-79": 0.11648351648351649,
            "CWE-89": 1.0,
            "CWE-90": 0.0,
            "CWE-327": 0.0,
            "CWE-328": 0.0,
            "CWE-330": 0.1724137931034483,
            "CWE-501": 0.0,
            "CWE-614": 0.0,
            "CWE-643": 0.0
          },
          "F1-Score": {
            "CWE-22": 0.9011857707509882,
            "CWE-78": 0.9348230912476723,
            "CWE-79": 0.20622568093385213,
            "CWE-89": 0.9814995131450828,
            "CWE-90": 0.0,
            "CWE-327": 0.0,
            "CWE-328": 0.0,
            "CWE-330": 0.29411764705882354,
            "CWE-501": 0.0,
            "CWE-614": 0.0,
            "CWE-643": 0.0
          }
        },
        "Macro Precision": 0.4270528894320478,
        "Macro Recall": 0.2854221434766983,
        "Macro F1-Score": 0.3016228821033108,
        "Weighted Precision": 0.6804532024477459,
        "Weighted Recall": 0.40912408759124086,
        "Weighted F1-Score": 0.4414842415746186,
        "MCC": 0.4707926455402574,
        "Cohen Kappa": 0.9180483374241994,
        "Confusion Matrix": [
          [
            228,
            0,
            0,
            0,
            0,
            0,
            0,
            0,
            0,
            0,
            0
          ],
          [
            0,
            251,
            0,
            0,
            0,
            0,
            0,
            0,
            0,
            0,
            0
          ],
          [
            0,
            20,
            53,
            0,
            0,
            0,
            0,
            0,
            0,
            0,
            0
          ],
          [
            0,
            0,
            0,
            504,
            0,
            0,
            0,
            0,
            0,
            0,
            0
          ],
          [
            0,
            2,
            0,
            19,
            0,
            0,
            0,
            0,
            0,
            0,
            0
          ],
          [
            0,
            3,
            0,
            0,
            0,
            0,
            0,
            0,
            0,
            0,
            0
          ],
          [
            10,
            1,
            0,
            0,
            0,
            0,
            0,
            0,
            0,
            0,
            0
          ],
          [
            0,
            0,
            0,
            0,
            0,
            0,
            0,
            85,
            0,
            0,
            0
          ],
          [
            0,
            0,
            6,
            0,
            0,
            0,
            0,
            0,
            0,
            0,
            0
          ],
          [
            0,
            0,
            0,
            0,
            0,
            0,
            0,
            0,
            0,
            0,
            0
          ],
          [
            0,
            9,
            0,
            0,
            0,
            0,
            0,
            0,
            0,
            0,
            0
          ]
        ]
      },
      "Using Predicted Vulnerability Name": {
        "Per Class Metrics": {
          "Accuracy": {
            "CWE-22": 0.9817518248175182,
            "CWE-78": 0.9996350364963503,
            "CWE-79": 0.8503649635036497,
            "CWE-89": 0.9937956204379562,
            "CWE-90": 0.9912408759124087,
            "CWE-327": 0.9102189781021898,
            "CWE-328": 0.9138686131386862,
            "CWE-330": 0.8302919708029197,
            "CWE-501": 0.954014598540146,
            "CWE-614": 0.9755474452554744,
            "CWE-643": 0.9905109489051095
          },
          "Precision": {
            "CWE-22": 0.957983193277311,
            "CWE-78": 0.996031746031746,
            "CWE-79": 0.8947368421052632,
            "CWE-89": 0.9673704414587332,
            "CWE-90": 1.0,
            "CWE-327": 0.0,
            "CWE-328": 0.0,
            "CWE-330": 1.0,
            "CWE-501": 0.0,
            "CWE-614": 0.0,
            "CWE-643": 1.0
          },
          "Recall": {
            "CWE-22": 0.8507462686567164,
            "CWE-78": 1.0,
            "CWE-79": 0.11208791208791209,
            "CWE-89": 1.0,
            "CWE-90": 0.5932203389830508,
            "CWE-327": 0.0,
            "CWE-328": 0.0,
            "CWE-330": 0.056795131845841784,
            "CWE-501": 0.0,
            "CWE-614": 0.0,
            "CWE-643": 0.2571428571428571
          },
          "F1-Score": {
            "CWE-22": 0.9011857707509882,
            "CWE-78": 0.9980119284294234,
            "CWE-79": 0.19921875,
            "CWE-89": 0.9834146341463414,
            "CWE-90": 0.7446808510638298,
            "CWE-327": 0.0,
            "CWE-328": 0.0,
            "CWE-330": 0.10748560460652591,
            "CWE-501": 0.0,
            "CWE-614": 0.0,
            "CWE-643": 0.4090909090909091
          }
        },
        "Macro Precision": 0.6196474748066412,
        "Macro Recall": 0.35181750079239804,
        "Macro F1-Score": 0.3948262225534561,
        "Weighted Precision": 0.7256946823742276,
        "Weighted Recall": 0.40364963503649637,
        "Weighted F1-Score": 0.4341419863353179,
        "MCC": 0.4768133061503359,
        "Cohen Kappa": 0.9575813489262368,