{
  "gpt-4o-mini-2024-07-18": {
    "Dataset": "owasp",
    "Prompt Type": "vulnerability_specific",
    "Vulnerability Metrics": {
      "Accuracy": 0.5843065693430657,
      "Precision": 0.5657142857142857,
      "Recall": 0.8395759717314487,
      "F1-Score": 0.6759601706970128,
      "Youden Index": 0.15127408493899575,
      "ROC-AUC Score": 0.5756370424694979,
      "FPR": 0.6883018867924529,
      "FNR": 0.16042402826855123,
      "Specificity": 0.31169811320754715,
      "NPV": 0.6453125,
      "FDR": 0.4342857142857143,
      "MCC": 0.1786697621494643,
      "Confusion Matrix": [
        [
          413,
          912
        ],
        [
          227,
          1188
        ]
      ]
    },
    "Vulnerability Type Metrics": {
      "Using Predicted CWE": {
        "Per Class Metrics": {
          "Accuracy": {
            "CWE-22": 0.9291970802919708,
            "CWE-78": 0.9945255474452555,
            "CWE-79": 0.8671532846715329,
            "CWE-89": 1.0,
            "CWE-90": 1.0,
            "CWE-327": 0.9434306569343066,
            "CWE-328": 0.9138686131386862,
            "CWE-330": 0.9645985401459855,
            "CWE-501": 0.954014598540146,
            "CWE-614": 0.987956204379562,
            "CWE-643": 0.9978102189781022
          },
          "Precision": {
            "CWE-22": 0.5800865800865801,
            "CWE-78": 0.943609022556391,
            "CWE-79": 0.7660818713450293,
            "CWE-89": 1.0,
            "CWE-90": 1.0,
            "CWE-327": 0.7541899441340782,
            "CWE-328": 0.0,
            "CWE-330": 1.0,
            "CWE-501": 0.0,
            "CWE-614": 1.0,
            "CWE-643": 1.0
          },
          "Recall": {
            "CWE-22": 1.0,
            "CWE-78": 1.0,
            "CWE-79": 0.2879120879120879,
            "CWE-89": 1.0,
            "CWE-90": 1.0,
            "CWE-327": 0.5487804878048781,
            "CWE-328": 0.0,
            "CWE-330": 0.8032454361054767,
            "CWE-501": 0.0,
            "CWE-614": 0.5074626865671642,
            "CWE-643": 0.8285714285714286
          },
          "F1-Score": {
            "CWE-22": 0.7342465753424657,
            "CWE-78": 0.9709864603481625,
            "CWE-79": 0.4185303514376997,
            "CWE-89": 1.0,
            "CWE-90": 1.0,
            "CWE-327": 0.6352941176470588,
            "CWE-328": 0.0,
            "CWE-330": 0.890888638920135,
            "CWE-501": 0.0,
            "CWE-614": 0.6732673267326733,
            "CWE-643": 0.90625
          }
        },
        "Macro Precision": 0.7312697652838254,
        "Macro Recall": 0.634179284269185,
        "Macro F1-Score": 0.6572239518571086,
        "Weighted Precision": 0.7607324984831493,
        "Weighted Recall": 0.6594890510948905,
        "Weighted F1-Score": 0.6811113527238011,
        "MCC": 0.6503933326813554,
        "Cohen Kappa": 0.8351740637428747,
        "Confusion Matrix": [
          [
            268,
            0,
            0,
            0,
            0,
            0,
            0,
            0,
            0,
            0,
            0
          ],
          [
            0,
            251,
            0,
            0,
            0,
            0,
            0,
            0,
            0,
            0,
            0
          ],
          [
            16,
            10,
            131,
            0,
            0,
            8,
            0,
            0,
            0,
            0,
            0
          ],
          [
            0,
            0,
            0,
            504,
            0,
            0,
            0,
            0,
            0,
            0,
            0
          ],
          [
            0,
            0,
            0,
            0,
            59,
            0,
            0,
            0,
            0,
            0,
            0
          ],
          [
            66,
            4,
            4,
            0,
            0,
            135,
            0,
            0,
            0,
            0,
            0
          ],
          [
            107,
            0,
            1,
            0,
            0,
            32,
            0,
            0,
            0,
            0,
            0
          ],
          [
            2,
            0,
            5,
            0,
            0,
            4,
            0,
            396,
            0,
            0,
            0
          ],
          [
            2,
            0,
            29,
            0,
            0,
            0,
            0,
            0,
            0,
            0,
            0
          ],
          [
            1,
            0,
            1,
            0,
            0,
            0,
            0,
            0,
            0,
            34,
            0
          ],
          [
            0,
            1,
            0,
            0,
            0,
            0,
            0,
            0,
            0,
            0,
            29
          ]
        ]
      },
      "Using Predicted Vulnerability Name": {
        "Per Class Metrics": {
          "Accuracy": {
            "CWE-22": 0.9291970802919708,
            "CWE-78": 0.9945255474452555,
            "CWE-79": 0.8671532846715329,
            "CWE-89": 1.0,
            "CWE-90": 1.0,
            "CWE-327": 0.9434306569343066,
            "CWE-328": 0.9138686131386862,
            "CWE-330": 0.9645985401459855,
            "CWE-501": 0.954014598540146,
            "CWE-614": 0.987956204379562,
            "CWE-643": 0.9978102189781022
          },
          "Precision": {
            "CWE-22": 0.5800865800865801,
            "CWE-78": 0.943609022556391,
            "CWE-79": 0.7660818713450293,
            "CWE-89": 1.0,
            "CWE-90": 1.0,
            "CWE-327": 0.7541899441340782,
            "CWE-328": 0.0,
            "CWE-330": 1.0,
            "CWE-501": 0.0,
            "CWE-614": 1.0,
            "CWE-643": 1.0
          },
          "Recall": {
            "CWE-22": 1.0,
            "CWE-78": 1.0,
            "CWE-79": 0.2879120879120879,
            "CWE-89": 1.0,
            "CWE-90": 1.0,
            "CWE-327": 0.5487804878048781,
            "CWE-328": 0.0,
            "CWE-330": 0.8032454361054767,
            "CWE-501": 0.0,
            "CWE-614": 0.5074626865671642,
            "CWE-643": 0.8285714285714286
          },
          "F1-Score": {
            "CWE-22": 0.7342465753424657,
            "CWE-78": 0.9709864603481625,
            "CWE-79": 0.4185303514376997,
            "CWE-89": 1.0,
            "CWE-90": 1.0,
            "CWE-327": 0.6352941176470588,
            "CWE-328": 0.0,
            "CWE-330": 0.890888638920135,
            "CWE-501": 0.0,
            "CWE-614": 0.6732673267326733,
            "CWE-643": 0.90625
          }
        },
        "Macro Precision": 0.7312697652838254,
        "Macro Recall": 0.634179284269185,
        "Macro F1-Score": 0.6572239518571086,
        "Weighted Precision": 0.7607324984831493,
        "Weighted Recall": 0.6594890510948905,
        "Weighted F1-Score": 0.6811113527238011,
        "MCC": 0.6503933326813554,
        "Cohen Kappa": 0.8351740637428747,