{
  "gpt-4o-mini-2024-07-18": {
    "Dataset": "owasp",
    "Prompt Type": "few_shot",
    "Vulnerability Metrics": {
      "Accuracy": 0.5744525547445255,
      "Precision": 0.5654230162900683,
      "Recall": 0.7604240282685513,
      "F1-Score": 0.648583484026522,
      "Youden Index": 0.1362730848723248,
      "ROC-AUC Score": 0.5681365424361624,
      "FPR": 0.6241509433962265,
      "FNR": 0.23957597173144876,
      "Specificity": 0.3758490566037736,
      "NPV": 0.5949820788530465,
      "FDR": 0.4345769837099317,
      "MCC": 0.1478475469677838,
      "Confusion Matrix": [
        [
          498,
          827
        ],
        [
          339,
          1076
        ]
      ]
    },
    "Vulnerability Type Metrics": {
      "Using Predicted CWE": {
        "Per Class Metrics": {
          "Accuracy": {
            "CWE-22": 0.9576642335766423,
            "CWE-78": 0.9996350364963503,
            "CWE-79": 0.833941605839416,
            "CWE-89": 0.9956204379562044,
            "CWE-90": 0.9784671532846715,
            "CWE-327": 0.9427007299270073,
            "CWE-328": 0.9138686131386862,
            "CWE-330": 0.9211678832116789,
            "CWE-501": 0.954014598540146,
            "CWE-614": 0.9755474452554744,
            "CWE-643": 0.9872262773722628
          },
          "Precision": {
            "CWE-22": 0.7043010752688172,
            "CWE-78": 0.996031746031746,
            "CWE-79": 0.5,
            "CWE-89": 0.9900398406374502,
            "CWE-90": 0.0,
            "CWE-327": 0.978494623655914,
            "CWE-328": 0.0,
            "CWE-330": 1.0,
            "CWE-501": 0.0,
            "CWE-614": 0.0,
            "CWE-643": 0.0
          },
          "Recall": {
            "CWE-22": 0.9776119402985075,
            "CWE-78": 1.0,
            "CWE-79": 0.004395604395604396,
            "CWE-89": 0.9861111111111112,
            "CWE-90": 0.0,
            "CWE-327": 0.3699186991869919,
            "CWE-328": 0.0,
            "CWE-330": 0.5618661257606491,
            "CWE-501": 0.0,
            "CWE-614": 0.0,
            "CWE-643": 0.0
          },
          "F1-Score": {
            "CWE-22": 0.81875,
            "CWE-78": 0.9980119284294234,
            "CWE-79": 0.008714596949891068,
            "CWE-89": 0.9880715705765407,
            "CWE-90": 0.0,
            "CWE-327": 0.5368731563421829,
            "CWE-328": 0.0,
            "CWE-330": 0.7194805194805195,
            "CWE-501": 0.0,
            "CWE-614": 0.0,
            "CWE-643": 0.0
          }
        },
        "Macro Precision": 0.46989702596308436,
        "Macro Recall": 0.3545366800684422,
        "Macro F1-Score": 0.36999107016168703,
        "Weighted Precision": 0.6930461363235916,
        "Weighted Recall": 0.5036496350364964,
        "Weighted F1-Score": 0.5323554378768742,
        "MCC": 0.5381357296755527,
        "Cohen Kappa": 0.8970355976540133,
        "Confusion Matrix": [
          [
            262,
            0,
            0,
            0,
            0,
            0,
            0,
            0,
            0,
            0,
            0
          ],
          [
            0,
            251,
            0,
            0,
            0,
            0,
            0,
            0,
            0,
            0,
            0
          ],
          [
            0,
            0,
            2,
            0,
            0,
            0,
            0,
            0,
            0,
            0,
            0
          ],
          [
            0,
            0,
            0,
            497,
            0,
            0,
            0,
            0,
            0,
            0,
            0
          ],
          [
            0,
            0,
            0,
            1,
            0,
            0,
            0,
            0,
            0,
            0,
            0
          ],
          [
            59,
            1,
            0,
            3,
            0,
            91,
            0,
            0,
            0,
            0,
            0
          ],
          [
            51,
            0,
            0,
            0,
            0,
            1,
            0,
            0,
            0,
            0,
            0
          ],
          [
            0,
            0,
            0,
            1,
            0,
            1,
            0,
            277,
            0,
            0,
            0
          ],
          [
            0,
            0,
            0,
            0,
            0,
            0,
            0,
            0,
            0,
            0,
            0
          ],
          [
            0,
            0,
            2,
            0,
            0,
            0,
            0,
            0,
            0,
            0,
            0
          ],
          [
            0,
            0,
            0,
            0,
            0,
            0,
            0,
            0,
            0,
            0,
            0
          ]
        ]
      },
      "Using Predicted Vulnerability Name": {
        "Per Class Metrics": {
          "Accuracy": {
            "CWE-22": 0.9576642335766423,
            "CWE-78": 0.9992700729927008,
            "CWE-79": 0.833941605839416,
            "CWE-89": 0.9981751824817519,
            "CWE-90": 0.9996350364963503,
            "CWE-327": 0.9102189781021898,
            "CWE-328": 0.9138686131386862,
            "CWE-330": 0.8204379562043795,
            "CWE-501": 0.954014598540146,
            "CWE-614": 0.9755474452554744,
            "CWE-643": 0.9963503649635036
          },
          "Precision": {
            "CWE-22": 0.7043010752688172,
            "CWE-78": 0.9920948616600791,
            "CWE-79": 0.5,
            "CWE-89": 0.9901768172888016,
            "CWE-90": 1.0,
            "CWE-327": 0.0,
            "CWE-328": 0.0,
            "CWE-330": 1.0,
            "CWE-501": 0.0,
            "CWE-614": 0.0,
            "CWE-643": 1.0
          },
          "Recall": {
            "CWE-22": 0.9776119402985075,
            "CWE-78": 1.0,
            "CWE-79": 0.004395604395604396,
            "CWE-89": 1.0,
            "CWE-90": 0.9830508474576272,
            "CWE-327": 0.0,
            "CWE-328": 0.0,
            "CWE-330": 0.002028397565922921,
            "CWE-501": 0.0,
            "CWE-614": 0.0,
            "CWE-643": 0.7142857142857143
          },
          "F1-Score": {
            "CWE-22": 0.81875,
            "CWE-78": 0.996031746031746,
            "CWE-79": 0.008714596949891068,
            "CWE-89": 0.9950641658440277,
            "CWE-90": 0.9914529914529915,
            "CWE-327": 0.0,
            "CWE-328": 0.0,
            "CWE-330": 0.004048582995951417,
            "CWE-501": 0.0,
            "CWE-614": 0.0,
            "CWE-643": 0.8333333333333334
          }
        },
        "Macro Precision": 0.5624157049288816,
        "Macro Recall": 0.4255793185457615,
        "Macro F1-Score": 0.42249049241890374,
        "Weighted Precision": 0.6391670125409777,
        "Weighted Recall": 0.40255474452554746,
        "Weighted F1-Score": 0.38852729709158984,
        "MCC": 0.4667941635800816,
        "Cohen Kappa": 0.8643139465011515,