{
  "gpt-4o-mini-2024-07-18": {
    "Dataset": "owasp",
    "Prompt Type": "simple",
    "Vulnerability Metrics": {
      "Accuracy": 0.5755474452554744,
      "Precision": 0.5504807692307693,
      "Recall": 0.9710247349823321,
      "F1-Score": 0.7026335975453848,
      "Youden Index": 0.12423228215214355,
      "ROC-AUC Score": 0.5621161410760718,
      "FPR": 0.8467924528301887,
      "FNR": 0.028975265017667843,
      "Specificity": 0.15320754716981133,
      "NPV": 0.8319672131147541,
      "FDR": 0.4495192307692308,
      "MCC": 0.21797335995774125,
      "Confusion Matrix": [
        [
          203,
          1122
        ],
        [
          41,
          1374
        ]
      ]
    },
    "Vulnerability Type Metrics": {
      "Using Predicted CWE": {
        "Per Class Metrics": {
          "Accuracy": {
            "CWE-22": 0.9828467153284671,
            "CWE-78": 0.9996350364963503,
            "CWE-79": 0.8364963503649635,
            "CWE-89": 0.9908759124087592,
            "CWE-90": 0.9791970802919708,
            "CWE-327": 0.960948905109489,
            "CWE-328": 0.9138686131386862,
            "CWE-330": 0.9474452554744526,
            "CWE-501": 0.954014598540146,
            "CWE-614": 0.9755474452554744,
            "CWE-643": 0.9872262773722628
          },
          "Precision": {
            "CWE-22": 0.9437751004016064,
            "CWE-78": 0.996031746031746,
            "CWE-79": 0.6521739130434783,
            "CWE-89": 0.9527410207939508,
            "CWE-90": 1.0,
            "CWE-327": 0.8756756756756757,
            "CWE-328": 0.0,
            "CWE-330": 1.0,
            "CWE-501": 0.0,
            "CWE-614": 0.0,
            "CWE-643": 0.0
          },
          "Recall": {
            "CWE-22": 0.8768656716417911,
            "CWE-78": 1.0,
            "CWE-79": 0.03296703296703297,
            "CWE-89": 1.0,
            "CWE-90": 0.03389830508474576,
            "CWE-327": 0.6585365853658537,
            "CWE-328": 0.0,
            "CWE-330": 0.7079107505070994,
            "CWE-501": 0.0,
            "CWE-614": 0.0,
            "CWE-643": 0.0
          },
          "F1-Score": {
            "CWE-22": 0.9090909090909091,
            "CWE-78": 0.9980119284294234,
            "CWE-79": 0.06276150627615062,
            "CWE-89": 0.9757986447241046,
            "CWE-90": 0.06557377049180328,
            "CWE-327": 0.7517401392111369,
            "CWE-328": 0.0,
            "CWE-330": 0.828978622327791,
            "CWE-501": 0.0,
            "CWE-614": 0.0,
            "CWE-643": 0.0
          }
        },
        "Macro Precision": 0.5836724959951325,
        "Macro Recall": 0.39183439505150214,
        "Macro F1-Score": 0.41745050186830174,
        "Weighted Precision": 0.7471797504718062,
        "Weighted Recall": 0.554014598540146,
        "Weighted F1-Score": 0.5883137764530303,
        "MCC": 0.5835306995822769,
        "Cohen Kappa": 0.9430186925800407,
        "Confusion Matrix": [
          [
            235,
            0,
            0,
            0,
            0,
            0,
            0,
            0,
            0,
            0,
            0
          ],
          [
            0,
            251,
            0,
            0,
            0,
            0,
            0,
            0,
            0,
            0,
            0
          ],
          [
            0,
            1,
            15,
            0,
            0,
            0,
            0,
            0,
            0,
            0,
            0
          ],
          [
            0,
            0,
            0,
            504,
            0,
            0,
            0,
            0,
            0,
            0,
            0
          ],
          [
            0,
            0,
            0,
            25,
            2,
            0,
            0,
            0,
            0,
            0,
            0
          ],
          [
            5,
            0,
            0,
            0,
            0,
            162,
            0,
            0,
            0,
            0,
            0
          ],
          [
            9,
            0,
            0,
            0,
            0,
            14,
            0,
            0,
            0,
            0,
            0
          ],
          [
            0,
            0,
            1,
            0,
            0,
            9,
            0,
            349,
            0,
            0,
            0
          ],
          [
            0,
            0,
            5,
            0,
            0,
            0,
            0,
            0,
            0,
            0,
            0
          ],
          [
            0,
            0,
            2,
            0,
            0,
            0,
            0,
            0,
            0,
            0,
            0
          ],
          [
            0,
            0,
            0,
            0,
            0,
            0,
            0,
            0,
            0,
            0,
            0
          ]
        ]
      },
      "Using Predicted Vulnerability Name": {
        "Per Class Metrics": {
          "Accuracy": {
            "CWE-22": 0.9821167883211679,
            "CWE-78": 1.0,
            "CWE-79": 0.8346715328467154,
            "CWE-89": 0.9912408759124087,
            "CWE-90": 0.9868613138686131,
            "CWE-327": 0.9102189781021898,
            "CWE-328": 0.9138686131386862,
            "CWE-330": 0.8204379562043795,
            "CWE-501": 0.954014598540146,
            "CWE-614": 0.9755474452554744,
            "CWE-643": 0.9872262773722628
          },
          "Precision": {
            "CWE-22": 0.9362549800796812,
            "CWE-78": 1.0,
            "CWE-79": 0.5357142857142857,
            "CWE-89": 0.9545454545454546,
            "CWE-90": 1.0,
            "CWE-327": 0.0,
            "CWE-328": 0.0,
            "CWE-330": 1.0,
            "CWE-501": 0.0,
            "CWE-614": 0.0,
            "CWE-643": 0.0
          },
          "Recall": {
            "CWE-22": 0.8768656716417911,
            "CWE-78": 1.0,
            "CWE-79": 0.03296703296703297,
            "CWE-89": 1.0,
            "CWE-90": 0.3898305084745763,
            "CWE-327": 0.0,
            "CWE-328": 0.0,
            "CWE-330": 0.002028397565922921,
            "CWE-501": 0.0,
            "CWE-614": 0.0,
            "CWE-643": 0.0
          },
          "F1-Score": {
            "CWE-22": 0.905587668593449,
            "CWE-78": 1.0,
            "CWE-79": 0.062111801242236024,
            "CWE-89": 0.9767441860465116,
            "CWE-90": 0.5609756097560976,
            "CWE-327": 0.0,
            "CWE-328": 0.0,
            "CWE-330": 0.004048582995951417,
            "CWE-501": 0.0,
            "CWE-614": 0.0,
            "CWE-643": 0.0
          }
        },
        "Macro Precision": 0.49331952003085644,
        "Macro Recall": 0.3001537827863021,
        "Macro F1-Score": 0.3190425316940223,
        "Weighted Precision": 0.649181475821994,
        "Weighted Recall": 0.37554744525547445,
        "Weighted F1-Score": 0.38296749887164866,
        "MCC": 0.45185937898955436,
        "Cohen Kappa": 0.9265803920765308,