{
    "qwen2:72b": {
        "Dataset": "owasp",
        "Prompt Type": "simple_self_reflection",
        "Vulnerability Metrics": {
            "Accuracy": 0.5996350364963504,
            "Precision": 0.589527027027027,
            "Recall": 0.7399293286219081,
            "F1-Score": 0.6562206204951426,
            "Youden Index": 0.18974064937662494,
            "ROC-AUC Score": 0.5948703246883125,
            "FPR": 0.550188679245283,
            "FNR": 0.26007067137809187,
            "Specificity": 0.44981132075471697,
            "NPV": 0.6182572614107884,
            "FDR": 0.41047297297297297,
            "MCC": 0.19855761334799296,
            "Confusion Matrix": [
                [
                    596,
                    729
                ],
                [
                    368,
                    1047
                ]
            ]
        },
        "Vulnerability Type Metrics": {
            "Using Predicted CWE": {
                "Per Class Metrics": {
                    "Accuracy": {
                        "CWE-22": 0.9981751824817519,
                        "CWE-78": 0.9806569343065693,
                        "CWE-79": 0.9868613138686131,
                        "CWE-89": 0.9992700729927008,
                        "CWE-90": 0.9795620437956204,
                        "CWE-327": 0.9317518248175183,
                        "CWE-328": 0.9138686131386862,
                        "CWE-330": 0.8583941605839416,
                        "CWE-501": 0.954014598540146,
                        "CWE-614": 0.9773722627737226,
                        "CWE-643": 0.9872262773722628
                    },
                    "Precision": {
                        "CWE-22": 1.0,
                        "CWE-78": 0.8278145695364238,
                        "CWE-79": 0.9929411764705882,
                        "CWE-89": 1.0,
                        "CWE-90": 1.0,
                        "CWE-327": 1.0,
                        "CWE-328": 0.0,
                        "CWE-330": 1.0,
                        "CWE-501": 0.0,
                        "CWE-614": 1.0,
                        "CWE-643": 0.0
                    },
                    "Recall": {
                        "CWE-22": 0.9813432835820896,
                        "CWE-78": 0.9960159362549801,
                        "CWE-79": 0.9274725274725275,
                        "CWE-89": 0.996031746031746,
                        "CWE-90": 0.05084745762711865,
                        "CWE-327": 0.23983739837398374,
                        "CWE-328": 0.0,
                        "CWE-330": 0.2129817444219067,
                        "CWE-501": 0.0,
                        "CWE-614": 0.07462686567164178,
                        "CWE-643": 0.0
                    },
                    "F1-Score": {
                        "CWE-22": 0.9905838041431262,
                        "CWE-78": 0.9041591320072333,
                        "CWE-79": 0.9590909090909091,
                        "CWE-89": 0.9980119284294234,
                        "CWE-90": 0.0967741935483871,
                        "CWE-327": 0.38688524590163936,
                        "CWE-328": 0.0,
                        "CWE-330": 0.3511705685618729,
                        "CWE-501": 0.0,
                        "CWE-614": 0.1388888888888889,
                        "CWE-643": 0.0
                    }
                },
                "Macro Precision": 0.7109777950915466,
                "Macro Recall": 0.40719608722145395,
                "Macro F1-Score": 0.4386876973246801,
                "Weighted Precision": 0.8381641212583065,
                "Weighted Recall": 0.5872262773722627,
                "Weighted F1-Score": 0.6259565222542641,
                "MCC": 0.6123872921592297,
                "Cohen Kappa": 0.9579833090164183,
                "Confusion Matrix": [
                    [
                        263,
                        0,
                        0,
                        0,
                        0,
                        0,
                        0,
                        0,
                        0,
                        0,
                        0
                    ],
                    [
                        0,
                        250,
                        0,
                        0,
                        0,
                        0,
                        0,
                        0,
                        0,
                        0,
                        0
                    ],
                    [
                        0,
                        0,
                        422,
                        0,
                        0,
                        0,
                        0,
                        0,
                        0,
                        0,
                        0
                    ],
                    [
                        0,
                        0,
                        0,
                        502,
                        0,
                        0,
                        0,
                        0,
                        0,
                        0,
                        0
                    ],
                    [
                        0,
                        47,
                        0,
                        0,
                        3,
                        0,
                        0,
                        0,
                        0,
                        0,
                        0
                    ],
                    [
                        0,
                        0,
                        0,
                        0,
                        0,
                        59,
                        0,
                        0,
                        0,
                        0,
                        0
                    ],
                    [
                        0,
                        1,
                        1,
                        0,
                        0,
                        0,
                        0,
                        0,
                        0,
                        0,
                        0
                    ],
                    [
                        0,
                        0,
                        0,
                        0,
                        0,
                        0,
                        0,
                        105,
                        0,
                        0,
                        0
                    ],
                    [
                        0,
                        0,
                        0,
                        0,
                        0,
                        0,
                        0,
                        0,
                        0,
                        0,
                        0
                    ],
                    [
                        0,
                        0,
                        2,
                        0,
                        0,
                        0,
                        0,
                        0,
                        0,
                        5,
                        0
                    ],
                    [
                        0,
                        4,
                        0,
                        0,
                        0,
                        0,
                        0,
                        0,
                        0,
                        0,
                        0
                    ]
                ]
            },
            "Using Predicted Vulnerability Name": {
                "Per Class Metrics": {
                    "Accuracy": {
                        "CWE-22": 0.9105839416058394,
                        "CWE-78": 0.9072992700729927,
                        "CWE-79": 0.9868613138686131,