{
    "qwen2:72b": {
        "Dataset": "owasp",
        "Prompt Type": "vulnerability_specific_self_reflection",
        "Vulnerability Metrics": {
            "Accuracy": 0.5879562043795621,
            "Precision": 0.5763888888888888,
            "Recall": 0.7625441696113074,
            "F1-Score": 0.6565257073319136,
            "Youden Index": 0.16405360357357157,
            "ROC-AUC Score": 0.5820268017867858,
            "FPR": 0.5984905660377359,
            "FNR": 0.23745583038869258,
            "Specificity": 0.40150943396226413,
            "NPV": 0.6129032258064516,
            "FDR": 0.4236111111111111,
            "MCC": 0.17622160351055835,
            "Confusion Matrix": [
                [
                    532,
                    793
                ],
                [
                    336,
                    1079
                ]
            ]
        },
        "Vulnerability Type Metrics": {
            "Using Predicted CWE": {
                "Per Class Metrics": {
                    "Accuracy": {
                        "CWE-22": 0.9992700729927008,
                        "CWE-78": 0.9996350364963503,
                        "CWE-79": 0.9985401459854014,
                        "CWE-89": 0.9996350364963503,
                        "CWE-90": 0.9978102189781022,
                        "CWE-327": 0.9514598540145985,
                        "CWE-328": 0.8992700729927007,
                        "CWE-330": 0.8445255474452554,
                        "CWE-501": 0.9565693430656934,
                        "CWE-614": 0.987956204379562,
                        "CWE-643": 0.987956204379562
                    },
                    "Precision": {
                        "CWE-22": 1.0,
                        "CWE-78": 1.0,
                        "CWE-79": 0.9977924944812362,
                        "CWE-89": 1.0,
                        "CWE-90": 0.9818181818181818,
                        "CWE-327": 0.8021390374331551,
                        "CWE-328": 0.08333333333333333,
                        "CWE-330": 1.0,
                        "CWE-501": 1.0,
                        "CWE-614": 1.0,
                        "CWE-643": 1.0
                    },
                    "Recall": {
                        "CWE-22": 0.9925373134328358,
                        "CWE-78": 0.9960159362549801,
                        "CWE-79": 0.9934065934065934,
                        "CWE-89": 0.998015873015873,
                        "CWE-90": 0.9152542372881356,
                        "CWE-327": 0.6097560975609756,
                        "CWE-328": 0.01694915254237288,
                        "CWE-330": 0.1359026369168357,
                        "CWE-501": 0.05555555555555555,
                        "CWE-614": 0.5074626865671642,
                        "CWE-643": 0.05714285714285714
                    },
                    "F1-Score": {
                        "CWE-22": 0.9962546816479401,
                        "CWE-78": 0.998003992015968,
                        "CWE-79": 0.9955947136563876,
                        "CWE-89": 0.9990069513406157,
                        "CWE-90": 0.9473684210526315,
                        "CWE-327": 0.6928406466512702,
                        "CWE-328": 0.028169014084507043,
                        "CWE-330": 0.2392857142857143,
                        "CWE-501": 0.10526315789473684,
                        "CWE-614": 0.6732673267326733,
                        "CWE-643": 0.10810810810810811
                    }
                },
                "Macro Precision": 0.896825731551446,
                "Macro Recall": 0.5707271763349253,
                "Macro F1-Score": 0.6166511570427775,
                "Weighted Precision": 0.902523988172065,
                "Weighted Recall": 0.6529197080291971,
                "Weighted F1-Score": 0.6887209809568289,
                "MCC": 0.6664894531320645,
                "Cohen Kappa": 0.9458913187772195,
                "Confusion Matrix": [
                    [
                        266,
                        0,
                        0,
                        0,
                        0,
                        0,
                        0,
                        0,
                        0,
                        0,
                        0
                    ],
                    [
                        0,
                        250,
                        0,
                        0,
                        0,
                        0,
                        0,
                        0,
                        0,
                        0,
                        0
                    ],
                    [
                        0,
                        0,
                        452,
                        0,
                        0,
                        0,
                        0,
                        0,
                        0,
                        0,
                        0
                    ],
                    [
                        0,
                        0,
                        0,
                        503,
                        0,
                        0,
                        0,
                        0,
                        0,
                        0,
                        0
                    ],
                    [
                        0,
                        0,
                        0,
                        0,
                        54,
                        0,
                        0,
                        0,
                        0,
                        0,
                        0
                    ],
                    [
                        0,
                        0,
                        0,
                        0,
                        0,
                        150,
                        0,
                        0,
                        0,
                        0,
                        0
                    ],
                    [
                        0,
                        0,
                        0,
                        0,
                        0,
                        28,
                        4,
                        0,
                        0,
                        0,
                        0
                    ],
                    [
                        0,
                        0,
                        0,
                        0,
                        0,
                        9,
                        44,
                        67,
                        0,
                        0,
                        0
                    ],
                    [
                        0,
                        0,
                        0,
                        0,
                        0,
                        0,
                        0,
                        0,
                        7,
                        0,
                        0
                    ],
                    [
                        0,
                        0,
                        0,
                        0,
                        0,
                        0,
                        0,
                        0,
                        0,
                        34,
                        0
                    ],
                    [
                        0,
                        0,
                        1,
                        0,
                        1,
                        0,
                        0,
                        0,
                        0,
                        0,
                        2
                    ]
                ]
            },
            "Using Predicted Vulnerability Name": {
                "Per Class Metrics": {
                    "Accuracy": {
                        "CWE-22": 0.9992700729927008,