{
    "qwen2:72b": {
        "Dataset": "owasp",
        "Prompt Type": "few_shot",
        "Vulnerability Metrics": {
            "Accuracy": 0.5613138686131387,
            "Precision": 0.5745276417074877,
            "Recall": 0.5802120141342756,
            "F1-Score": 0.5773558368495078,
            "Youden Index": 0.12134408960597365,
            "ROC-AUC Score": 0.5606720448029869,
            "FPR": 0.4588679245283019,
            "FNR": 0.41978798586572436,
            "Specificity": 0.5411320754716981,
            "NPV": 0.5469107551487414,
            "FDR": 0.42547235829251223,
            "MCC": 0.12139123407284429,
            "Confusion Matrix": [
                [
                    717,
                    608
                ],
                [
                    594,
                    821
                ]
            ]
        },
        "Vulnerability Type Metrics": {
            "Using Predicted CWE": {
                "Per Class Metrics": {
                    "Accuracy": {
                        "CWE-22": 0.9963503649635036,
                        "CWE-78": 0.9748175182481752,
                        "CWE-79": 0.9766423357664233,
                        "CWE-89": 0.9923357664233576,
                        "CWE-90": 0.9952554744525547,
                        "CWE-327": 0.9142335766423357,
                        "CWE-328": 0.9138686131386862,
                        "CWE-330": 0.8313868613138686,
                        "CWE-501": 0.954014598540146,
                        "CWE-614": 0.9755474452554744,
                        "CWE-643": 0.9872262773722628
                    },
                    "Precision": {
                        "CWE-22": 1.0,
                        "CWE-78": 1.0,
                        "CWE-79": 1.0,
                        "CWE-89": 0.9979381443298969,
                        "CWE-90": 1.0,
                        "CWE-327": 1.0,
                        "CWE-328": 0.0,
                        "CWE-330": 1.0,
                        "CWE-501": 0.0,
                        "CWE-614": 0.0,
                        "CWE-643": 0.0
                    },
                    "Recall": {
                        "CWE-22": 0.9626865671641791,
                        "CWE-78": 0.7250996015936255,
                        "CWE-79": 0.8593406593406593,
                        "CWE-89": 0.9603174603174603,
                        "CWE-90": 0.7796610169491526,
                        "CWE-327": 0.044715447154471545,
                        "CWE-328": 0.0,
                        "CWE-330": 0.06288032454361055,
                        "CWE-501": 0.0,
                        "CWE-614": 0.0,
                        "CWE-643": 0.0
                    },
                    "F1-Score": {
                        "CWE-22": 0.9809885931558935,
                        "CWE-78": 0.8406466512702079,
                        "CWE-79": 0.9243498817966903,
                        "CWE-89": 0.9787664307381193,
                        "CWE-90": 0.8761904761904762,
                        "CWE-327": 0.08560311284046693,
                        "CWE-328": 0.0,
                        "CWE-330": 0.1183206106870229,
                        "CWE-501": 0.0,
                        "CWE-614": 0.0,
                        "CWE-643": 0.0
                    }
                },
                "Macro Precision": 0.6361761949390815,
                "Macro Recall": 0.39951827973301446,
                "Macro F1-Score": 0.43680597787989783,
                "Weighted Precision": 0.8302776732636015,
                "Weighted Recall": 0.512043795620438,
                "Weighted F1-Score": 0.5543322608273005,
                "MCC": 0.5623687653560769,
                "Cohen Kappa": 0.9990517761300174,
                "Confusion Matrix": [
                    [
                        258,
                        0,
                        0,
                        0,
                        0,
                        0,
                        0,
                        0,
                        0,
                        0,
                        0
                    ],
                    [
                        0,
                        182,
                        0,
                        0,
                        0,
                        0,
                        0,
                        0,
                        0,
                        0,
                        0
                    ],
                    [
                        0,
                        0,
                        391,
                        0,
                        0,
                        0,
                        0,
                        0,
                        0,
                        0,
                        0
                    ],
                    [
                        0,
                        0,
                        0,
                        484,
                        0,
                        0,
                        0,
                        0,
                        0,
                        0,
                        0
                    ],
                    [
                        0,
                        0,
                        0,
                        1,
                        46,
                        0,
                        0,
                        0,
                        0,
                        0,
                        0
                    ],
                    [
                        0,
                        0,
                        0,
                        0,
                        0,
                        11,
                        0,
                        0,
                        0,
                        0,
                        0
                    ],
                    [
                        0,
                        0,
                        0,
                        0,
                        0,
                        0,
                        0,
                        0,
                        0,
                        0,
                        0
                    ],
                    [
                        0,
                        0,
                        0,
                        0,
                        0,
                        0,
                        0,
                        31,
                        0,
                        0,
                        0
                    ],
                    [
                        0,
                        0,
                        0,
                        0,
                        0,
                        0,
                        0,
                        0,
                        0,
                        0,
                        0
                    ],
                    [
                        0,
                        0,
                        0,
                        0,
                        0,
                        0,
                        0,
                        0,
                        0,
                        0,
                        0
                    ],
                    [
                        0,
                        0,
                        0,
                        0,
                        0,
                        0,
                        0,
                        0,
                        0,
                        0,
                        0
                    ]
                ]
            },
            "Using Predicted Vulnerability Name": {
                "Per Class Metrics": {
                    "Accuracy": {
                        "CWE-22": 0.9963503649635036,
                        "CWE-78": 0.9748175182481752,
                        "CWE-79": 0.9766423357664233,
                        "CWE-89": 0.9927007299270073,