{
    "qwen2:72b": {
        "Dataset": "owasp",
        "Prompt Type": "few_shot_self_reflection",
        "Vulnerability Metrics": {
            "Accuracy": 0.5656934306569343,
            "Precision": 0.574750830564784,
            "Recall": 0.6113074204946997,
            "F1-Score": 0.5924657534246576,
            "Youden Index": 0.12828855257017135,
            "ROC-AUC Score": 0.5641442762850857,
            "FPR": 0.4830188679245283,
            "FNR": 0.38869257950530034,
            "Specificity": 0.5169811320754717,
            "NPV": 0.5546558704453441,
            "FDR": 0.42524916943521596,
            "MCC": 0.12884641386344547,
            "Confusion Matrix": [
                [
                    685,
                    640
                ],
                [
                    550,
                    865
                ]
            ]
        },
        "Vulnerability Type Metrics": {
            "Using Predicted CWE": {
                "Per Class Metrics": {
                    "Accuracy": {
                        "CWE-22": 0.9963503649635036,
                        "CWE-78": 0.9748175182481752,
                        "CWE-79": 0.9762773722627737,
                        "CWE-89": 0.964963503649635,
                        "CWE-90": 0.9956204379562044,
                        "CWE-327": 0.9145985401459854,
                        "CWE-328": 0.9138686131386862,
                        "CWE-330": 0.8313868613138686,
                        "CWE-501": 0.954014598540146,
                        "CWE-614": 0.9755474452554744,
                        "CWE-643": 0.9872262773722628
                    },
                    "Precision": {
                        "CWE-22": 1.0,
                        "CWE-78": 1.0,
                        "CWE-79": 0.9974489795918368,
                        "CWE-89": 0.8629893238434164,
                        "CWE-90": 1.0,
                        "CWE-327": 1.0,
                        "CWE-328": 0.0,
                        "CWE-330": 1.0,
                        "CWE-501": 0.0,
                        "CWE-614": 0.0,
                        "CWE-643": 0.0
                    },
                    "Recall": {
                        "CWE-22": 0.9626865671641791,
                        "CWE-78": 0.7250996015936255,
                        "CWE-79": 0.8593406593406593,
                        "CWE-89": 0.9623015873015873,
                        "CWE-90": 0.7966101694915254,
                        "CWE-327": 0.04878048780487805,
                        "CWE-328": 0.0,
                        "CWE-330": 0.06288032454361055,
                        "CWE-501": 0.0,
                        "CWE-614": 0.0,
                        "CWE-643": 0.0
                    },
                    "F1-Score": {
                        "CWE-22": 0.9809885931558935,
                        "CWE-78": 0.8406466512702079,
                        "CWE-79": 0.9232585596221959,
                        "CWE-89": 0.9099437148217636,
                        "CWE-90": 0.8867924528301887,
                        "CWE-327": 0.09302325581395349,
                        "CWE-328": 0.0,
                        "CWE-330": 0.1183206106870229,
                        "CWE-501": 0.0,
                        "CWE-614": 0.0,
                        "CWE-643": 0.0
                    }
                },
                "Macro Precision": 0.6236762094032048,
                "Macro Recall": 0.40160903611273324,
                "Macro F1-Score": 0.43208853074556597,
                "Weighted Precision": 0.8050313521647326,
                "Weighted Recall": 0.5131386861313869,
                "Weighted F1-Score": 0.5423861554922575,
                "MCC": 0.550423880021498,
                "Cohen Kappa": 0.9307814297708262,
                "Confusion Matrix": [
                    [
                        258,
                        0,
                        0,
                        0,
                        0,
                        0,
                        0,
                        0,
                        0,
                        0,
                        0
                    ],
                    [
                        0,
                        182,
                        0,
                        0,
                        0,
                        0,
                        0,
                        0,
                        0,
                        0,
                        0
                    ],
                    [
                        0,
                        0,
                        391,
                        0,
                        0,
                        0,
                        0,
                        0,
                        0,
                        0,
                        0
                    ],
                    [
                        0,
                        0,
                        0,
                        485,
                        0,
                        0,
                        0,
                        0,
                        0,
                        0,
                        0
                    ],
                    [
                        0,
                        0,
                        0,
                        1,
                        47,
                        0,
                        0,
                        0,
                        0,
                        0,
                        0
                    ],
                    [
                        0,
                        0,
                        1,
                        62,
                        0,
                        12,
                        0,
                        0,
                        0,
                        0,
                        0
                    ],
                    [
                        0,
                        0,
                        0,
                        3,
                        0,
                        0,
                        0,
                        0,
                        0,
                        0,
                        0
                    ],
                    [
                        0,
                        0,
                        0,
                        11,
                        0,
                        0,
                        0,
                        31,
                        0,
                        0,
                        0
                    ],
                    [
                        0,
                        0,
                        0,
                        0,
                        0,
                        0,
                        0,
                        0,
                        0,
                        0,
                        0
                    ],
                    [
                        0,
                        0,
                        0,
                        0,
                        0,
                        0,
                        0,
                        0,
                        0,
                        0,
                        0
                    ],
                    [
                        0,
                        0,
                        0,
                        0,
                        0,
                        0,
                        0,
                        0,
                        0,
                        0,
                        0
                    ]
                ]
            },
            "Using Predicted Vulnerability Name": {
                "Per Class Metrics": {
                    "Accuracy": {
                        "CWE-22": 0.9963503649635036,
                        "CWE-78": 0.9748175182481752,
                        "CWE-79": 0.9762773722627737,
                        "CWE-89": 0.9653284671532847,