{
    "qwen2:72b": {
        "Dataset": "owasp",
        "Prompt Type": "vulnerability_specific",
        "Vulnerability Metrics": {
            "Accuracy": 0.595985401459854,
            "Precision": 0.5808823529411765,
            "Recall": 0.781625441696113,
            "F1-Score": 0.6664658029526966,
            "Youden Index": 0.17936129075271667,
            "ROC-AUC Score": 0.5896806453763583,
            "FPR": 0.6022641509433962,
            "FNR": 0.2183745583038869,
            "Specificity": 0.39773584905660375,
            "NPV": 0.6303827751196173,
            "FDR": 0.41911764705882354,
            "MCC": 0.1946606946972654,
            "Confusion Matrix": [
                [
                    527,
                    798
                ],
                [
                    309,
                    1106
                ]
            ]
        },
        "Vulnerability Type Metrics": {
            "Using Predicted CWE": {
                "Per Class Metrics": {
                    "Accuracy": {
                        "CWE-22": 0.9992700729927008,
                        "CWE-78": 0.9989051094890511,
                        "CWE-79": 0.9992700729927008,
                        "CWE-89": 1.0,
                        "CWE-90": 0.9974452554744525,
                        "CWE-327": 0.9521897810218978,
                        "CWE-328": 0.8897810218978102,
                        "CWE-330": 0.8445255474452554,
                        "CWE-501": 0.9565693430656934,
                        "CWE-614": 0.987956204379562,
                        "CWE-643": 0.987956204379562
                    },
                    "Precision": {
                        "CWE-22": 1.0,
                        "CWE-78": 0.9920634920634921,
                        "CWE-79": 0.9978021978021978,
                        "CWE-89": 1.0,
                        "CWE-90": 0.9642857142857143,
                        "CWE-327": 0.8074866310160428,
                        "CWE-328": 0.05405405405405406,
                        "CWE-330": 1.0,
                        "CWE-501": 1.0,
                        "CWE-614": 1.0,
                        "CWE-643": 1.0
                    },
                    "Recall": {
                        "CWE-22": 0.9925373134328358,
                        "CWE-78": 0.9960159362549801,
                        "CWE-79": 0.9978021978021978,
                        "CWE-89": 1.0,
                        "CWE-90": 0.9152542372881356,
                        "CWE-327": 0.6138211382113821,
                        "CWE-328": 0.01694915254237288,
                        "CWE-330": 0.1359026369168357,
                        "CWE-501": 0.05555555555555555,
                        "CWE-614": 0.5074626865671642,
                        "CWE-643": 0.05714285714285714
                    },
                    "F1-Score": {
                        "CWE-22": 0.9962546816479401,
                        "CWE-78": 0.9940357852882704,
                        "CWE-79": 0.9978021978021978,
                        "CWE-89": 1.0,
                        "CWE-90": 0.9391304347826087,
                        "CWE-327": 0.6974595842956121,
                        "CWE-328": 0.025806451612903226,
                        "CWE-330": 0.2392857142857143,
                        "CWE-501": 0.10526315789473684,
                        "CWE-614": 0.6732673267326733,
                        "CWE-643": 0.10810810810810811
                    }
                },
                "Macro Precision": 0.8923356444746818,
                "Macro Recall": 0.5716767010649378,
                "Macro F1-Score": 0.6160375856773422,
                "Weighted Precision": 0.8993792925684295,
                "Weighted Recall": 0.6543795620437957,
                "Weighted F1-Score": 0.6889405191500039,
                "MCC": 0.6643701382943955,
                "Cohen Kappa": 0.9292289063672017,
                "Confusion Matrix": [
                    [
                        266,
                        0,
                        0,
                        0,
                        0,
                        0,
                        0,
                        0,
                        0,
                        0,
                        0
                    ],
                    [
                        0,
                        250,
                        0,
                        0,
                        0,
                        0,
                        0,
                        0,
                        0,
                        0,
                        0
                    ],
                    [
                        0,
                        0,
                        454,
                        0,
                        0,
                        0,
                        0,
                        0,
                        0,
                        0,
                        0
                    ],
                    [
                        0,
                        0,
                        0,
                        504,
                        0,
                        0,
                        0,
                        0,
                        0,
                        0,
                        0
                    ],
                    [
                        0,
                        0,
                        0,
                        0,
                        54,
                        0,
                        0,
                        0,
                        0,
                        0,
                        0
                    ],
                    [
                        0,
                        0,
                        0,
                        0,
                        0,
                        151,
                        0,
                        0,
                        0,
                        0,
                        0
                    ],
                    [
                        0,
                        0,
                        0,
                        0,
                        0,
                        29,
                        4,
                        0,
                        0,
                        0,
                        0
                    ],
                    [
                        0,
                        0,
                        0,
                        0,
                        0,
                        7,
                        70,
                        67,
                        0,
                        0,
                        0
                    ],
                    [
                        0,
                        0,
                        0,
                        0,
                        0,
                        0,
                        0,
                        0,
                        7,
                        0,
                        0
                    ],
                    [
                        0,
                        0,
                        0,
                        0,
                        0,
                        0,
                        0,
                        0,
                        0,
                        34,
                        0
                    ],
                    [
                        0,
                        2,
                        1,
                        0,
                        2,
                        0,
                        0,
                        0,
                        0,
                        0,
                        2
                    ]
                ]
            },
            "Using Predicted Vulnerability Name": {
                "Per Class Metrics": {
                    "Accuracy": {
                        "CWE-22": 0.9992700729927008,
                        "CWE-78": 0.9989051094890511,