{
    "qwen2:72b": {
        "Dataset": "owasp",
        "Prompt Type": "chain_of_thought",
        "Vulnerability Metrics": {
            "Accuracy": 0.5478102189781022,
            "Precision": 0.5507497116493656,
            "Recall": 0.6749116607773852,
            "F1-Score": 0.606541759288663,
            "Youden Index": 0.08698713247549827,
            "ROC-AUC Score": 0.5434935662377491,
            "FPR": 0.5879245283018868,
            "FNR": 0.3250883392226148,
            "Specificity": 0.4120754716981132,
            "NPV": 0.5427435387673957,
            "FDR": 0.44925028835063435,
            "MCC": 0.09018153779775412,
            "Confusion Matrix": [
                [
                    546,
                    779
                ],
                [
                    460,
                    955
                ]
            ]
        },
        "Vulnerability Type Metrics": {
            "Using Predicted CWE": {
                "Per Class Metrics": {
                    "Accuracy": {
                        "CWE-22": 0.9963503649635036,
                        "CWE-78": 0.9781021897810219,
                        "CWE-79": 0.9708029197080292,
                        "CWE-89": 0.997080291970803,
                        "CWE-90": 0.9821167883211679,
                        "CWE-327": 0.9131386861313868,
                        "CWE-328": 0.9138686131386862,
                        "CWE-330": 0.8226277372262774,
                        "CWE-501": 0.954014598540146,
                        "CWE-614": 0.9755474452554744,
                        "CWE-643": 0.9872262773722628
                    },
                    "Precision": {
                        "CWE-22": 1.0,
                        "CWE-78": 0.8090614886731392,
                        "CWE-79": 0.9391100702576113,
                        "CWE-89": 0.9979919678714859,
                        "CWE-90": 0.6666666666666666,
                        "CWE-327": 1.0,
                        "CWE-328": 0.0,
                        "CWE-330": 1.0,
                        "CWE-501": 0.0,
                        "CWE-614": 0.0,
                        "CWE-643": 0.0
                    },
                    "Recall": {
                        "CWE-22": 0.9626865671641791,
                        "CWE-78": 0.9960159362549801,
                        "CWE-79": 0.8813186813186813,
                        "CWE-89": 0.9861111111111112,
                        "CWE-90": 0.3389830508474576,
                        "CWE-327": 0.032520325203252036,
                        "CWE-328": 0.0,
                        "CWE-330": 0.014198782961460446,
                        "CWE-501": 0.0,
                        "CWE-614": 0.0,
                        "CWE-643": 0.0
                    },
                    "F1-Score": {
                        "CWE-22": 0.9809885931558935,
                        "CWE-78": 0.8928571428571429,
                        "CWE-79": 0.909297052154195,
                        "CWE-89": 0.9920159680638723,
                        "CWE-90": 0.449438202247191,
                        "CWE-327": 0.06299212598425197,
                        "CWE-328": 0.0,
                        "CWE-330": 0.028,
                        "CWE-501": 0.0,
                        "CWE-614": 0.0,
                        "CWE-643": 0.0
                    }
                },
                "Macro Precision": 0.5829845630426275,
                "Macro Recall": 0.38289404135101107,
                "Macro F1-Score": 0.392326280405686,
                "Weighted Precision": 0.7955075915199757,
                "Weighted Recall": 0.525912408759124,
                "Weighted F1-Score": 0.5315821932051032,
                "MCC": 0.5606510050268405,
                "Cohen Kappa": 0.9179342515154566,
                "Confusion Matrix": [
                    [
                        258,
                        0,
                        0,
                        0,
                        0,
                        0,
                        0,
                        0,
                        0,
                        0,
                        0
                    ],
                    [
                        0,
                        250,
                        0,
                        0,
                        0,
                        0,
                        0,
                        0,
                        0,
                        0,
                        0
                    ],
                    [
                        0,
                        0,
                        401,
                        0,
                        0,
                        0,
                        0,
                        0,
                        0,
                        0,
                        0
                    ],
                    [
                        0,
                        0,
                        0,
                        497,
                        0,
                        0,
                        0,
                        0,
                        0,
                        0,
                        0
                    ],
                    [
                        0,
                        34,
                        1,
                        1,
                        20,
                        0,
                        0,
                        0,
                        0,
                        0,
                        0
                    ],
                    [
                        0,
                        5,
                        0,
                        0,
                        2,
                        8,
                        0,
                        0,
                        0,
                        0,
                        0
                    ],
                    [
                        0,
                        14,
                        8,
                        0,
                        0,
                        0,
                        0,
                        0,
                        0,
                        0,
                        0
                    ],
                    [
                        0,
                        0,
                        0,
                        0,
                        0,
                        0,
                        0,
                        7,
                        0,
                        0,
                        0
                    ],
                    [
                        0,
                        0,
                        0,
                        0,
                        8,
                        0,
                        0,
                        0,
                        0,
                        0,
                        0
                    ],
                    [
                        0,
                        0,
                        17,
                        0,
                        0,
                        0,
                        0,
                        0,
                        0,
                        0,
                        0
                    ],
                    [
                        0,
                        6,
                        0,
                        0,
                        0,
                        0,
                        0,
                        0,
                        0,
                        0,
                        0
                    ]
                ]
            },
            "Using Predicted Vulnerability Name": {
                "Per Class Metrics": {
                    "Accuracy": {
                        "CWE-22": 0.9087591240875912,
                        "CWE-78": 0.8675182481751825,
                        "CWE-79": 0.9675182481751825,
                        "CWE-89": 0.9864963503649635,