{
    "qwen2:72b": {
        "Dataset": "owasp",
        "Prompt Type": "chain_of_thought_self_reflection",
        "Vulnerability Metrics": {
            "Accuracy": 0.5445255474452555,
            "Precision": 0.5523510971786834,
            "Recall": 0.6226148409893993,
            "F1-Score": 0.5853820598006645,
            "Youden Index": 0.08374691646109733,
            "ROC-AUC Score": 0.5418734582305488,
            "FPR": 0.5388679245283019,
            "FNR": 0.3773851590106007,
            "Specificity": 0.4611320754716981,
            "NPV": 0.5336244541484716,
            "FDR": 0.44764890282131664,
            "MCC": 0.08485391749761494,
            "Confusion Matrix": [
                [
                    611,
                    714
                ],
                [
                    534,
                    881
                ]
            ]
        },
        "Vulnerability Type Metrics": {
            "Using Predicted CWE": {
                "Per Class Metrics": {
                    "Accuracy": {
                        "CWE-22": 0.995985401459854,
                        "CWE-78": 0.9777372262773723,
                        "CWE-79": 0.9693430656934306,
                        "CWE-89": 0.9974452554744525,
                        "CWE-90": 0.9784671532846715,
                        "CWE-327": 0.9131386861313868,
                        "CWE-328": 0.9138686131386862,
                        "CWE-330": 0.8226277372262774,
                        "CWE-501": 0.954014598540146,
                        "CWE-614": 0.9755474452554744,
                        "CWE-643": 0.9872262773722628
                    },
                    "Precision": {
                        "CWE-22": 1.0,
                        "CWE-78": 0.8064516129032258,
                        "CWE-79": 0.9303944315545244,
                        "CWE-89": 1.0,
                        "CWE-90": 0.5,
                        "CWE-327": 1.0,
                        "CWE-328": 0.0,
                        "CWE-330": 1.0,
                        "CWE-501": 0.0,
                        "CWE-614": 0.0,
                        "CWE-643": 0.0
                    },
                    "Recall": {
                        "CWE-22": 0.9589552238805971,
                        "CWE-78": 0.9960159362549801,
                        "CWE-79": 0.8813186813186813,
                        "CWE-89": 0.9861111111111112,
                        "CWE-90": 0.01694915254237288,
                        "CWE-327": 0.032520325203252036,
                        "CWE-328": 0.0,
                        "CWE-330": 0.014198782961460446,
                        "CWE-501": 0.0,
                        "CWE-614": 0.0,
                        "CWE-643": 0.0
                    },
                    "F1-Score": {
                        "CWE-22": 0.979047619047619,
                        "CWE-78": 0.8912655971479501,
                        "CWE-79": 0.9051918735891648,
                        "CWE-89": 0.993006993006993,
                        "CWE-90": 0.03278688524590164,
                        "CWE-327": 0.06299212598425197,
                        "CWE-328": 0.0,
                        "CWE-330": 0.028,
                        "CWE-501": 0.0,
                        "CWE-614": 0.0,
                        "CWE-643": 0.0
                    }
                },
                "Macro Precision": 0.5669860040416137,
                "Macro Recall": 0.353279019388405,
                "Macro F1-Score": 0.35384464491108003,
                "Weighted Precision": 0.7906017595605905,
                "Weighted Recall": 0.5186131386861313,
                "Weighted F1-Score": 0.5217754536383672,
                "MCC": 0.5547124131769864,
                "Cohen Kappa": 0.9201213112013154,
                "Confusion Matrix": [
                    [
                        257,
                        0,
                        0,
                        0,
                        0,
                        0,
                        0,
                        0,
                        0,
                        0,
                        0
                    ],
                    [
                        0,
                        250,
                        0,
                        0,
                        0,
                        0,
                        0,
                        0,
                        0,
                        0,
                        0
                    ],
                    [
                        0,
                        0,
                        401,
                        0,
                        0,
                        0,
                        0,
                        0,
                        0,
                        0,
                        0
                    ],
                    [
                        0,
                        0,
                        0,
                        497,
                        0,
                        0,
                        0,
                        0,
                        0,
                        0,
                        0
                    ],
                    [
                        0,
                        49,
                        3,
                        0,
                        1,
                        0,
                        0,
                        0,
                        0,
                        0,
                        0
                    ],
                    [
                        0,
                        2,
                        1,
                        0,
                        0,
                        8,
                        0,
                        0,
                        0,
                        0,
                        0
                    ],
                    [
                        0,
                        4,
                        8,
                        0,
                        0,
                        0,
                        0,
                        0,
                        0,
                        0,
                        0
                    ],
                    [
                        0,
                        0,
                        0,
                        0,
                        0,
                        0,
                        0,
                        7,
                        0,
                        0,
                        0
                    ],
                    [
                        0,
                        0,
                        0,
                        0,
                        1,
                        0,
                        0,
                        0,
                        0,
                        0,
                        0
                    ],
                    [
                        0,
                        0,
                        18,
                        0,
                        0,
                        0,
                        0,
                        0,
                        0,
                        0,
                        0
                    ],
                    [
                        0,
                        5,
                        0,
                        0,
                        0,
                        0,
                        0,
                        0,
                        0,
                        0,
                        0
                    ]
                ]
            },
            "Using Predicted Vulnerability Name": {
                "Per Class Metrics": {
                    "Accuracy": {
                        "CWE-22": 0.9091240875912409,
                        "CWE-78": 0.8978102189781022,
                        "CWE-79": 0.9686131386861314,
                        "CWE-89": 0.997080291970803,