{
    "qwen2:72b": {
        "Dataset": "owasp",
        "Prompt Type": "simple",
        "Vulnerability Metrics": {
            "Accuracy": 0.6014598540145986,
            "Precision": 0.5884931506849315,
            "Recall": 0.7590106007067138,
            "F1-Score": 0.662962962962963,
            "Youden Index": 0.19221814787652503,
            "ROC-AUC Score": 0.5961090739382625,
            "FPR": 0.5667924528301886,
            "FNR": 0.24098939929328622,
            "Specificity": 0.4332075471698113,
            "NPV": 0.6273224043715847,
            "FDR": 0.4115068493150685,
            "MCC": 0.20367539438014542,
            "Confusion Matrix": [
                [
                    574,
                    751
                ],
                [
                    341,
                    1074
                ]
            ]
        },
        "Vulnerability Type Metrics": {
            "Using Predicted CWE": {
                "Per Class Metrics": {
                    "Accuracy": {
                        "CWE-22": 0.9985401459854014,
                        "CWE-78": 0.9828467153284671,
                        "CWE-79": 0.9868613138686131,
                        "CWE-89": 0.9989051094890511,
                        "CWE-90": 0.983941605839416,
                        "CWE-327": 0.9317518248175183,
                        "CWE-328": 0.9138686131386862,
                        "CWE-330": 0.8583941605839416,
                        "CWE-501": 0.954014598540146,
                        "CWE-614": 0.9773722627737226,
                        "CWE-643": 0.9872262773722628
                    },
                    "Precision": {
                        "CWE-22": 1.0,
                        "CWE-78": 0.8445945945945946,
                        "CWE-79": 0.9929411764705882,
                        "CWE-89": 0.9980119284294234,
                        "CWE-90": 0.8571428571428571,
                        "CWE-327": 1.0,
                        "CWE-328": 0.0,
                        "CWE-330": 1.0,
                        "CWE-501": 0.0,
                        "CWE-614": 1.0,
                        "CWE-643": 0.0
                    },
                    "Recall": {
                        "CWE-22": 0.9850746268656716,
                        "CWE-78": 0.9960159362549801,
                        "CWE-79": 0.9274725274725275,
                        "CWE-89": 0.996031746031746,
                        "CWE-90": 0.3050847457627119,
                        "CWE-327": 0.23983739837398374,
                        "CWE-328": 0.0,
                        "CWE-330": 0.2129817444219067,
                        "CWE-501": 0.0,
                        "CWE-614": 0.07462686567164178,
                        "CWE-643": 0.0
                    },
                    "F1-Score": {
                        "CWE-22": 0.9924812030075187,
                        "CWE-78": 0.9140767824497258,
                        "CWE-79": 0.9590909090909091,
                        "CWE-89": 0.997020854021847,
                        "CWE-90": 0.45,
                        "CWE-327": 0.38688524590163936,
                        "CWE-328": 0.0,
                        "CWE-330": 0.3511705685618729,
                        "CWE-501": 0.0,
                        "CWE-614": 0.1388888888888889,
                        "CWE-643": 0.0
                    }
                },
                "Macro Precision": 0.6993355051488603,
                "Macro Recall": 0.43064778098683365,
                "Macro F1-Score": 0.4717831319929457,
                "Weighted Precision": 0.8362594595026346,
                "Weighted Recall": 0.593065693430657,
                "Weighted F1-Score": 0.6344742792746836,
                "MCC": 0.6177992666229777,
                "Cohen Kappa": 0.9600192229971062,
                "Confusion Matrix": [
                    [
                        264,
                        0,
                        0,
                        0,
                        0,
                        0,
                        0,
                        0,
                        0,
                        0,
                        0
                    ],
                    [
                        0,
                        250,
                        0,
                        0,
                        0,
                        0,
                        0,
                        0,
                        0,
                        0,
                        0
                    ],
                    [
                        0,
                        0,
                        422,
                        0,
                        0,
                        0,
                        0,
                        0,
                        0,
                        0,
                        0
                    ],
                    [
                        0,
                        0,
                        0,
                        502,
                        0,
                        0,
                        0,
                        0,
                        0,
                        0,
                        0
                    ],
                    [
                        0,
                        34,
                        0,
                        1,
                        18,
                        0,
                        0,
                        0,
                        0,
                        0,
                        0
                    ],
                    [
                        0,
                        1,
                        0,
                        0,
                        0,
                        59,
                        0,
                        0,
                        0,
                        0,
                        0
                    ],
                    [
                        0,
                        6,
                        1,
                        0,
                        0,
                        0,
                        0,
                        0,
                        0,
                        0,
                        0
                    ],
                    [
                        0,
                        0,
                        0,
                        0,
                        0,
                        0,
                        0,
                        105,
                        0,
                        0,
                        0
                    ],
                    [
                        0,
                        0,
                        0,
                        0,
                        3,
                        0,
                        0,
                        0,
                        0,
                        0,
                        0
                    ],
                    [
                        0,
                        0,
                        2,
                        0,
                        0,
                        0,
                        0,
                        0,
                        0,
                        5,
                        0
                    ],
                    [
                        0,
                        5,
                        0,
                        0,
                        0,
                        0,
                        0,
                        0,
                        0,
                        0,
                        0
                    ]
                ]
            },
            "Using Predicted Vulnerability Name": {
                "Per Class Metrics": {
                    "Accuracy": {
                        "CWE-22": 0.9105839416058394,
                        "CWE-78": 0.8992700729927007,
                        "CWE-79": 0.9868613138686131,