{
    "psyche/Meta-Llama-3-70B-Instruct-awq": {
        "Vulnerability Metrics": {
            "Accuracy": 0.8571428571428571,
            "Precision": 0.7777777777777778,
            "Recall": 1.0,
            "F1-Score": 0.875,
            "ROC-AUC Score": 0.8571428571428572,
            "Confusion Matrix": [
                [
                    10,
                    4
                ],
                [
                    0,
                    14
                ]
            ],
            "FPR": 0.2857142857142857,
            "FNR": 0.0,
            "Specificity": 0.7142857142857143,
            "NPV": 1.0,
            "FDR": 0.2222222222222222,
            "MCC": 0.7453559924999299
        },
        "Vulnerability Type Metrics": {
            "Using Predicted CWE": {
                "Per Class Metrics": {
                    "Accuracy": {
                        "CWE-78": 0.9642857142857143,
                        "CWE-89": 1.0,
                        "CWE-330": 0.9285714285714286,
                        "CWE-22": 0.9285714285714286,
                        "CWE-328": 0.9285714285714286,
                        "CWE-79": 0.8928571428571429,
                        "CWE-501": 0.9642857142857143,
                        "CWE-327": 0.9285714285714286,
                        "CWE-614": 0.9642857142857143,
                        "CWE-90": 0.9642857142857143
                    },
                    "Precision": {
                        "CWE-78": 1.0,
                        "CWE-89": 1.0,
                        "CWE-330": 1.0,
                        "CWE-22": 1.0,
                        "CWE-328": 0.0,
                        "CWE-79": 0.75,
                        "CWE-501": 0.0,
                        "CWE-327": 0.0,
                        "CWE-614": 0.0,
                        "CWE-90": 0.0
                    },
                    "Recall": {
                        "CWE-78": 0.6666666666666666,
                        "CWE-89": 1.0,
                        "CWE-330": 0.6,
                        "CWE-22": 0.3333333333333333,
                        "CWE-328": 0.0,
                        "CWE-79": 0.6,
                        "CWE-501": 0.0,
                        "CWE-327": 0.0,
                        "CWE-614": 0.0,
                        "CWE-90": 0.0
                    },
                    "F1-Score": {
                        "CWE-78": 0.8,
                        "CWE-89": 1.0,
                        "CWE-330": 0.75,
                        "CWE-22": 0.5,
                        "CWE-328": 0.0,
                        "CWE-79": 0.6666666666666666,
                        "CWE-501": 0.0,
                        "CWE-327": 0.0,
                        "CWE-614": 0.0,
                        "CWE-90": 0.0
                    }
                },
                "Macro Precision": 0.475,
                "Macro Recall": 0.31999999999999995,
                "Macro F1-Score": 0.37166666666666665,
                "Weighted Precision": 0.7053571428571429,
                "Weighted Recall": 0.5,
                "Weighted F1-Score": 0.5708333333333334,
                "MCC": 0.49745319118421066,
                "Cohen Kappa": 0.9137931034482758,
                "Confusion Matrix": [
                    [
                        2,
                        0,
                        0,
                        0,
                        0,
                        0,
                        0,
                        0,
                        0,
                        0
                    ],
                    [
                        0,
                        5,
                        0,
                        0,
                        0,
                        0,
                        0,
                        0,
                        0,
                        0
                    ],
                    [
                        0,
                        0,
                        3,
                        0,
                        0,
                        0,
                        0,
                        0,
                        0,
                        0
                    ],
                    [
                        0,
                        0,
                        0,
                        1,
                        0,
                        0,
                        0,
                        0,
                        0,
                        0
                    ],
                    [
                        0,
                        0,
                        0,
                        0,
                        0,
                        1,
                        0,
                        0,
                        0,
                        0
                    ],
                    [
                        0,
                        0,
                        0,
                        0,
                        0,
                        3,
                        0,
                        0,
                        0,
                        0
                    ],
                    [
                        0,
                        0,
                        0,
                        0,
                        0,
                        0,
                        0,
                        0,
                        0,
                        0
                    ],
                    [
                        0,
                        0,
                        0,
                        0,
                        0,
                        0,
                        0,
                        0,
                        0,
                        0
                    ],
                    [
                        0,
                        0,
                        0,
                        0,
                        0,
                        0,
                        0,
                        0,
                        0,
                        0
                    ],
                    [
                        0,
                        0,
                        0,
                        0,
                        0,
                        0,
                        0,
                        0,
                        0,
                        0
                    ]
                ]
            },
            "Using Predicted Vulnerability Name": {
                "Per Class Metrics": {
                    "Accuracy": {
                        "CWE-78": 0.9642857142857143,
                        "CWE-89": 1.0,
                        "CWE-330": 0.8214285714285714,
                        "CWE-22": 0.8571428571428571,
                        "CWE-328": 0.9285714285714286,
                        "CWE-79": 0.8928571428571429,
                        "CWE-501": 0.9642857142857143,
                        "CWE-327": 0.9285714285714286,
                        "CWE-614": 0.9642857142857143,
                        "CWE-90": 0.9642857142857143
                    },
                    "Precision": {
                        "CWE-78": 1.0,
                        "CWE-89": 1.0,
                        "CWE-330": 0.0,
                        "CWE-22": 0.0,
                        "CWE-328": 0.0,
                        "CWE-79": 0.6666666666666666,
                        "CWE-501": 0.0,
                        "CWE-327": 0.0,
                        "CWE-614": 0.0,
                        "CWE-90": 0.0
                    },
                    "Recall": {
                        "CWE-78": 0.6666666666666666,
                        "CWE-89": 1.0,
                        "CWE-330": 0.0,
                        "CWE-22": 0.0,
                        "CWE-328": 0.0,
                        "CWE-79": 0.8,
                        "CWE-501": 0.0,
                        "CWE-327": 0.0,
                        "CWE-614": 0.0,