{
    "psyche/Meta-Llama-3-70B-Instruct-awq": {
        "Vulnerability Metrics": {
            "Accuracy": 0.5714285714285714,
            "Precision": 0.5384615384615384,
            "Recall": 1.0,
            "F1-Score": 0.7,
            "ROC-AUC Score": 0.5714285714285714,
            "Confusion Matrix": [
                [
                    2,
                    12
                ],
                [
                    0,
                    14
                ]
            ],
            "FPR": 0.8571428571428571,
            "FNR": 0.0,
            "Specificity": 0.14285714285714285,
            "NPV": 1.0,
            "FDR": 0.46153846153846156,
            "MCC": 0.2773500981126146
        },
        "Vulnerability Type Metrics": {
            "Using Predicted CWE": {
                "Per Class Metrics": {
                    "Accuracy": {
                        "CWE-78": 1.0,
                        "CWE-89": 1.0,
                        "CWE-330": 1.0,
                        "CWE-22": 1.0,
                        "CWE-328": 0.9285714285714286,
                        "CWE-79": 0.7857142857142857,
                        "CWE-501": 0.9642857142857143,
                        "CWE-327": 0.9285714285714286,
                        "CWE-614": 0.9642857142857143,
                        "CWE-90": 1.0
                    },
                    "Precision": {
                        "CWE-78": 1.0,
                        "CWE-89": 1.0,
                        "CWE-330": 1.0,
                        "CWE-22": 1.0,
                        "CWE-328": 0.0,
                        "CWE-79": 0.0,
                        "CWE-501": 0.0,
                        "CWE-327": 0.0,
                        "CWE-614": 0.0,
                        "CWE-90": 1.0
                    },
                    "Recall": {
                        "CWE-78": 1.0,
                        "CWE-89": 1.0,
                        "CWE-330": 1.0,
                        "CWE-22": 1.0,
                        "CWE-328": 0.0,
                        "CWE-79": 0.0,
                        "CWE-501": 0.0,
                        "CWE-327": 0.0,
                        "CWE-614": 0.0,
                        "CWE-90": 1.0
                    },
                    "F1-Score": {
                        "CWE-78": 1.0,
                        "CWE-89": 1.0,
                        "CWE-330": 1.0,
                        "CWE-22": 1.0,
                        "CWE-328": 0.0,
                        "CWE-79": 0.0,
                        "CWE-501": 0.0,
                        "CWE-327": 0.0,
                        "CWE-614": 0.0,
                        "CWE-90": 1.0
                    }
                },
                "Macro Precision": 0.5,
                "Macro Recall": 0.5,
                "Macro F1-Score": 0.5,
                "Weighted Precision": 0.6071428571428571,
                "Weighted Recall": 0.6071428571428571,
                "Weighted F1-Score": 0.6071428571428571,
                "MCC": 0.5946849670910083,
                "Cohen Kappa": 0.9294117647058824,
                "Confusion Matrix": [
                    [
                        3,
                        0,
                        0,
                        0,
                        0,
                        0,
                        0,
                        0,
                        0,
                        0
                    ],
                    [
                        0,
                        5,
                        0,
                        0,
                        0,
                        0,
                        0,
                        0,
                        0,
                        0
                    ],
                    [
                        0,
                        0,
                        5,
                        0,
                        0,
                        0,
                        0,
                        0,
                        0,
                        0
                    ],
                    [
                        0,
                        0,
                        0,
                        3,
                        0,
                        0,
                        0,
                        0,
                        0,
                        0
                    ],
                    [
                        0,
                        0,
                        0,
                        0,
                        0,
                        1,
                        0,
                        0,
                        0,
                        0
                    ],
                    [
                        0,
                        0,
                        0,
                        0,
                        0,
                        0,
                        0,
                        0,
                        0,
                        0
                    ],
                    [
                        0,
                        0,
                        0,
                        0,
                        0,
                        0,
                        0,
                        0,
                        0,
                        0
                    ],
                    [
                        0,
                        0,
                        0,
                        0,
                        0,
                        0,
                        0,
                        0,
                        0,
                        0
                    ],
                    [
                        0,
                        0,
                        0,
                        0,
                        0,
                        0,
                        0,
                        0,
                        0,
                        0
                    ],
                    [
                        0,
                        0,
                        0,
                        0,
                        0,
                        0,
                        0,
                        0,
                        0,
                        1
                    ]
                ]
            },
            "Using Predicted Vulnerability Name": {
                "Per Class Metrics": {
                    "Accuracy": {
                        "CWE-78": 1.0,
                        "CWE-89": 0.8214285714285714,
                        "CWE-330": 0.8214285714285714,
                        "CWE-22": 0.8571428571428571,
                        "CWE-328": 0.9285714285714286,
                        "CWE-79": 0.6071428571428571,
                        "CWE-501": 0.9642857142857143,
                        "CWE-327": 0.9285714285714286,
                        "CWE-614": 0.9642857142857143,
                        "CWE-90": 0.9642857142857143
                    },
                    "Precision": {
                        "CWE-78": 1.0,
                        "CWE-89": 0.0,
                        "CWE-330": 0.0,
                        "CWE-22": 0.0,
                        "CWE-328": 0.0,
                        "CWE-79": 0.25,
                        "CWE-501": 0.0,
                        "CWE-327": 0.0,
                        "CWE-614": 0.0,
                        "CWE-90": 0.0
                    },
                    "Recall": {
                        "CWE-78": 1.0,
                        "CWE-89": 0.0,
                        "CWE-330": 0.0,
                        "CWE-22": 0.0,
                        "CWE-328": 0.0,
                        "CWE-79": 0.6,
                        "CWE-501": 0.0,
                        "CWE-327": 0.0,
                        "CWE-614": 0.0,
                        "CWE-90": 0.0
                    },
                    "F1-Score": {
                        "CWE-78": 1.0,