{
    "codellama:70b": {
        "Dataset": "owasp",
        "Prompt Type": "simple",
        "Vulnerability Metrics": {
            "Accuracy": 0.5200729927007299,
            "Precision": 0.5186150409530901,
            "Recall": 0.984452296819788,
            "F1-Score": 0.6793465008534504,
            "Youden Index": 0.00860324021601433,
            "ROC-AUC Score": 0.5043016201080072,
            "FPR": 0.9758490566037736,
            "FNR": 0.015547703180212015,
            "Specificity": 0.024150943396226414,
            "NPV": 0.5925925925925926,
            "FDR": 0.4813849590469099,
            "MCC": 0.030931310758647287,
            "Confusion Matrix": [
                [
                    32,
                    1293
                ],
                [
                    22,
                    1393
                ]
            ]
        },
        "Vulnerability Type Metrics": {
            "Using Predicted CWE": {
                "Per Class Metrics": {
                    "Accuracy": {
                        "CWE-22": 0.92992700729927,
                        "CWE-78": 0.9868613138686131,
                        "CWE-79": 0.8350364963503649,
                        "CWE-89": 0.8726277372262774,
                        "CWE-90": 0.9788321167883212,
                        "CWE-327": 0.8744525547445255,
                        "CWE-328": 0.9138686131386862,
                        "CWE-330": 0.8208029197080292,
                        "CWE-501": 0.954014598540146,
                        "CWE-614": 0.9777372262773723,
                        "CWE-643": 0.9894160583941606
                    },
                    "Precision": {
                        "CWE-22": 0.9634146341463414,
                        "CWE-78": 0.9387755102040817,
                        "CWE-79": 0.5306122448979592,
                        "CWE-89": 0.918918918918919,
                        "CWE-90": 1.0,
                        "CWE-327": 0.3143939393939394,
                        "CWE-328": 0.0,
                        "CWE-330": 1.0,
                        "CWE-501": 0.0,
                        "CWE-614": 1.0,
                        "CWE-643": 1.0
                    },
                    "Recall": {
                        "CWE-22": 0.2947761194029851,
                        "CWE-78": 0.9163346613545816,
                        "CWE-79": 0.05714285714285714,
                        "CWE-89": 0.3373015873015873,
                        "CWE-90": 0.01694915254237288,
                        "CWE-327": 0.33739837398373984,
                        "CWE-328": 0.0,
                        "CWE-330": 0.004056795131845842,
                        "CWE-501": 0.0,
                        "CWE-614": 0.08955223880597014,
                        "CWE-643": 0.17142857142857143
                    },
                    "F1-Score": {
                        "CWE-22": 0.4514285714285714,
                        "CWE-78": 0.9274193548387096,
                        "CWE-79": 0.10317460317460317,
                        "CWE-89": 0.4934687953555878,
                        "CWE-90": 0.03333333333333333,
                        "CWE-327": 0.3254901960784314,
                        "CWE-328": 0.0,
                        "CWE-330": 0.00808080808080808,
                        "CWE-501": 0.0,
                        "CWE-614": 0.1643835616438356,
                        "CWE-643": 0.2926829268292683
                    }
                },
                "Macro Precision": 0.6969195679601128,
                "Macro Recall": 0.20226730519041008,
                "Macro F1-Score": 0.2544965591602862,
                "Weighted Precision": 0.7042818944040363,
                "Weighted Recall": 0.2200729927007299,
                "Weighted F1-Score": 0.27616661564452355,
                "MCC": 0.2812249813665588,
                "Cohen Kappa": 0.6581994866468079,
                "Confusion Matrix": [
                    [
                        79,
                        0,
                        0,
                        0,
                        0,
                        0,
                        0,
                        0,
                        0,
                        0,
                        0
                    ],
                    [
                        0,
                        230,
                        0,
                        0,
                        0,
                        0,
                        0,
                        0,
                        0,
                        0,
                        0
                    ],
                    [
                        0,
                        0,
                        26,
                        5,
                        0,
                        0,
                        0,
                        0,
                        0,
                        0,
                        0
                    ],
                    [
                        0,
                        0,
                        0,
                        170,
                        0,
                        0,
                        0,
                        0,
                        0,
                        0,
                        0
                    ],
                    [
                        2,
                        0,
                        0,
                        1,
                        1,
                        0,
                        0,
                        0,
                        0,
                        0,
                        0
                    ],
                    [
                        0,
                        11,
                        8,
                        0,
                        0,
                        83,
                        0,
                        0,
                        0,
                        0,
                        0
                    ],
                    [
                        1,
                        4,
                        15,
                        3,
                        0,
                        6,
                        0,
                        0,
                        0,
                        0,
                        0
                    ],
                    [
                        0,
                        0,
                        0,
                        0,
                        0,
                        175,
                        0,
                        2,
                        0,
                        0,
                        0
                    ],
                    [
                        0,
                        0,
                        0,
                        6,
                        0,
                        0,
                        0,
                        0,
                        0,
                        0,
                        0
                    ],
                    [
                        0,
                        0,
                        0,
                        0,
                        0,
                        0,
                        0,
                        0,
                        0,
                        6,
                        0
                    ],
                    [
                        0,
                        0,
                        0,
                        0,
                        0,
                        0,
                        0,
                        0,
                        0,
                        0,
                        6
                    ]
                ]
            },
            "Using Predicted Vulnerability Name": {
                "Per Class Metrics": {
                    "Accuracy": {
                        "CWE-22": 0.9021897810218978,
                        "CWE-78": 0.9083941605839416,