{
    "codellama:70b": {
        "Dataset": "owasp",
        "Prompt Type": "chain_of_thought",
        "Vulnerability Metrics": {
            "Accuracy": 0.5142335766423358,
            "Precision": 0.5154867256637168,
            "Recall": 0.9879858657243816,
            "F1-Score": 0.6774897019626848,
            "Youden Index": -0.003712247483165565,
            "ROC-AUC Score": 0.4981438762584172,
            "FPR": 0.9916981132075472,
            "FNR": 0.012014134275618375,
            "Specificity": 0.00830188679245283,
            "NPV": 0.39285714285714285,
            "FDR": 0.48451327433628316,
            "MCC": -0.01844587334338304,
            "Confusion Matrix": [
                [
                    11,
                    1314
                ],
                [
                    17,
                    1398
                ]
            ]
        },
        "Vulnerability Type Metrics": {
            "Using Predicted CWE": {
                "Per Class Metrics": {
                    "Accuracy": {
                        "CWE-22": 0.939051094890511,
                        "CWE-78": 0.9835766423357665,
                        "CWE-79": 0.8405109489051095,
                        "CWE-89": 0.8445255474452554,
                        "CWE-90": 0.9784671532846715,
                        "CWE-327": 0.9010948905109489,
                        "CWE-328": 0.9138686131386862,
                        "CWE-330": 0.8204379562043795,
                        "CWE-501": 0.954014598540146,
                        "CWE-614": 0.9762773722627737,
                        "CWE-643": 0.9905109489051095
                    },
                    "Precision": {
                        "CWE-22": 0.9809523809523809,
                        "CWE-78": 0.8786764705882353,
                        "CWE-79": 0.75,
                        "CWE-89": 0.7166666666666667,
                        "CWE-90": 0.0,
                        "CWE-327": 0.3563218390804598,
                        "CWE-328": 0.0,
                        "CWE-330": 1.0,
                        "CWE-501": 0.0,
                        "CWE-614": 1.0,
                        "CWE-643": 1.0
                    },
                    "Recall": {
                        "CWE-22": 0.3843283582089552,
                        "CWE-78": 0.952191235059761,
                        "CWE-79": 0.05934065934065934,
                        "CWE-89": 0.25595238095238093,
                        "CWE-90": 0.0,
                        "CWE-327": 0.12601626016260162,
                        "CWE-328": 0.0,
                        "CWE-330": 0.002028397565922921,
                        "CWE-501": 0.0,
                        "CWE-614": 0.029850746268656716,
                        "CWE-643": 0.2571428571428571
                    },
                    "F1-Score": {
                        "CWE-22": 0.5522788203753352,
                        "CWE-78": 0.9139579349904398,
                        "CWE-79": 0.109979633401222,
                        "CWE-89": 0.37719298245614036,
                        "CWE-90": 0.0,
                        "CWE-327": 0.18618618618618618,
                        "CWE-328": 0.0,
                        "CWE-330": 0.004048582995951417,
                        "CWE-501": 0.0,
                        "CWE-614": 0.057971014492753624,
                        "CWE-643": 0.4090909090909091
                    }
                },
                "Macro Precision": 0.6075106688443402,
                "Macro Recall": 0.18789553588198135,
                "Macro F1-Score": 0.23733691490808526,
                "Weighted Precision": 0.6819518994987878,
                "Weighted Recall": 0.19744525547445255,
                "Weighted F1-Score": 0.24947450909001573,
                "MCC": 0.27548636685132205,
                "Cohen Kappa": 0.719707292996706,
                "Confusion Matrix": [
                    [
                        103,
                        0,
                        0,
                        0,
                        0,
                        0,
                        0,
                        0,
                        0,
                        0,
                        0
                    ],
                    [
                        0,
                        239,
                        0,
                        0,
                        0,
                        0,
                        0,
                        0,
                        0,
                        0,
                        0
                    ],
                    [
                        0,
                        0,
                        27,
                        12,
                        0,
                        0,
                        0,
                        0,
                        0,
                        0,
                        0
                    ],
                    [
                        0,
                        0,
                        0,
                        129,
                        0,
                        0,
                        0,
                        0,
                        0,
                        0,
                        0
                    ],
                    [
                        1,
                        0,
                        0,
                        1,
                        0,
                        0,
                        0,
                        0,
                        0,
                        0,
                        0
                    ],
                    [
                        0,
                        22,
                        7,
                        3,
                        0,
                        31,
                        0,
                        0,
                        0,
                        0,
                        0
                    ],
                    [
                        1,
                        11,
                        2,
                        22,
                        0,
                        2,
                        0,
                        0,
                        0,
                        0,
                        0
                    ],
                    [
                        0,
                        0,
                        0,
                        0,
                        0,
                        54,
                        0,
                        1,
                        0,
                        0,
                        0
                    ],
                    [
                        0,
                        0,
                        0,
                        13,
                        0,
                        0,
                        0,
                        0,
                        0,
                        0,
                        0
                    ],
                    [
                        0,
                        0,
                        0,
                        0,
                        0,
                        0,
                        0,
                        0,
                        0,
                        2,
                        0
                    ],
                    [
                        0,
                        0,
                        0,
                        0,
                        0,
                        0,
                        0,
                        0,
                        0,
                        0,
                        9
                    ]
                ]
            },
            "Using Predicted Vulnerability Name": {
                "Per Class Metrics": {
                    "Accuracy": {
                        "CWE-22": 0.9029197080291971,
                        "CWE-78": 0.9083941605839416,