{
    "codellama:70b": {
        "Dataset": "owasp",
        "Prompt Type": "vulnerability_specific",
        "Vulnerability Metrics": {
            "Accuracy": 0.537956204379562,
            "Precision": 0.5289770517308441,
            "Recall": 0.9611307420494699,
            "F1-Score": 0.6823883592574009,
            "Youden Index": 0.04716847789852663,
            "ROC-AUC Score": 0.5235842389492633,
            "FPR": 0.9139622641509434,
            "FNR": 0.038869257950530034,
            "Specificity": 0.0860377358490566,
            "NPV": 0.6745562130177515,
            "FDR": 0.47102294826915597,
            "MCC": 0.09798139772379798,
            "Confusion Matrix": [
                [
                    114,
                    1211
                ],
                [
                    55,
                    1360
                ]
            ]
        },
        "Vulnerability Type Metrics": {
            "Using Predicted CWE": {
                "Per Class Metrics": {
                    "Accuracy": {
                        "CWE-22": 0.9171532846715329,
                        "CWE-78": 0.958029197080292,
                        "CWE-79": 0.9817518248175182,
                        "CWE-89": 0.9813868613138687,
                        "CWE-90": 0.9912408759124087,
                        "CWE-327": 0.768978102189781,
                        "CWE-328": 0.891970802919708,
                        "CWE-330": 0.8211678832116789,
                        "CWE-501": 0.9886861313868613,
                        "CWE-614": 0.9868613138686131,
                        "CWE-643": 0.9945255474452555
                    },
                    "Precision": {
                        "CWE-22": 0.5433403805496829,
                        "CWE-78": 0.6910112359550562,
                        "CWE-79": 0.9856115107913669,
                        "CWE-89": 0.9934640522875817,
                        "CWE-90": 1.0,
                        "CWE-327": 0.143646408839779,
                        "CWE-328": 0.016129032258064516,
                        "CWE-330": 1.0,
                        "CWE-501": 1.0,
                        "CWE-614": 0.7719298245614035,
                        "CWE-643": 1.0
                    },
                    "Recall": {
                        "CWE-22": 0.9589552238805971,
                        "CWE-78": 0.9800796812749004,
                        "CWE-79": 0.9032967032967033,
                        "CWE-89": 0.9047619047619048,
                        "CWE-90": 0.5932203389830508,
                        "CWE-327": 0.3170731707317073,
                        "CWE-328": 0.00423728813559322,
                        "CWE-330": 0.006085192697768763,
                        "CWE-501": 0.753968253968254,
                        "CWE-614": 0.6567164179104478,
                        "CWE-643": 0.5714285714285714
                    },
                    "F1-Score": {
                        "CWE-22": 0.6936572199730094,
                        "CWE-78": 0.8105436573311368,
                        "CWE-79": 0.9426605504587156,
                        "CWE-89": 0.9470404984423676,
                        "CWE-90": 0.7446808510638298,
                        "CWE-327": 0.19771863117870722,
                        "CWE-328": 0.006711409395973154,
                        "CWE-330": 0.012096774193548387,
                        "CWE-501": 0.8597285067873304,
                        "CWE-614": 0.7096774193548387,
                        "CWE-643": 0.7272727272727273
                    }
                },
                "Macro Precision": 0.7404665859311759,
                "Macro Recall": 0.6045293406426816,
                "Macro F1-Score": 0.6047080223138349,
                "Weighted Precision": 0.756233915477427,
                "Weighted Recall": 0.6007299270072993,
                "Weighted F1-Score": 0.5755535893433106,
                "MCC": 0.5726507776303005,
                "Cohen Kappa": 0.6082143913010531,
                "Confusion Matrix": [
                    [
                        257,
                        1,
                        0,
                        0,
                        0,
                        0,
                        0,
                        0,
                        0,
                        0,
                        0
                    ],
                    [
                        3,
                        246,
                        0,
                        0,
                        0,
                        0,
                        0,
                        0,
                        0,
                        0,
                        0
                    ],
                    [
                        8,
                        9,
                        411,
                        1,
                        0,
                        0,
                        0,
                        0,
                        0,
                        0,
                        0
                    ],
                    [
                        12,
                        5,
                        3,
                        456,
                        0,
                        11,
                        0,
                        0,
                        0,
                        0,
                        0
                    ],
                    [
                        0,
                        10,
                        0,
                        1,
                        35,
                        4,
                        0,
                        0,
                        0,
                        0,
                        0
                    ],
                    [
                        72,
                        3,
                        0,
                        0,
                        0,
                        78,
                        1,
                        0,
                        0,
                        0,
                        0
                    ],
                    [
                        72,
                        79,
                        0,
                        0,
                        0,
                        66,
                        1,
                        0,
                        0,
                        0,
                        0
                    ],
                    [
                        32,
                        1,
                        1,
                        1,
                        0,
                        366,
                        60,
                        3,
                        0,
                        2,
                        0
                    ],
                    [
                        14,
                        1,
                        0,
                        0,
                        0,
                        3,
                        0,
                        0,
                        95,
                        8,
                        0
                    ],
                    [
                        2,
                        0,
                        0,
                        0,
                        0,
                        11,
                        0,
                        0,
                        0,
                        44,
                        0
                    ],
                    [
                        1,
                        1,
                        2,
                        0,
                        0,
                        4,
                        0,
                        0,
                        0,
                        3,
                        20
                    ]
                ]
            },