{
    "codellama:70b": {
        "Dataset": "owasp",
        "Prompt Type": "few_shot",
        "Vulnerability Metrics": {
            "Accuracy": 0.5204379562043796,
            "Precision": 0.5187523208317861,
            "Recall": 0.9872791519434629,
            "F1-Score": 0.6801363193768257,
            "Youden Index": 0.009165944396293035,
            "ROC-AUC Score": 0.5045829721981466,
            "FPR": 0.9781132075471698,
            "FNR": 0.012720848056537103,
            "Specificity": 0.02188679245283019,
            "NPV": 0.6170212765957447,
            "FDR": 0.48124767916821387,
            "MCC": 0.03527737581659709,
            "Confusion Matrix": [
                [
                    29,
                    1296
                ],
                [
                    18,
                    1397
                ]
            ]
        },
        "Vulnerability Type Metrics": {
            "Using Predicted CWE": {
                "Per Class Metrics": {
                    "Accuracy": {
                        "CWE-22": 0.9226277372262773,
                        "CWE-78": 0.9645985401459855,
                        "CWE-79": 0.833941605839416,
                        "CWE-89": 0.8164233576642336,
                        "CWE-90": 0.9784671532846715,
                        "CWE-327": 0.9098540145985401,
                        "CWE-328": 0.9138686131386862,
                        "CWE-330": 0.82007299270073,
                        "CWE-501": 0.954014598540146,
                        "CWE-614": 0.9755474452554744,
                        "CWE-643": 0.9875912408759124
                    },
                    "Precision": {
                        "CWE-22": 1.0,
                        "CWE-78": 1.0,
                        "CWE-79": 0.0,
                        "CWE-89": 0.5714285714285714,
                        "CWE-90": 0.0,
                        "CWE-327": 0.0,
                        "CWE-328": 0.0,
                        "CWE-330": 0.0,
                        "CWE-501": 0.0,
                        "CWE-614": 0.0,
                        "CWE-643": 1.0
                    },
                    "Recall": {
                        "CWE-22": 0.208955223880597,
                        "CWE-78": 0.6135458167330677,
                        "CWE-79": 0.0,
                        "CWE-89": 0.007936507936507936,
                        "CWE-90": 0.0,
                        "CWE-327": 0.0,
                        "CWE-328": 0.0,
                        "CWE-330": 0.0,
                        "CWE-501": 0.0,
                        "CWE-614": 0.0,
                        "CWE-643": 0.02857142857142857
                    },
                    "F1-Score": {
                        "CWE-22": 0.345679012345679,
                        "CWE-78": 0.7604938271604939,
                        "CWE-79": 0.0,
                        "CWE-89": 0.015655577299412915,
                        "CWE-90": 0.0,
                        "CWE-327": 0.0,
                        "CWE-328": 0.0,
                        "CWE-330": 0.0,
                        "CWE-501": 0.0,
                        "CWE-614": 0.0,
                        "CWE-643": 0.05555555555555555
                    }
                },
                "Macro Precision": 0.3246753246753247,
                "Macro Recall": 0.07809172519287284,
                "Macro F1-Score": 0.10703490657828559,
                "Weighted Precision": 0.3072992700729927,
                "Weighted Recall": 0.07846715328467153,
                "Weighted F1-Score": 0.10706597858732644,
                "MCC": 0.19616106676000084,
                "Cohen Kappa": 0.9584440227703985,
                "Confusion Matrix": [
                    [
                        56,
                        0,
                        0,
                        0,
                        0,
                        0,
                        0,
                        0,
                        0,
                        0,
                        0
                    ],
                    [
                        0,
                        154,
                        0,
                        0,
                        0,
                        0,
                        0,
                        0,
                        0,
                        0,
                        0
                    ],
                    [
                        0,
                        0,
                        0,
                        0,
                        0,
                        0,
                        0,
                        0,
                        0,
                        0,
                        0
                    ],
                    [
                        0,
                        0,
                        0,
                        4,
                        0,
                        0,
                        0,
                        0,
                        0,
                        0,
                        0
                    ],
                    [
                        0,
                        0,
                        0,
                        0,
                        0,
                        0,
                        0,
                        0,
                        0,
                        0,
                        0
                    ],
                    [
                        0,
                        0,
                        0,
                        0,
                        0,
                        0,
                        0,
                        0,
                        0,
                        0,
                        0
                    ],
                    [
                        0,
                        0,
                        0,
                        1,
                        0,
                        0,
                        0,
                        0,
                        0,
                        0,
                        0
                    ],
                    [
                        0,
                        0,
                        0,
                        0,
                        0,
                        1,
                        0,
                        0,
                        0,
                        0,
                        0
                    ],
                    [
                        0,
                        0,
                        0,
                        2,
                        0,
                        0,
                        0,
                        0,
                        0,
                        0,
                        0
                    ],
                    [
                        0,
                        0,
                        0,
                        0,
                        0,
                        0,
                        0,
                        0,
                        0,
                        0,
                        0
                    ],
                    [
                        0,
                        0,
                        0,
                        0,
                        0,
                        0,
                        0,
                        0,
                        0,
                        0,
                        1
                    ]
                ]
            },
            "Using Predicted Vulnerability Name": {
                "Per Class Metrics": {
                    "Accuracy": {
                        "CWE-22": 0.9021897810218978,
                        "CWE-78": 0.9083941605839416,
                        "CWE-79": 0.833941605839416,
                        "CWE-89": 0.8160583941605839,
                        "CWE-90": 0.9784671532846715,
                        "CWE-327": 0.9102189781021898,