{
  "hugging-quants/Meta-Llama-3.1-70B-Instruct-AWQ-INT4": {
    "Dataset": "owasp",
    "Prompt Type": "chain_of_thought",
    "Vulnerability Metrics": {
      "Accuracy": 0.5656934306569343,
      "Precision": 0.5523012552301255,
      "Recall": 0.8395759717314487,
      "F1-Score": 0.6662927650028042,
      "Youden Index": 0.11278351890126004,
      "ROC-AUC Score": 0.55639175945063,
      "FPR": 0.7267924528301887,
      "FNR": 0.16042402826855123,
      "Specificity": 0.2732075471698113,
      "NPV": 0.6146010186757216,
      "FDR": 0.4476987447698745,
      "MCC": 0.13719994811851569,
      "Confusion Matrix": [
        [
          362,
          963
        ],
        [
          227,
          1188
        ]
      ]
    },
    "Vulnerability Type Metrics": {
      "Using Predicted CWE": {
        "Per Class Metrics": {
          "Accuracy": {
            "CWE-22": 0.9835766423357665,
            "CWE-78": 1.0,
            "CWE-79": 0.8288321167883211,
            "CWE-89": 0.7704379562043796,
            "CWE-90": 0.9784671532846715,
            "CWE-327": 0.9102189781021898,
            "CWE-328": 0.9138686131386862,
            "CWE-330": 0.8441605839416059,
            "CWE-501": 0.954014598540146,
            "CWE-614": 0.9755474452554744,
            "CWE-643": 0.9872262773722628
          },
          "Precision": {
            "CWE-22": 1.0,
            "CWE-78": 1.0,
            "CWE-79": 0.0,
            "CWE-89": 0.4427131072410632,
            "CWE-90": 0.0,
            "CWE-327": 0.0,
            "CWE-328": 0.0,
            "CWE-330": 1.0,
            "CWE-501": 0.0,
            "CWE-614": 0.0,
            "CWE-643": 0.0
          },
          "Recall": {
            "CWE-22": 0.832089552238806,
            "CWE-78": 1.0,
            "CWE-79": 0.0,
            "CWE-89": 0.9583333333333334,
            "CWE-90": 0.0,
            "CWE-327": 0.0,
            "CWE-328": 0.0,
            "CWE-330": 0.13387423935091278,
            "CWE-501": 0.0,
            "CWE-614": 0.0,
            "CWE-643": 0.0
          },
          "F1-Score": {
            "CWE-22": 0.9083503054989817,
            "CWE-78": 1.0,
            "CWE-79": 0.0,
            "CWE-89": 0.6056426332288402,
            "CWE-90": 0.0,
            "CWE-327": 0.0,
            "CWE-328": 0.0,
            "CWE-330": 0.23613595706618962,
            "CWE-501": 0.0,
            "CWE-614": 0.0,
            "CWE-643": 0.0
          }
        },
        "Macro Precision": 0.3129739188400966,
        "Macro Recall": 0.26584519317482297,
        "Macro F1-Score": 0.2500117177994556,
        "Weighted Precision": 0.45077642556550945,
        "Weighted Recall": 0.37335766423357664,
        "Weighted F1-Score": 0.3343418962973336,
        "MCC": 0.3660624739538183,
        "Cohen Kappa": 0.5026858724857006,
        "Confusion Matrix": [
          [
            223,
            0,
            0,
            0,
            0,
            0,
            0,
            0,
            0,
            0,
            0
          ],
          [
            0,
            251,
            0,
            0,
            0,
            0,
            0,
            0,
            0,
            0,
            0
          ],
          [
            0,
            0,
            0,
            33,
            0,
            0,
            0,
            0,
            0,
            0,
            0
          ],
          [
            0,
            0,
            0,
            483,
            0,
            0,
            0,
            0,
            0,
            0,
            0
          ],
          [
            0,
            0,
            0,
            59,
            0,
            0,
            0,
            0,
            0,
            0,
            0
          ],
          [
            0,
            0,
            0,
            219,
            0,
            0,
            0,
            0,
            0,
            0,
            0
          ],
          [
            0,
            0,
            0,
            212,
            0,
            0,
            0,
            0,
            0,
            0,
            0
          ],
          [
            0,
            0,
            1,
            61,
            0,
            0,
            0,
            66,
            0,
            0,
            0
          ],
          [
            0,
            0,
            0,
            1,
            0,
            0,
            0,
            0,
            0,
            0,
            0
          ],
          [
            0,
            0,
            2,
            0,
            0,
            0,
            0,
            0,
            0,
            0,
            0
          ],
          [
            0,
            0,
            11,
            23,
            0,
            0,
            0,
            0,
            0,
            0,
            0
          ]
        ]
      },
      "Using Predicted Vulnerability Name": {
        "Per Class Metrics": {
          "Accuracy": {
            "CWE-22": 0.9835766423357665,
            "CWE-78": 1.0,
            "CWE-79": 0.8288321167883211,
            "CWE-89": 0.7671532846715329,
            "CWE-90": 0.9784671532846715,
            "CWE-327": 0.9102189781021898,
            "CWE-328": 0.9138686131386862,
            "CWE-330": 0.82007299270073,
            "CWE-501": 0.954014598540146,
            "CWE-614": 0.9755474452554744,
            "CWE-643": 0.9872262773722628
          },
          "Precision": {
            "CWE-22": 1.0,
            "CWE-78": 1.0,
            "CWE-79": 0.0,
            "CWE-89": 0.4390909090909091,
            "CWE-90": 0.0,
            "CWE-327": 0.0,
            "CWE-328": 0.0,
            "CWE-330": 0.0,
            "CWE-501": 0.0,
            "CWE-614": 0.0,
            "CWE-643": 0.0
          },
          "Recall": {
            "CWE-22": 0.832089552238806,
            "CWE-78": 1.0,
            "CWE-79": 0.0,
            "CWE-89": 0.9583333333333334,
            "CWE-90": 0.0,
            "CWE-327": 0.0,
            "CWE-328": 0.0,
            "CWE-330": 0.0,
            "CWE-501": 0.0,
            "CWE-614": 0.0,
            "CWE-643": 0.0
          },
          "F1-Score": {
            "CWE-22": 0.9083503054989817,
            "CWE-78": 1.0,
            "CWE-79": 0.0,
            "CWE-89": 0.6022443890274314,
            "CWE-90": 0.0,
            "CWE-327": 0.0,
            "CWE-328": 0.0,
            "CWE-330": 0.0,
            "CWE-501": 0.0,
            "CWE-614": 0.0,
            "CWE-643": 0.0
          }
        },
        "Macro Precision": 0.22173553719008263,
        "Macro Recall": 0.2536748077792854,
        "Macro F1-Score": 0.228235881320583,
        "Weighted Precision": 0.2701831453218314,
        "Weighted Recall": 0.34927007299270074,
        "Weighted F1-Score": 0.29122958173122354,
        "MCC": 0.34428537568611783,
        "Cohen Kappa": 0.4661903356514161,