{
  "hugging-quants/Meta-Llama-3.1-70B-Instruct-AWQ-INT4": {
    "Dataset": "owasp",
    "Prompt Type": "chain_of_thought_self_reflection",
    "Vulnerability Metrics": {
      "Accuracy": 0.5569343065693431,
      "Precision": 0.5529783869267264,
      "Recall": 0.7413427561837456,
      "F1-Score": 0.6334541062801933,
      "Youden Index": 0.10134275618374566,
      "ROC-AUC Score": 0.5506713780918728,
      "FPR": 0.64,
      "FNR": 0.25865724381625443,
      "Specificity": 0.36,
      "NPV": 0.5658362989323843,
      "FDR": 0.4470216130732736,
      "MCC": 0.10973152573471393,
      "Confusion Matrix": [
        [
          477,
          848
        ],
        [
          366,
          1049
        ]
      ]
    },
    "Vulnerability Type Metrics": {
      "Using Predicted CWE": {
        "Per Class Metrics": {
          "Accuracy": {
            "CWE-22": 0.9167883211678832,
            "CWE-78": 0.9967153284671533,
            "CWE-79": 0.833941605839416,
            "CWE-89": 0.8795620437956204,
            "CWE-90": 0.9905109489051095,
            "CWE-327": 0.9102189781021898,
            "CWE-328": 0.9138686131386862,
            "CWE-330": 0.8485401459854015,
            "CWE-501": 0.954014598540146,
            "CWE-614": 0.9755474452554744,
            "CWE-643": 0.9945255474452555
          },
          "Precision": {
            "CWE-22": 0.8225806451612904,
            "CWE-78": 0.97265625,
            "CWE-79": 0.5,
            "CWE-89": 0.6246418338108882,
            "CWE-90": 1.0,
            "CWE-327": 0.0,
            "CWE-328": 0.0,
            "CWE-330": 1.0,
            "CWE-501": 0.0,
            "CWE-614": 0.0,
            "CWE-643": 1.0
          },
          "Recall": {
            "CWE-22": 0.19029850746268656,
            "CWE-78": 0.9920318725099602,
            "CWE-79": 0.07472527472527472,
            "CWE-89": 0.8650793650793651,
            "CWE-90": 0.559322033898305,
            "CWE-327": 0.0,
            "CWE-328": 0.0,
            "CWE-330": 0.15821501014198783,
            "CWE-501": 0.0,
            "CWE-614": 0.0,
            "CWE-643": 0.5714285714285714
          },
          "F1-Score": {
            "CWE-22": 0.3090909090909091,
            "CWE-78": 0.9822485207100592,
            "CWE-79": 0.13001912045889102,
            "CWE-89": 0.7254575707154742,
            "CWE-90": 0.717391304347826,
            "CWE-327": 0.0,
            "CWE-328": 0.0,
            "CWE-330": 0.2732049036777583,
            "CWE-501": 0.0,
            "CWE-614": 0.0,
            "CWE-643": 0.7272727272727273
          }
        },
        "Macro Precision": 0.5381707935429254,
        "Macro Recall": 0.3101000577496501,
        "Macro F1-Score": 0.3513350051157859,
        "Weighted Precision": 0.5817181809831801,
        "Weighted Recall": 0.3288321167883212,
        "Weighted F1-Score": 0.3491389444190456,
        "MCC": 0.35791358554922154,
        "Cohen Kappa": 0.6475228388126775,
        "Confusion Matrix": [
          [
            51,
            0,
            0,
            0,
            0,
            0,
            0,
            0,
            0,
            0,
            0
          ],
          [
            0,
            249,
            0,
            0,
            0,
            0,
            0,
            0,
            0,
            0,
            0
          ],
          [
            0,
            0,
            34,
            123,
            0,
            0,
            0,
            0,
            0,
            0,
            0
          ],
          [
            0,
            0,
            0,
            436,
            0,
            0,
            0,
            0,
            0,
            0,
            0
          ],
          [
            0,
            0,
            0,
            26,
            33,
            0,
            0,
            0,
            0,
            0,
            0
          ],
          [
            5,
            0,
            0,
            34,
            0,
            0,
            0,
            0,
            0,
            0,
            0
          ],
          [
            6,
            7,
            0,
            23,
            0,
            0,
            0,
            0,
            0,
            0,
            0
          ],
          [
            0,
            0,
            4,
            38,
            0,
            0,
            0,
            78,
            0,
            0,
            0
          ],
          [
            0,
            0,
            2,
            16,
            0,
            0,
            0,
            0,
            0,
            0,
            0
          ],
          [
            0,
            0,
            18,
            0,
            0,
            0,
            0,
            0,
            0,
            0,
            0
          ],
          [
            0,
            0,
            10,
            2,
            0,
            0,
            0,
            0,
            0,
            0,
            20
          ]
        ]
      },
      "Using Predicted Vulnerability Name": {
        "Per Class Metrics": {
          "Accuracy": {
            "CWE-22": 0.9167883211678832,
            "CWE-78": 0.9967153284671533,
            "CWE-79": 0.8343065693430657,
            "CWE-89": 0.8788321167883212,
            "CWE-90": 0.9905109489051095,
            "CWE-327": 0.9102189781021898,
            "CWE-328": 0.9138686131386862,
            "CWE-330": 0.82007299270073,
            "CWE-501": 0.954014598540146,
            "CWE-614": 0.9755474452554744,
            "CWE-643": 0.9945255474452555
          },
          "Precision": {
            "CWE-22": 0.8225806451612904,
            "CWE-78": 0.97265625,
            "CWE-79": 0.5072463768115942,
            "CWE-89": 0.6228571428571429,
            "CWE-90": 1.0,
            "CWE-327": 0.0,
            "CWE-328": 0.0,
            "CWE-330": 0.0,
            "CWE-501": 0.0,
            "CWE-614": 0.0,
            "CWE-643": 1.0
          },
          "Recall": {
            "CWE-22": 0.19029850746268656,
            "CWE-78": 0.9920318725099602,
            "CWE-79": 0.07692307692307693,
            "CWE-89": 0.8650793650793651,
            "CWE-90": 0.559322033898305,
            "CWE-327": 0.0,
            "CWE-328": 0.0,
            "CWE-330": 0.0,
            "CWE-501": 0.0,
            "CWE-614": 0.0,
            "CWE-643": 0.5714285714285714
          },
          "F1-Score": {
            "CWE-22": 0.3090909090909091,
            "CWE-78": 0.9822485207100592,
            "CWE-79": 0.13358778625954199,
            "CWE-89": 0.7242524916943521,
            "CWE-90": 0.717391304347826,
            "CWE-327": 0.0,
            "CWE-328": 0.0,
            "CWE-330": 0.0,
            "CWE-501": 0.0,
            "CWE-614": 0.0,
            "CWE-643": 0.7272727272727273
          }
        },
        "Macro Precision": 0.4477582195300025,
        "Macro Recall": 0.29591667520926956,
        "Macro F1-Score": 0.3267130672159469,
        "Weighted Precision": 0.40266621646076683,
        "Weighted Recall": 0.3007299270072993,
        "Weighted F1-Score": 0.3003529464626645,
        "MCC": 0.3347027737018862,
        "Cohen Kappa": 0.6058069719116677,