{
  "hugging-quants/Meta-Llama-3.1-70B-Instruct-AWQ-INT4": {
    "Dataset": "owasp",
    "Prompt Type": "few_shot_self_reflection",
    "Vulnerability Metrics": {
      "Accuracy": 0.5846715328467154,
      "Precision": 0.5826865671641791,
      "Recall": 0.6897526501766784,
      "F1-Score": 0.6317152103559871,
      "Youden Index": 0.16220548036535765,
      "ROC-AUC Score": 0.5811027401826788,
      "FPR": 0.5275471698113208,
      "FNR": 0.3102473498233215,
      "Specificity": 0.47245283018867923,
      "NPV": 0.5877934272300469,
      "FDR": 0.4173134328358209,
      "MCC": 0.16629127873523292,
      "Confusion Matrix": [
        [
          626,
          699
        ],
        [
          439,
          976
        ]
      ]
    },
    "Vulnerability Type Metrics": {
      "Using Predicted CWE": {
        "Per Class Metrics": {
          "Accuracy": {
            "CWE-22": 0.9361313868613139,
            "CWE-78": 0.9952554744525547,
            "CWE-79": 0.8328467153284671,
            "CWE-89": 0.7733576642335767,
            "CWE-90": 0.9854014598540146,
            "CWE-327": 0.9076642335766424,
            "CWE-328": 0.9138686131386862,
            "CWE-330": 0.8821167883211679,
            "CWE-501": 0.954014598540146,
            "CWE-614": 0.9755474452554744,
            "CWE-643": 0.9978102189781022
          },
          "Precision": {
            "CWE-22": 1.0,
            "CWE-78": 1.0,
            "CWE-79": 0.4666666666666667,
            "CWE-89": 0.37938144329896906,
            "CWE-90": 1.0,
            "CWE-327": 0.0,
            "CWE-328": 0.0,
            "CWE-330": 1.0,
            "CWE-501": 0.0,
            "CWE-614": 0.0,
            "CWE-643": 1.0
          },
          "Recall": {
            "CWE-22": 0.34701492537313433,
            "CWE-78": 0.9482071713147411,
            "CWE-79": 0.046153846153846156,
            "CWE-89": 0.36507936507936506,
            "CWE-90": 0.3220338983050847,
            "CWE-327": 0.0,
            "CWE-328": 0.0,
            "CWE-330": 0.3448275862068966,
            "CWE-501": 0.0,
            "CWE-614": 0.0,
            "CWE-643": 0.8285714285714286
          },
          "F1-Score": {
            "CWE-22": 0.5152354570637119,
            "CWE-78": 0.9734151329243353,
            "CWE-79": 0.084,
            "CWE-89": 0.37209302325581395,
            "CWE-90": 0.48717948717948717,
            "CWE-327": 0.0,
            "CWE-328": 0.0,
            "CWE-330": 0.5128205128205128,
            "CWE-501": 0.0,
            "CWE-614": 0.0,
            "CWE-643": 0.90625
          }
        },
        "Macro Precision": 0.5314589190877851,
        "Macro Recall": 0.2910807473640451,
        "Macro F1-Score": 0.3500903284767146,
        "Weighted Precision": 0.5509275842175233,
        "Weighted Recall": 0.2751824817518248,
        "Weighted F1-Score": 0.33629490406646556,
        "MCC": 0.30256803812901784,
        "Cohen Kappa": 0.6351703726189573,
        "Confusion Matrix": [
          [
            93,
            0,
            0,
            0,
            0,
            0,
            0,
            0,
            0,
            0,
            0
          ],
          [
            0,
            238,
            0,
            0,
            0,
            0,
            0,
            0,
            0,
            0,
            0
          ],
          [
            0,
            0,
            21,
            2,
            0,
            0,
            0,
            0,
            0,
            0,
            0
          ],
          [
            0,
            0,
            0,
            184,
            0,
            0,
            0,
            0,
            0,
            0,
            0
          ],
          [
            0,
            0,
            0,
            19,
            19,
            0,
            0,
            0,
            0,
            0,
            0
          ],
          [
            0,
            0,
            0,
            136,
            0,
            0,
            0,
            0,
            0,
            0,
            0
          ],
          [
            0,
            0,
            0,
            120,
            0,
            7,
            0,
            0,
            0,
            0,
            0
          ],
          [
            0,
            0,
            2,
            22,
            0,
            0,
            0,
            170,
            0,
            0,
            0
          ],
          [
            0,
            0,
            0,
            2,
            0,
            0,
            0,
            0,
            0,
            0,
            0
          ],
          [
            0,
            0,
            20,
            0,
            0,
            0,
            0,
            0,
            0,
            0,
            0
          ],
          [
            0,
            0,
            2,
            0,
            0,
            0,
            0,
            0,
            0,
            0,
            29
          ]
        ]
      },
      "Using Predicted Vulnerability Name": {
        "Per Class Metrics": {
          "Accuracy": {
            "CWE-22": 0.9361313868613139,
            "CWE-78": 0.9952554744525547,
            "CWE-79": 0.8343065693430657,
            "CWE-89": 0.7733576642335767,
            "CWE-90": 0.9854014598540146,
            "CWE-327": 0.9102189781021898,
            "CWE-328": 0.9138686131386862,
            "CWE-330": 0.82007299270073,
            "CWE-501": 0.954014598540146,
            "CWE-614": 0.9755474452554744,
            "CWE-643": 0.9978102189781022
          },
          "Precision": {
            "CWE-22": 1.0,
            "CWE-78": 1.0,
            "CWE-79": 0.5102040816326531,
            "CWE-89": 0.37938144329896906,
            "CWE-90": 1.0,
            "CWE-327": 0.0,
            "CWE-328": 0.0,
            "CWE-330": 0.0,
            "CWE-501": 0.0,
            "CWE-614": 0.0,
            "CWE-643": 1.0
          },
          "Recall": {
            "CWE-22": 0.34701492537313433,
            "CWE-78": 0.9482071713147411,
            "CWE-79": 0.054945054945054944,
            "CWE-89": 0.36507936507936506,
            "CWE-90": 0.3220338983050847,
            "CWE-327": 0.0,
            "CWE-328": 0.0,
            "CWE-330": 0.0,
            "CWE-501": 0.0,
            "CWE-614": 0.0,
            "CWE-643": 0.8285714285714286
          },
          "F1-Score": {
            "CWE-22": 0.5152354570637119,
            "CWE-78": 0.9734151329243353,
            "CWE-79": 0.0992063492063492,
            "CWE-89": 0.37209302325581395,
            "CWE-90": 0.48717948717948717,
            "CWE-327": 0.0,
            "CWE-328": 0.0,
            "CWE-330": 0.0,
            "CWE-501": 0.0,
            "CWE-614": 0.0,
            "CWE-643": 0.90625
          }
        },
        "Macro Precision": 0.4445077749937838,
        "Macro Recall": 0.2605319857808008,
        "Macro F1-Score": 0.3048526772390634,
        "Weighted Precision": 0.37823033013340784,
        "Weighted Recall": 0.2145985401459854,
        "Weighted F1-Score": 0.24654978584324516,
        "MCC": 0.25035842550645204,
        "Cohen Kappa": 0.5611174218893287,