{
  "hugging-quants/Meta-Llama-3.1-70B-Instruct-AWQ-INT4": {
    "Dataset": "owasp",
    "Prompt Type": "vulnerability_specific",
    "Vulnerability Metrics": {
      "Accuracy": 0.5832116788321168,
      "Precision": 0.5559197050389185,
      "Recall": 0.9590106007067137,
      "F1-Score": 0.703838174273859,
      "Youden Index": 0.14089739315954386,
      "ROC-AUC Score": 0.5704486965797719,
      "FPR": 0.8181132075471698,
      "FNR": 0.04098939929328622,
      "Specificity": 0.18188679245283018,
      "NPV": 0.8060200668896321,
      "FDR": 0.44408029496108153,
      "MCC": 0.22582375947958325,
      "Confusion Matrix": [
        [
          241,
          1084
        ],
        [
          58,
          1357
        ]
      ]
    },
    "Vulnerability Type Metrics": {
      "Using Predicted CWE": {
        "Per Class Metrics": {
          "Accuracy": {
            "CWE-22": 0.9967153284671533,
            "CWE-78": 1.0,
            "CWE-79": 0.9244525547445256,
            "CWE-89": 0.9919708029197081,
            "CWE-90": 1.0,
            "CWE-327": 0.9551094890510949,
            "CWE-328": 0.9368613138686132,
            "CWE-330": 0.9638686131386861,
            "CWE-501": 0.9536496350364964,
            "CWE-614": 0.9828467153284671,
            "CWE-643": 1.0
          },
          "Precision": {
            "CWE-22": 0.977859778597786,
            "CWE-78": 1.0,
            "CWE-79": 0.7672413793103449,
            "CWE-89": 0.9581749049429658,
            "CWE-90": 1.0,
            "CWE-327": 0.6846846846846847,
            "CWE-328": 1.0,
            "CWE-330": 0.9900497512437811,
            "CWE-501": 0.0,
            "CWE-614": 0.7777777777777778,
            "CWE-643": 1.0
          },
          "Recall": {
            "CWE-22": 0.9888059701492538,
            "CWE-78": 1.0,
            "CWE-79": 0.7824175824175824,
            "CWE-89": 1.0,
            "CWE-90": 1.0,
            "CWE-327": 0.926829268292683,
            "CWE-328": 0.2669491525423729,
            "CWE-330": 0.8073022312373225,
            "CWE-501": 0.0,
            "CWE-614": 0.417910447761194,
            "CWE-643": 1.0
          },
          "F1-Score": {
            "CWE-22": 0.9833024118738405,
            "CWE-78": 1.0,
            "CWE-79": 0.7747551686615887,
            "CWE-89": 0.9786407766990292,
            "CWE-90": 1.0,
            "CWE-327": 0.7875647668393783,
            "CWE-328": 0.4214046822742475,
            "CWE-330": 0.8893854748603351,
            "CWE-501": 0.0,
            "CWE-614": 0.5436893203883495,
            "CWE-643": 1.0
          }
        },
        "Macro Precision": 0.83234438877794,
        "Macro Recall": 0.7445649684000372,
        "Macro F1-Score": 0.7617038728724336,
        "Weighted Precision": 0.8699706099446701,
        "Weighted Recall": 0.7981751824817518,
        "Weighted F1-Score": 0.8110803871572616,
        "MCC": 0.7791983637226354,
        "Cohen Kappa": 0.8791473217409643,
        "Confusion Matrix": [
          [
            265,
            0,
            0,
            0,
            0,
            0,
            0,
            0,
            0,
            0,
            0
          ],
          [
            0,
            251,
            0,
            0,
            0,
            0,
            0,
            0,
            0,
            0,
            0
          ],
          [
            0,
            0,
            356,
            1,
            0,
            0,
            0,
            0,
            0,
            0,
            0
          ],
          [
            0,
            0,
            0,
            504,
            0,
            0,
            0,
            0,
            0,
            0,
            0
          ],
          [
            0,
            0,
            0,
            0,
            59,
            0,
            0,
            0,
            0,
            0,
            0
          ],
          [
            0,
            0,
            3,
            0,
            0,
            228,
            0,
            4,
            0,
            0,
            0
          ],
          [
            0,
            0,
            43,
            16,
            0,
            103,
            63,
            0,
            0,
            0,
            0
          ],
          [
            0,
            0,
            2,
            1,
            0,
            2,
            0,
            398,
            1,
            4,
            0
          ],
          [
            6,
            0,
            50,
            4,
            0,
            0,
            0,
            0,
            0,
            4,
            0
          ],
          [
            0,
            0,
            10,
            0,
            0,
            0,
            0,
            0,
            0,
            28,
            0
          ],
          [
            0,
            0,
            0,
            0,
            0,
            0,
            0,
            0,
            0,
            0,
            35
          ]
        ]
      },
      "Using Predicted Vulnerability Name": {
        "Per Class Metrics": {
          "Accuracy": {
            "CWE-22": 0.9967153284671533,
            "CWE-78": 1.0,
            "CWE-79": 0.9244525547445256,
            "CWE-89": 0.9919708029197081,
            "CWE-90": 1.0,
            "CWE-327": 0.9102189781021898,
            "CWE-328": 0.9368613138686132,
            "CWE-330": 0.958029197080292,
            "CWE-501": 0.9536496350364964,
            "CWE-614": 0.9828467153284671,
            "CWE-643": 1.0
          },
          "Precision": {
            "CWE-22": 0.977859778597786,
            "CWE-78": 1.0,
            "CWE-79": 0.7672413793103449,
            "CWE-89": 0.9581749049429658,
            "CWE-90": 1.0,
            "CWE-327": 0.0,
            "CWE-328": 1.0,
            "CWE-330": 1.0,
            "CWE-501": 0.0,
            "CWE-614": 0.7777777777777778,
            "CWE-643": 1.0
          },
          "Recall": {
            "CWE-22": 0.9888059701492538,
            "CWE-78": 1.0,
            "CWE-79": 0.7824175824175824,
            "CWE-89": 1.0,
            "CWE-90": 1.0,
            "CWE-327": 0.0,
            "CWE-328": 0.2669491525423729,
            "CWE-330": 0.7667342799188641,
            "CWE-501": 0.0,
            "CWE-614": 0.417910447761194,
            "CWE-643": 1.0
          },
          "F1-Score": {
            "CWE-22": 0.9833024118738405,
            "CWE-78": 1.0,
            "CWE-79": 0.7747551686615887,
            "CWE-89": 0.9786407766990292,
            "CWE-90": 1.0,
            "CWE-327": 0.0,
            "CWE-328": 0.4214046822742475,
            "CWE-330": 0.8679678530424799,
            "CWE-501": 0.0,
            "CWE-614": 0.5436893203883495,
            "CWE-643": 1.0
          }
        },
        "Macro Precision": 0.7710048946026249,
        "Macro Recall": 0.6566197666172061,
        "Macro F1-Score": 0.6881600193581395,
        "Weighted Precision": 0.8102892377564889,
        "Weighted Recall": 0.7076642335766423,
        "Weighted F1-Score": 0.7365184089825574,
        "MCC": 0.7007929375234477,
        "Cohen Kappa": 0.9164730844202871,