{
  "hugging-quants/Meta-Llama-3.1-70B-Instruct-AWQ-INT4": {
    "Dataset": "owasp",
    "Prompt Type": "simple_self_reflection",
    "Vulnerability Metrics": {
      "Accuracy": 0.5996350364963504,
      "Precision": 0.5814549180327869,
      "Recall": 0.8021201413427562,
      "F1-Score": 0.6741906741906742,
      "Youden Index": 0.18551636775785063,
      "ROC-AUC Score": 0.5927581838789253,
      "FPR": 0.6166037735849057,
      "FNR": 0.1978798586572438,
      "Specificity": 0.38339622641509435,
      "NPV": 0.6446700507614214,
      "FDR": 0.41854508196721313,
      "MCC": 0.20481670554439352,
      "Confusion Matrix": [
        [
          508,
          817
        ],
        [
          280,
          1135
        ]
      ]
    },
    "Vulnerability Type Metrics": {
      "Using Predicted CWE": {
        "Per Class Metrics": {
          "Accuracy": {
            "CWE-22": 0.92007299270073,
            "CWE-78": 0.9992700729927008,
            "CWE-79": 0.8397810218978102,
            "CWE-89": 0.927007299270073,
            "CWE-90": 0.9890510948905109,
            "CWE-327": 0.891970802919708,
            "CWE-328": 0.9138686131386862,
            "CWE-330": 0.9313868613138686,
            "CWE-501": 0.954014598540146,
            "CWE-614": 0.9755474452554744,
            "CWE-643": 0.9912408759124087
          },
          "Precision": {
            "CWE-22": 1.0,
            "CWE-78": 0.9960159362549801,
            "CWE-79": 0.6739130434782609,
            "CWE-89": 0.7657342657342657,
            "CWE-90": 1.0,
            "CWE-327": 0.1794871794871795,
            "CWE-328": 0.0,
            "CWE-330": 1.0,
            "CWE-501": 0.0,
            "CWE-614": 0.0,
            "CWE-643": 1.0
          },
          "Recall": {
            "CWE-22": 0.1828358208955224,
            "CWE-78": 0.9960159362549801,
            "CWE-79": 0.06813186813186813,
            "CWE-89": 0.8690476190476191,
            "CWE-90": 0.4915254237288136,
            "CWE-327": 0.056910569105691054,
            "CWE-328": 0.0,
            "CWE-330": 0.6186612576064908,
            "CWE-501": 0.0,
            "CWE-614": 0.0,
            "CWE-643": 0.3142857142857143
          },
          "F1-Score": {
            "CWE-22": 0.30914826498422715,
            "CWE-78": 0.9960159362549801,
            "CWE-79": 0.12375249500998003,
            "CWE-89": 0.8141263940520446,
            "CWE-90": 0.6590909090909091,
            "CWE-327": 0.08641975308641975,
            "CWE-328": 0.0,
            "CWE-330": 0.7644110275689223,
            "CWE-501": 0.0,
            "CWE-614": 0.0,
            "CWE-643": 0.4782608695652174
          }
        },
        "Macro Precision": 0.601377311359517,
        "Macro Recall": 0.32703765536879087,
        "Macro F1-Score": 0.38465687723751824,
        "Weighted Precision": 0.6721585222140601,
        "Weighted Recall": 0.4113138686131387,
        "Weighted F1-Score": 0.4573789097698644,
        "MCC": 0.4405863763294998,
        "Cohen Kappa": 0.7920865462011785,
        "Confusion Matrix": [
          [
            49,
            0,
            0,
            5,
            0,
            0,
            0,
            0,
            0,
            0,
            0
          ],
          [
            0,
            250,
            0,
            0,
            0,
            0,
            0,
            0,
            0,
            0,
            0
          ],
          [
            0,
            0,
            31,
            60,
            0,
            0,
            0,
            0,
            0,
            0,
            0
          ],
          [
            0,
            0,
            0,
            438,
            0,
            0,
            0,
            0,
            0,
            0,
            0
          ],
          [
            0,
            0,
            0,
            30,
            29,
            0,
            0,
            0,
            0,
            0,
            0
          ],
          [
            0,
            0,
            0,
            16,
            0,
            14,
            0,
            0,
            0,
            0,
            0
          ],
          [
            0,
            1,
            0,
            19,
            0,
            64,
            0,
            0,
            0,
            0,
            0
          ],
          [
            0,
            0,
            1,
            1,
            0,
            0,
            0,
            305,
            0,
            0,
            0
          ],
          [
            0,
            0,
            0,
            0,
            0,
            0,
            0,
            0,
            0,
            0,
            0
          ],
          [
            0,
            0,
            8,
            0,
            0,
            0,
            0,
            0,
            0,
            0,
            0
          ],
          [
            0,
            0,
            6,
            3,
            0,
            0,
            0,
            0,
            0,
            0,
            11
          ]
        ]
      },
      "Using Predicted Vulnerability Name": {
        "Per Class Metrics": {
          "Accuracy": {
            "CWE-22": 0.92007299270073,
            "CWE-78": 0.9992700729927008,
            "CWE-79": 0.8401459854014599,
            "CWE-89": 0.9262773722627737,
            "CWE-90": 0.987956204379562,
            "CWE-327": 0.9102189781021898,
            "CWE-328": 0.9138686131386862,
            "CWE-330": 0.82007299270073,
            "CWE-501": 0.954014598540146,
            "CWE-614": 0.9755474452554744,
            "CWE-643": 0.9912408759124087
          },
          "Precision": {
            "CWE-22": 1.0,
            "CWE-78": 0.9960159362549801,
            "CWE-79": 0.6808510638297872,
            "CWE-89": 0.7630662020905923,
            "CWE-90": 1.0,
            "CWE-327": 0.0,
            "CWE-328": 0.0,
            "CWE-330": 0.0,
            "CWE-501": 0.0,
            "CWE-614": 0.0,
            "CWE-643": 1.0
          },
          "Recall": {
            "CWE-22": 0.1828358208955224,
            "CWE-78": 0.9960159362549801,
            "CWE-79": 0.07032967032967033,
            "CWE-89": 0.8690476190476191,
            "CWE-90": 0.4406779661016949,
            "CWE-327": 0.0,
            "CWE-328": 0.0,
            "CWE-330": 0.0,
            "CWE-501": 0.0,
            "CWE-614": 0.0,
            "CWE-643": 0.3142857142857143
          },
          "F1-Score": {
            "CWE-22": 0.30914826498422715,
            "CWE-78": 0.9960159362549801,
            "CWE-79": 0.12749003984063745,
            "CWE-89": 0.8126159554730983,
            "CWE-90": 0.611764705882353,
            "CWE-327": 0.0,
            "CWE-328": 0.0,
            "CWE-330": 0.0,
            "CWE-501": 0.0,
            "CWE-614": 0.0,
            "CWE-643": 0.4782608695652174
          }
        },
        "Macro Precision": 0.4945393820159417,
        "Macro Recall": 0.26119933881047286,
        "Macro F1-Score": 0.3032087065455012,
        "Weighted Precision": 0.4767783211300043,
        "Weighted Recall": 0.2941605839416058,
        "Weighted F1-Score": 0.31140561780421383,
        "MCC": 0.3590901646727201,
        "Cohen Kappa": 0.7552104521721005,