{
  "hugging-quants/Meta-Llama-3.1-70B-Instruct-AWQ-INT4": {
    "Dataset": "owasp",
    "Prompt Type": "simple",
    "Vulnerability Metrics": {
      "Accuracy": 0.5791970802919708,
      "Precision": 0.5589028776978417,
      "Recall": 0.8784452296819788,
      "F1-Score": 0.683154712833196,
      "Youden Index": 0.13806787119141273,
      "ROC-AUC Score": 0.5690339355957064,
      "FPR": 0.7403773584905661,
      "FNR": 0.1215547703180212,
      "Specificity": 0.259622641509434,
      "NPV": 0.6666666666666666,
      "FDR": 0.44109712230215825,
      "MCC": 0.17647636327855526,
      "Confusion Matrix": [
        [
          344,
          981
        ],
        [
          172,
          1243
        ]
      ]
    },
    "Vulnerability Type Metrics": {
      "Using Predicted CWE": {
        "Per Class Metrics": {
          "Accuracy": {
            "CWE-22": 0.9781021897810219,
            "CWE-78": 1.0,
            "CWE-79": 0.8237226277372263,
            "CWE-89": 0.8660583941605839,
            "CWE-90": 0.9784671532846715,
            "CWE-327": 0.8912408759124087,
            "CWE-328": 0.9142335766423357,
            "CWE-330": 0.954014598540146,
            "CWE-501": 0.954014598540146,
            "CWE-614": 0.9755474452554744,
            "CWE-643": 0.9875912408759124
          },
          "Precision": {
            "CWE-22": 1.0,
            "CWE-78": 1.0,
            "CWE-79": 0.0,
            "CWE-89": 0.5812574139976275,
            "CWE-90": 0.0,
            "CWE-327": 0.0,
            "CWE-328": 1.0,
            "CWE-330": 1.0,
            "CWE-501": 0.0,
            "CWE-614": 0.0,
            "CWE-643": 1.0
          },
          "Recall": {
            "CWE-22": 0.7761194029850746,
            "CWE-78": 1.0,
            "CWE-79": 0.0,
            "CWE-89": 0.9722222222222222,
            "CWE-90": 0.0,
            "CWE-327": 0.0,
            "CWE-328": 0.00423728813559322,
            "CWE-330": 0.744421906693712,
            "CWE-501": 0.0,
            "CWE-614": 0.0,
            "CWE-643": 0.02857142857142857
          },
          "F1-Score": {
            "CWE-22": 0.8739495798319328,
            "CWE-78": 1.0,
            "CWE-79": 0.0,
            "CWE-89": 0.7275426874536006,
            "CWE-90": 0.0,
            "CWE-327": 0.0,
            "CWE-328": 0.008438818565400843,
            "CWE-330": 0.8534883720930233,
            "CWE-501": 0.0,
            "CWE-614": 0.0,
            "CWE-643": 0.05555555555555555
          }
        },
        "Macro Precision": 0.507387037636148,
        "Macro Recall": 0.3205065680552755,
        "Macro F1-Score": 0.31990681940904664,
        "Weighted Precision": 0.5751655973192716,
        "Weighted Recall": 0.481021897810219,
        "Weighted F1-Score": 0.4659145164012088,
        "MCC": 0.4742905294253155,
        "Cohen Kappa": 0.684664065287897,
        "Confusion Matrix": [
          [
            208,
            0,
            0,
            1,
            0,
            0,
            0,
            0,
            0,
            0,
            0
          ],
          [
            0,
            251,
            0,
            0,
            0,
            0,
            0,
            0,
            0,
            0,
            0
          ],
          [
            0,
            0,
            0,
            32,
            0,
            0,
            0,
            0,
            0,
            0,
            0
          ],
          [
            0,
            0,
            0,
            490,
            0,
            0,
            0,
            0,
            0,
            0,
            0
          ],
          [
            0,
            0,
            0,
            59,
            0,
            0,
            0,
            0,
            0,
            0,
            0
          ],
          [
            0,
            0,
            0,
            121,
            0,
            0,
            0,
            0,
            0,
            0,
            0
          ],
          [
            0,
            0,
            0,
            129,
            0,
            52,
            1,
            0,
            0,
            0,
            0
          ],
          [
            0,
            0,
            0,
            0,
            0,
            0,
            0,
            367,
            0,
            0,
            0
          ],
          [
            0,
            0,
            0,
            1,
            0,
            0,
            0,
            0,
            0,
            0,
            0
          ],
          [
            0,
            0,
            6,
            0,
            0,
            0,
            0,
            0,
            0,
            0,
            0
          ],
          [
            0,
            0,
            22,
            10,
            0,
            0,
            0,
            0,
            0,
            0,
            1
          ]
        ]
      },
      "Using Predicted Vulnerability Name": {
        "Per Class Metrics": {
          "Accuracy": {
            "CWE-22": 0.9781021897810219,
            "CWE-78": 1.0,
            "CWE-79": 0.8237226277372263,
            "CWE-89": 0.8656934306569343,
            "CWE-90": 0.9784671532846715,
            "CWE-327": 0.9102189781021898,
            "CWE-328": 0.9138686131386862,
            "CWE-330": 0.82007299270073,
            "CWE-501": 0.954014598540146,
            "CWE-614": 0.9755474452554744,
            "CWE-643": 0.9875912408759124
          },
          "Precision": {
            "CWE-22": 1.0,
            "CWE-78": 1.0,
            "CWE-79": 0.0,
            "CWE-89": 0.580568720379147,
            "CWE-90": 0.0,
            "CWE-327": 0.0,
            "CWE-328": 0.0,
            "CWE-330": 0.0,
            "CWE-501": 0.0,
            "CWE-614": 0.0,
            "CWE-643": 1.0
          },
          "Recall": {
            "CWE-22": 0.7761194029850746,
            "CWE-78": 1.0,
            "CWE-79": 0.0,
            "CWE-89": 0.9722222222222222,
            "CWE-90": 0.0,
            "CWE-327": 0.0,
            "CWE-328": 0.0,
            "CWE-330": 0.0,
            "CWE-501": 0.0,
            "CWE-614": 0.0,
            "CWE-643": 0.02857142857142857
          },
          "F1-Score": {
            "CWE-22": 0.8739495798319328,
            "CWE-78": 1.0,
            "CWE-79": 0.0,
            "CWE-89": 0.7270029673590505,
            "CWE-90": 0.0,
            "CWE-327": 0.0,
            "CWE-328": 0.0,
            "CWE-330": 0.0,
            "CWE-501": 0.0,
            "CWE-614": 0.0,
            "CWE-643": 0.05555555555555555
          }
        },
        "Macro Precision": 0.3255062473071952,
        "Macro Recall": 0.2524466412526114,
        "Macro F1-Score": 0.2415007366133217,
        "Weighted Precision": 0.30898052374857304,
        "Weighted Recall": 0.3467153284671533,
        "Weighted F1-Score": 0.311522783718381,
        "MCC": 0.3691841937169882,
        "Cohen Kappa": 0.5939912259003506,