{
  "hugging-quants/Meta-Llama-3.1-70B-Instruct-AWQ-INT4": {
    "Dataset": "owasp",
    "Prompt Type": "few_shot",
    "Vulnerability Metrics": {
      "Accuracy": 0.5697080291970803,
      "Precision": 0.5930599369085173,
      "Recall": 0.5314487632508834,
      "F1-Score": 0.5605665300037271,
      "Youden Index": 0.14201480098673258,
      "ROC-AUC Score": 0.5710074004933663,
      "FPR": 0.38943396226415095,
      "FNR": 0.4685512367491166,
      "Specificity": 0.610566037735849,
      "NPV": 0.5495923913043478,
      "FDR": 0.4069400630914827,
      "MCC": 0.14233320765529064,
      "Confusion Matrix": [
        [
          809,
          516
        ],
        [
          663,
          752
        ]
      ]
    },
    "Vulnerability Type Metrics": {
      "Using Predicted CWE": {
        "Per Class Metrics": {
          "Accuracy": {
            "CWE-22": 0.9605839416058394,
            "CWE-78": 0.9992700729927008,
            "CWE-79": 0.8259124087591241,
            "CWE-89": 0.941970802919708,
            "CWE-90": 0.9784671532846715,
            "CWE-327": 0.9076642335766424,
            "CWE-328": 0.9138686131386862,
            "CWE-330": 0.8503649635036497,
            "CWE-501": 0.954014598540146,
            "CWE-614": 0.9755474452554744,
            "CWE-643": 0.9912408759124087
          },
          "Precision": {
            "CWE-22": 1.0,
            "CWE-78": 0.9920948616600791,
            "CWE-79": 0.0,
            "CWE-89": 0.8130671506352087,
            "CWE-90": 0.0,
            "CWE-327": 0.0,
            "CWE-328": 0.0,
            "CWE-330": 1.0,
            "CWE-501": 0.0,
            "CWE-614": 0.0,
            "CWE-643": 1.0
          },
          "Recall": {
            "CWE-22": 0.5970149253731343,
            "CWE-78": 1.0,
            "CWE-79": 0.0,
            "CWE-89": 0.8888888888888888,
            "CWE-90": 0.0,
            "CWE-327": 0.0,
            "CWE-328": 0.0,
            "CWE-330": 0.16835699797160245,
            "CWE-501": 0.0,
            "CWE-614": 0.0,
            "CWE-643": 0.3142857142857143
          },
          "F1-Score": {
            "CWE-22": 0.7476635514018691,
            "CWE-78": 0.996031746031746,
            "CWE-79": 0.0,
            "CWE-89": 0.8492890995260663,
            "CWE-90": 0.0,
            "CWE-327": 0.0,
            "CWE-328": 0.0,
            "CWE-330": 0.2881944444444444,
            "CWE-501": 0.0,
            "CWE-614": 0.0,
            "CWE-643": 0.4782608695652174
          }
        },
        "Macro Precision": 0.4368329102086625,
        "Macro Recall": 0.26986786604721275,
        "Macro F1-Score": 0.3054036100881221,
        "Weighted Precision": 0.530949508830958,
        "Weighted Recall": 0.3478102189781022,
        "Weighted F1-Score": 0.37855419625427017,
        "MCC": 0.40686244431348917,
        "Cohen Kappa": 0.8261989110733791,
        "Confusion Matrix": [
          [
            160,
            0,
            0,
            0,
            0,
            0,
            0,
            0,
            0,
            0,
            0
          ],
          [
            0,
            251,
            0,
            0,
            0,
            0,
            0,
            0,
            0,
            0,
            0
          ],
          [
            0,
            0,
            0,
            0,
            0,
            0,
            0,
            0,
            0,
            0,
            0
          ],
          [
            0,
            0,
            0,
            448,
            0,
            0,
            0,
            0,
            0,
            0,
            0
          ],
          [
            0,
            0,
            0,
            53,
            0,
            0,
            0,
            0,
            0,
            0,
            0
          ],
          [
            0,
            0,
            0,
            30,
            0,
            0,
            0,
            0,
            0,
            0,
            0
          ],
          [
            0,
            2,
            0,
            19,
            0,
            7,
            0,
            0,
            0,
            0,
            0
          ],
          [
            0,
            0,
            0,
            1,
            0,
            0,
            0,
            83,
            0,
            0,
            0
          ],
          [
            0,
            0,
            0,
            0,
            0,
            0,
            0,
            0,
            0,
            0,
            0
          ],
          [
            0,
            0,
            0,
            0,
            0,
            0,
            0,
            0,
            0,
            0,
            0
          ],
          [
            0,
            0,
            22,
            0,
            0,
            0,
            0,
            0,
            0,
            0,
            11
          ]
        ]
      },
      "Using Predicted Vulnerability Name": {
        "Per Class Metrics": {
          "Accuracy": {
            "CWE-22": 0.9605839416058394,
            "CWE-78": 0.9992700729927008,
            "CWE-79": 0.8259124087591241,
            "CWE-89": 0.941970802919708,
            "CWE-90": 0.9784671532846715,
            "CWE-327": 0.9102189781021898,
            "CWE-328": 0.9138686131386862,
            "CWE-330": 0.82007299270073,
            "CWE-501": 0.954014598540146,
            "CWE-614": 0.9755474452554744,
            "CWE-643": 0.9912408759124087
          },
          "Precision": {
            "CWE-22": 1.0,
            "CWE-78": 0.9920948616600791,
            "CWE-79": 0.0,
            "CWE-89": 0.8130671506352087,
            "CWE-90": 0.0,
            "CWE-327": 0.0,
            "CWE-328": 0.0,
            "CWE-330": 0.0,
            "CWE-501": 0.0,
            "CWE-614": 0.0,
            "CWE-643": 1.0
          },
          "Recall": {
            "CWE-22": 0.5970149253731343,
            "CWE-78": 1.0,
            "CWE-79": 0.0,
            "CWE-89": 0.8888888888888888,
            "CWE-90": 0.0,
            "CWE-327": 0.0,
            "CWE-328": 0.0,
            "CWE-330": 0.0,
            "CWE-501": 0.0,
            "CWE-614": 0.0,
            "CWE-643": 0.3142857142857143
          },
          "F1-Score": {
            "CWE-22": 0.7476635514018691,
            "CWE-78": 0.996031746031746,
            "CWE-79": 0.0,
            "CWE-89": 0.8492890995260663,
            "CWE-90": 0.0,
            "CWE-327": 0.0,
            "CWE-328": 0.0,
            "CWE-330": 0.0,
            "CWE-501": 0.0,
            "CWE-614": 0.0,
            "CWE-643": 0.4782608695652174
          }
        },
        "Macro Precision": 0.3459238192995716,
        "Macro Recall": 0.2545626844134307,
        "Macro F1-Score": 0.27920411513862714,
        "Weighted Precision": 0.351022501531688,
        "Weighted Recall": 0.3175182481751825,
        "Weighted F1-Score": 0.32670023234510553,
        "MCC": 0.38568345545228594,
        "Cohen Kappa": 0.8074806711317556,