{
  "hugging-quants/Meta-Llama-3.1-70B-Instruct-AWQ-INT4": {
    "Dataset": "owasp",
    "Prompt Type": "vulnerability_specific_self_reflection",
    "Vulnerability Metrics": {
      "Accuracy": 0.656934306569343,
      "Precision": 0.6245411641321448,
      "Recall": 0.841696113074205,
      "F1-Score": 0.7170379289584587,
      "Youden Index": 0.3013187545836389,
      "ROC-AUC Score": 0.6506593772918194,
      "FPR": 0.540377358490566,
      "FNR": 0.15830388692579506,
      "Specificity": 0.45962264150943394,
      "NPV": 0.7310924369747899,
      "FDR": 0.3754588358678553,
      "MCC": 0.32735160572943,
      "Confusion Matrix": [
        [
          609,
          716
        ],
        [
          224,
          1191
        ]
      ]
    },
    "Vulnerability Type Metrics": {
      "Using Predicted CWE": {
        "Per Class Metrics": {
          "Accuracy": {
            "CWE-22": 0.9536496350364964,
            "CWE-78": 0.9996350364963503,
            "CWE-79": 0.8748175182481752,
            "CWE-89": 0.9478102189781021,
            "CWE-90": 0.9978102189781022,
            "CWE-327": 0.9361313868613139,
            "CWE-328": 0.9237226277372262,
            "CWE-330": 0.9149635036496351,
            "CWE-501": 0.954014598540146,
            "CWE-614": 0.9667883211678832,
            "CWE-643": 0.997080291970803
          },
          "Precision": {
            "CWE-22": 0.993006993006993,
            "CWE-78": 1.0,
            "CWE-79": 0.6573033707865169,
            "CWE-89": 0.9787798408488063,
            "CWE-90": 1.0,
            "CWE-327": 0.6099071207430341,
            "CWE-328": 0.8,
            "CWE-330": 0.9421768707482994,
            "CWE-501": 0.0,
            "CWE-614": 0.18421052631578946,
            "CWE-643": 1.0
          },
          "Recall": {
            "CWE-22": 0.5298507462686567,
            "CWE-78": 0.9960159362549801,
            "CWE-79": 0.5142857142857142,
            "CWE-89": 0.7321428571428571,
            "CWE-90": 0.8983050847457628,
            "CWE-327": 0.8008130081300813,
            "CWE-328": 0.15254237288135594,
            "CWE-330": 0.5618661257606491,
            "CWE-501": 0.0,
            "CWE-614": 0.1044776119402985,
            "CWE-643": 0.7714285714285715
          },
          "F1-Score": {
            "CWE-22": 0.6909975669099757,
            "CWE-78": 0.998003992015968,
            "CWE-79": 0.5770653514180024,
            "CWE-89": 0.8376844494892168,
            "CWE-90": 0.9464285714285714,
            "CWE-327": 0.6924428822495606,
            "CWE-328": 0.25622775800711745,
            "CWE-330": 0.7039390088945362,
            "CWE-501": 0.0,
            "CWE-614": 0.13333333333333333,
            "CWE-643": 0.8709677419354839
          }
        },
        "Macro Precision": 0.742307702040858,
        "Macro Recall": 0.5510661844399025,
        "Macro F1-Score": 0.6097355141528878,
        "Weighted Precision": 0.8099183948417494,
        "Weighted Recall": 0.581021897810219,
        "Weighted F1-Score": 0.6545814484266703,
        "MCC": 0.5736055160063973,
        "Cohen Kappa": 0.8098407576324684,
        "Confusion Matrix": [
          [
            142,
            0,
            9,
            0,
            0,
            0,
            0,
            0,
            0,
            0,
            0
          ],
          [
            0,
            250,
            0,
            0,
            0,
            0,
            0,
            0,
            0,
            0,
            0
          ],
          [
            0,
            0,
            234,
            2,
            0,
            0,
            0,
            0,
            0,
            0,
            0
          ],
          [
            0,
            0,
            0,
            369,
            0,
            0,
            0,
            0,
            0,
            0,
            0
          ],
          [
            0,
            0,
            0,
            0,
            53,
            0,
            0,
            0,
            0,
            0,
            0
          ],
          [
            0,
            0,
            3,
            0,
            0,
            197,
            9,
            17,
            0,
            0,
            0
          ],
          [
            1,
            0,
            12,
            4,
            0,
            125,
            36,
            0,
            0,
            0,
            0
          ],
          [
            0,
            0,
            6,
            0,
            0,
            1,
            0,
            277,
            0,
            28,
            0
          ],
          [
            0,
            0,
            43,
            2,
            0,
            0,
            0,
            0,
            0,
            3,
            0
          ],
          [
            0,
            0,
            43,
            0,
            0,
            0,
            0,
            0,
            0,
            7,
            0
          ],
          [
            0,
            0,
            6,
            0,
            0,
            0,
            0,
            0,
            0,
            0,
            27
          ]
        ]
      },
      "Using Predicted Vulnerability Name": {
        "Per Class Metrics": {
          "Accuracy": {
            "CWE-22": 0.9536496350364964,
            "CWE-78": 0.9996350364963503,
            "CWE-79": 0.8748175182481752,
            "CWE-89": 0.9478102189781021,
            "CWE-90": 0.9978102189781022,
            "CWE-327": 0.9102189781021898,
            "CWE-328": 0.92007299270073,
            "CWE-330": 0.8259124087591241,
            "CWE-501": 0.954014598540146,
            "CWE-614": 0.9704379562043796,
            "CWE-643": 0.997080291970803
          },
          "Precision": {
            "CWE-22": 0.993006993006993,
            "CWE-78": 1.0,
            "CWE-79": 0.6573033707865169,
            "CWE-89": 0.9787798408488063,
            "CWE-90": 1.0,
            "CWE-327": 0.0,
            "CWE-328": 1.0,
            "CWE-330": 1.0,
            "CWE-501": 0.0,
            "CWE-614": 0.25,
            "CWE-643": 1.0
          },
          "Recall": {
            "CWE-22": 0.5298507462686567,
            "CWE-78": 0.9960159362549801,
            "CWE-79": 0.5142857142857142,
            "CWE-89": 0.7321428571428571,
            "CWE-90": 0.8983050847457628,
            "CWE-327": 0.0,
            "CWE-328": 0.07203389830508475,
            "CWE-330": 0.032454361054766734,
            "CWE-501": 0.0,
            "CWE-614": 0.1044776119402985,
            "CWE-643": 0.7714285714285715
          },
          "F1-Score": {
            "CWE-22": 0.6909975669099757,
            "CWE-78": 0.998003992015968,
            "CWE-79": 0.5770653514180024,
            "CWE-89": 0.8376844494892168,
            "CWE-90": 0.9464285714285714,
            "CWE-327": 0.0,
            "CWE-328": 0.13438735177865613,
            "CWE-330": 0.06286836935166994,
            "CWE-501": 0.0,
            "CWE-614": 0.14736842105263157,
            "CWE-643": 0.8709677419354839
          }
        },
        "Macro Precision": 0.716280927694756,
        "Macro Recall": 0.42281770740242663,
        "Macro F1-Score": 0.47870652867092506,
        "Weighted Precision": 0.7843992509567657,
        "Weighted Recall": 0.40693430656934304,
        "Weighted F1-Score": 0.4669162077986598,
        "MCC": 0.4531977110118683,
        "Cohen Kappa": 0.8509122128215312,