{
    "gpt-5-2025-08-07": {
        "Dataset": "owasp",
        "Prompt Type": "simple",
        "Vulnerability Metrics": {
            "Accuracy": 0.8507299270072993,
            "Precision": 0.7803790412486065,
            "Recall": 0.9893992932862191,
            "F1-Score": 0.8725459644749143,
            "Youden Index": 0.6920408027201814,
            "ROC-AUC Score": 0.8460204013600906,
            "FPR": 0.29735849056603775,
            "FNR": 0.01060070671378092,
            "Specificity": 0.7026415094339623,
            "NPV": 0.9841437632135307,
            "FDR": 0.21962095875139354,
            "MCC": 0.7273795263119947,
            "Confusion Matrix": [
                [
                    931,
                    394
                ],
                [
                    15,
                    1400
                ]
            ]
        },
        "Vulnerability Type Metrics": {
            "Using Predicted CWE": {
                "Per Class Metrics": {
                    "Accuracy": {
                        "CWE-22": 0.948905109489051,
                        "CWE-78": 0.9594890510948905,
                        "CWE-79": 0.9273722627737226,
                        "CWE-89": 0.9248175182481752,
                        "CWE-90": 0.9901459854014598,
                        "CWE-327": 0.9485401459854015,
                        "CWE-328": 0.9277372262773723,
                        "CWE-330": 0.8485401459854015,
                        "CWE-501": 0.9854014598540146,
                        "CWE-614": 0.9886861313868613,
                        "CWE-643": 0.993065693430657
                    },
                    "Precision": {
                        "CWE-22": 1.0,
                        "CWE-78": 1.0,
                        "CWE-79": 0.960431654676259,
                        "CWE-89": 1.0,
                        "CWE-90": 1.0,
                        "CWE-327": 0.7488151658767772,
                        "CWE-328": 1.0,
                        "CWE-330": 1.0,
                        "CWE-501": 1.0,
                        "CWE-614": 1.0,
                        "CWE-643": 1.0
                    },
                    "Recall": {
                        "CWE-22": 0.47761194029850745,
                        "CWE-78": 0.5577689243027888,
                        "CWE-79": 0.5868131868131868,
                        "CWE-89": 0.5912698412698413,
                        "CWE-90": 0.5423728813559322,
                        "CWE-327": 0.6422764227642277,
                        "CWE-328": 0.16101694915254236,
                        "CWE-330": 0.15821501014198783,
                        "CWE-501": 0.6825396825396826,
                        "CWE-614": 0.5373134328358209,
                        "CWE-643": 0.45714285714285713
                    },
                    "F1-Score": {
                        "CWE-22": 0.6464646464646465,
                        "CWE-78": 0.7161125319693095,
                        "CWE-79": 0.7285129604365621,
                        "CWE-89": 0.743142144638404,
                        "CWE-90": 0.7032967032967034,
                        "CWE-327": 0.6914660831509847,
                        "CWE-328": 0.2773722627737226,
                        "CWE-330": 0.2732049036777583,
                        "CWE-501": 0.8113207547169812,
                        "CWE-614": 0.6990291262135923,
                        "CWE-643": 0.6274509803921569
                    }
                },
                "Macro Precision": 0.9735678927775487,
                "Macro Recall": 0.49039464805612504,
                "Macro F1-Score": 0.6288520997937109,
                "Weighted Precision": 0.9708777130231333,
                "Weighted Recall": 0.4660583941605839,
                "Weighted F1-Score": 0.5991901434361205,
                "MCC": 0.5171507241282568,
                "Cohen Kappa": 0.9444886786631592,
                "Confusion Matrix": [
                    [
                        128,
                        0,
                        0,
                        0,
                        0,
                        0,
                        0,
                        0,
                        0,
                        0,
                        0
                    ],
                    [
                        0,
                        140,
                        0,
                        0,
                        0,
                        0,
                        0,
                        0,
                        0,
                        0,
                        0
                    ],
                    [
                        0,
                        0,
                        267,
                        0,
                        0,
                        0,
                        0,
                        0,
                        0,
                        0,
                        0
                    ],
                    [
                        0,
                        0,
                        0,
                        298,
                        0,
                        0,
                        0,
                        0,
                        0,
                        0,
                        0
                    ],
                    [
                        0,
                        0,
                        11,
                        0,
                        32,
                        0,
                        0,
                        0,
                        0,
                        0,
                        0
                    ],
                    [
                        0,
                        0,
                        0,
                        0,
                        0,
                        158,
                        0,
                        0,
                        0,
                        0,
                        0
                    ],
                    [
                        0,
                        0,
                        0,
                        0,
                        0,
                        53,
                        38,
                        0,
                        0,
                        0,
                        0
                    ],
                    [
                        0,
                        0,
                        0,
                        0,
                        0,
                        0,
                        0,
                        78,
                        0,
                        0,
                        0
                    ],
                    [
                        0,
                        0,
                        0,
                        0,
                        0,
                        0,
                        0,
                        0,
                        86,
                        0,
                        0
                    ],
                    [
                        0,
                        0,
                        0,
                        0,
                        0,
                        0,
                        0,
                        0,
                        0,
                        36,
                        0
                    ],
                    [
                        0,
                        0,
                        0,
                        0,
                        0,
                        0,
                        0,
                        0,
                        0,
                        0,
                        16
                    ]
                ]
            },
            "Using Predicted Vulnerability Name": {
                "Per Class Metrics": {
                    "Accuracy": {
                        "CWE-22": 0.9492700729927007,
                        "CWE-78": 0.9594890510948905,