{
    "gpt-5-mini-2025-08-07": {
        "Dataset": "owasp",
        "Prompt Type": "simple",
        "Vulnerability Metrics": {
            "Accuracy": 0.8215328467153284,
            "Precision": 0.7598204264870931,
            "Recall": 0.9568904593639576,
            "F1-Score": 0.8470441038473568,
            "Youden Index": 0.6338715914394293,
            "ROC-AUC Score": 0.8169357957197146,
            "FPR": 0.3230188679245283,
            "FNR": 0.0431095406360424,
            "Specificity": 0.6769811320754717,
            "NPV": 0.9363256784968684,
            "FDR": 0.24017957351290684,
            "MCC": 0.6642794889506553,
            "Confusion Matrix": [
                [
                    897,
                    428
                ],
                [
                    61,
                    1354
                ]
            ]
        },
        "Vulnerability Type Metrics": {
            "Using Predicted CWE": {
                "Per Class Metrics": {
                    "Accuracy": {
                        "CWE-22": 0.9510948905109489,
                        "CWE-78": 0.9594890510948905,
                        "CWE-79": 0.9043795620437957,
                        "CWE-89": 0.9222627737226278,
                        "CWE-90": 0.9901459854014598,
                        "CWE-327": 0.9193430656934306,
                        "CWE-328": 0.9138686131386862,
                        "CWE-330": 0.8635036496350365,
                        "CWE-501": 0.954014598540146,
                        "CWE-614": 0.983941605839416,
                        "CWE-643": 0.9923357664233576
                    },
                    "Precision": {
                        "CWE-22": 1.0,
                        "CWE-78": 1.0,
                        "CWE-79": 0.9327354260089686,
                        "CWE-89": 1.0,
                        "CWE-90": 1.0,
                        "CWE-327": 0.5441696113074205,
                        "CWE-328": 0.0,
                        "CWE-330": 1.0,
                        "CWE-501": 0.0,
                        "CWE-614": 0.9259259259259259,
                        "CWE-643": 1.0
                    },
                    "Recall": {
                        "CWE-22": 0.5,
                        "CWE-78": 0.5577689243027888,
                        "CWE-79": 0.45714285714285713,
                        "CWE-89": 0.5773809523809523,
                        "CWE-90": 0.5423728813559322,
                        "CWE-327": 0.6260162601626016,
                        "CWE-328": 0.0,
                        "CWE-330": 0.2413793103448276,
                        "CWE-501": 0.0,
                        "CWE-614": 0.373134328358209,
                        "CWE-643": 0.4
                    },
                    "F1-Score": {
                        "CWE-22": 0.6666666666666666,
                        "CWE-78": 0.7161125319693095,
                        "CWE-79": 0.6135693215339233,
                        "CWE-89": 0.7320754716981132,
                        "CWE-90": 0.7032967032967034,
                        "CWE-327": 0.5822306238185255,
                        "CWE-328": 0.0,
                        "CWE-330": 0.3888888888888889,
                        "CWE-501": 0.0,
                        "CWE-614": 0.5319148936170213,
                        "CWE-643": 0.5714285714285714
                    }
                },
                "Macro Precision": 0.7638937239311194,
                "Macro Recall": 0.3886541376407426,
                "Macro F1-Score": 0.5005621520834294,
                "Weighted Precision": 0.8139771460776435,
                "Weighted Recall": 0.40766423357664233,
                "Weighted F1-Score": 0.5250491789318149,
                "MCC": 0.4540528127015584,
                "Cohen Kappa": 0.8650115517397887,
                "Confusion Matrix": [
                    [
                        134,
                        0,
                        0,
                        0,
                        0,
                        0,
                        0,
                        0,
                        0,
                        0,
                        0
                    ],
                    [
                        0,
                        140,
                        0,
                        0,
                        0,
                        0,
                        0,
                        0,
                        0,
                        0,
                        0
                    ],
                    [
                        0,
                        0,
                        208,
                        0,
                        0,
                        0,
                        0,
                        0,
                        0,
                        0,
                        0
                    ],
                    [
                        0,
                        0,
                        0,
                        291,
                        0,
                        0,
                        0,
                        0,
                        0,
                        0,
                        0
                    ],
                    [
                        0,
                        0,
                        15,
                        0,
                        32,
                        0,
                        0,
                        0,
                        0,
                        0,
                        0
                    ],
                    [
                        0,
                        0,
                        0,
                        0,
                        0,
                        154,
                        0,
                        0,
                        0,
                        1,
                        0
                    ],
                    [
                        0,
                        0,
                        0,
                        0,
                        0,
                        129,
                        0,
                        0,
                        0,
                        0,
                        0
                    ],
                    [
                        0,
                        0,
                        0,
                        0,
                        0,
                        0,
                        0,
                        119,
                        0,
                        1,
                        0
                    ],
                    [
                        0,
                        0,
                        0,
                        0,
                        0,
                        0,
                        0,
                        0,
                        0,
                        0,
                        0
                    ],
                    [
                        0,
                        0,
                        0,
                        0,
                        0,
                        0,
                        0,
                        0,
                        0,
                        25,
                        0
                    ],
                    [
                        0,
                        0,
                        0,
                        0,
                        0,
                        0,
                        0,
                        0,
                        0,
                        0,
                        14
                    ]
                ]
            },
            "Using Predicted Vulnerability Name": {
                "Per Class Metrics": {
                    "Accuracy": {
                        "CWE-22": 0.9518248175182482,
                        "CWE-78": 0.9598540145985401,
                        "CWE-79": 0.9051094890510949,