{
  "codellama:70b": {
    "Dataset": "owasp",
    "Prompt Type": "vulnerability_specific",
    "Vulnerability Metrics": {
      "Accuracy": 0.5182481751824818,
      "Precision": 0.5200506542845083,
      "Recall": 0.8706713780918728,
      "F1-Score": 0.6511627906976745,
      "Youden Index": 0.012558170544703096,
      "ROC-AUC Score": 0.5062790852723515,
      "FPR": 0.8581132075471698,
      "FNR": 0.12932862190812722,
      "Specificity": 0.1418867924528302,
      "NPV": 0.5067385444743935,
      "FDR": 0.47994934571549175,
      "MCC": 0.018341846329370273,
      "Confusion Matrix": [
        [
          188,
          1137
        ],
        [
          183,
          1232
        ]
      ]
    },
    "Vulnerability Type Metrics": {
      "Using Predicted CWE": {
        "Per Class Metrics": {
          "Accuracy": {
            "CWE-22": 0.6985401459854015,
            "CWE-78": 0.8740875912408759,
            "CWE-79": 0.872992700729927,
            "CWE-89": 0.9463503649635037,
            "CWE-90": 0.9791970802919708,
            "CWE-327": 0.8726277372262774,
            "CWE-328": 0.9135036496350365,
            "CWE-330": 0.82007299270073,
            "CWE-501": 0.954014598540146,
            "CWE-614": 0.9748175182481752,
            "CWE-643": 0.9864963503649635
          },
          "Precision": {
            "CWE-22": 0.24022346368715083,
            "CWE-78": 0.3880952380952381,
            "CWE-79": 0.9022556390977443,
            "CWE-89": 1.0,
            "CWE-90": 1.0,
            "CWE-327": 0.027522935779816515,
            "CWE-328": 0.0,
            "CWE-330": 0.0,
            "CWE-501": 0.0,
            "CWE-614": 0.0,
            "CWE-643": 0.25
          },
          "Recall": {
            "CWE-22": 0.9626865671641791,
            "CWE-78": 0.649402390438247,
            "CWE-79": 0.26373626373626374,
            "CWE-89": 0.7083333333333334,
            "CWE-90": 0.03389830508474576,
            "CWE-327": 0.012195121951219513,
            "CWE-328": 0.0,
            "CWE-330": 0.0,
            "CWE-501": 0.0,
            "CWE-614": 0.0,
            "CWE-643": 0.02857142857142857
          },
          "F1-Score": {
            "CWE-22": 0.38450074515648286,
            "CWE-78": 0.4858420268256334,
            "CWE-79": 0.40816326530612246,
            "CWE-89": 0.8292682926829268,
            "CWE-90": 0.06557377049180328,
            "CWE-327": 0.016901408450704224,
            "CWE-328": 0.0,
            "CWE-330": 0.0,
            "CWE-501": 0.0,
            "CWE-614": 0.0,
            "CWE-643": 0.05128205128205128
          }
        },
        "Macro Precision": 0.34619066151454086,
        "Macro Recall": 0.24171121911631063,
        "Macro F1-Score": 0.20377559638142942,
        "Weighted Precision": 0.420014142708529,
        "Weighted Recall": 0.32992700729927005,
        "Weighted F1-Score": 0.30601442496146486,
        "MCC": 0.29997233821281016,
        "Cohen Kappa": 0.3399172208431521,
        "Confusion Matrix": [
          [
            258,
            0,
            0,
            0,
            0,
            0,
            0,
            0,
            0,
            0,
            0
          ],
          [
            61,
            163,
            0,
            0,
            0,
            0,
            0,
            0,
            0,
            0,
            0
          ],
          [
            178,
            149,
            120,
            0,
            0,
            0,
            0,
            0,
            0,
            0,
            0
          ],
          [
            87,
            15,
            0,
            357,
            0,
            11,
            0,
            0,
            0,
            0,
            0
          ],
          [
            25,
            9,
            0,
            0,
            2,
            0,
            0,
            0,
            0,
            0,
            0
          ],
          [
            38,
            0,
            0,
            0,
            0,
            3,
            1,
            0,
            0,
            0,
            0
          ],
          [
            79,
            37,
            3,
            0,
            0,
            20,
            0,
            0,
            0,
            0,
            0
          ],
          [
            197,
            12,
            1,
            0,
            0,
            66,
            0,
            0,
            0,
            0,
            0
          ],
          [
            77,
            32,
            5,
            0,
            0,
            6,
            0,
            0,
            0,
            2,
            2
          ],
          [
            46,
            3,
            4,
            0,
            0,
            2,
            0,
            0,
            0,
            0,
            1
          ],
          [
            28,
            0,
            0,
            0,
            0,
            1,
            0,
            0,
            0,
            0,
            1
          ]
        ]
      },
      "Using Predicted Vulnerability Name": {
        "Per Class Metrics": {
          "Accuracy": {
            "CWE-22": 0.9,
            "CWE-78": 0.9087591240875912,
            "CWE-79": 0.833941605839416,
            "CWE-89": 0.8883211678832117,
            "CWE-90": 0.9784671532846715,
            "CWE-327": 0.9102189781021898,
            "CWE-328": 0.9138686131386862,
            "CWE-330": 0.82007299270073,
            "CWE-501": 0.954014598540146,
            "CWE-614": 0.9755474452554744,
            "CWE-643": 0.9872262773722628
          },
          "Precision": {
            "CWE-22": 0.125,
            "CWE-78": 1.0,
            "CWE-79": 0.0,
            "CWE-89": 1.0,
            "CWE-90": 0.0,
            "CWE-327": 0.0,
            "CWE-328": 0.0,
            "CWE-330": 0.0,
            "CWE-501": 0.0,
            "CWE-614": 0.0,
            "CWE-643": 0.0
          },
          "Recall": {
            "CWE-22": 0.0037313432835820895,
            "CWE-78": 0.00398406374501992,
            "CWE-79": 0.0,
            "CWE-89": 0.39285714285714285,
            "CWE-90": 0.0,
            "CWE-327": 0.0,
            "CWE-328": 0.0,
            "CWE-330": 0.0,
            "CWE-501": 0.0,
            "CWE-614": 0.0,
            "CWE-643": 0.0
          },
          "F1-Score": {
            "CWE-22": 0.007246376811594203,
            "CWE-78": 0.007936507936507936,
            "CWE-79": 0.0,
            "CWE-89": 0.5641025641025641,
            "CWE-90": 0.0,
            "CWE-327": 0.0,
            "CWE-328": 0.0,
            "CWE-330": 0.0,
            "CWE-501": 0.0,
            "CWE-614": 0.0,
            "CWE-643": 0.0
          }
        },
        "Macro Precision": 0.19318181818181818,
        "Macro Recall": 0.036415686353249536,
        "Macro F1-Score": 0.05266231353187875,
        "Weighted Precision": 0.2877737226277372,
        "Weighted Recall": 0.072992700729927,
        "Weighted F1-Score": 0.10519773167345367,
        "MCC": 0.17010799747435634,
        "Cohen Kappa": 0.6014851485148515,