{
  "codellama:70b": {
    "Dataset": "owasp",
    "Prompt Type": "few_shot",
    "Vulnerability Metrics": {
      "Accuracy": 0.5124087591240876,
      "Precision": 0.5153996101364522,
      "Recall": 0.9342756183745583,
      "F1-Score": 0.664321608040201,
      "Youden Index": -0.0038375891726114553,
      "ROC-AUC Score": 0.4980812054136943,
      "FPR": 0.9381132075471698,
      "FNR": 0.0657243816254417,
      "Specificity": 0.061886792452830186,
      "NPV": 0.4685714285714286,
      "FDR": 0.48460038986354775,
      "MCC": -0.007842994855464688,
      "Confusion Matrix": [
        [
          82,
          1243
        ],
        [
          93,
          1322
        ]
      ]
    },
    "Vulnerability Type Metrics": {
      "Using Predicted CWE": {
        "Per Class Metrics": {
          "Accuracy": {
            "CWE-22": 0.9116788321167884,
            "CWE-78": 0.9091240875912409,
            "CWE-79": 0.833941605839416,
            "CWE-89": 0.8160583941605839,
            "CWE-90": 0.9784671532846715,
            "CWE-327": 0.9102189781021898,
            "CWE-328": 0.9138686131386862,
            "CWE-330": 0.82007299270073,
            "CWE-501": 0.954014598540146,
            "CWE-614": 0.9755474452554744,
            "CWE-643": 0.9872262773722628
          },
          "Precision": {
            "CWE-22": 1.0,
            "CWE-78": 1.0,
            "CWE-79": 0.0,
            "CWE-89": 0.0,
            "CWE-90": 0.0,
            "CWE-327": 0.0,
            "CWE-328": 0.0,
            "CWE-330": 0.0,
            "CWE-501": 0.0,
            "CWE-614": 0.0,
            "CWE-643": 0.0
          },
          "Recall": {
            "CWE-22": 0.09701492537313433,
            "CWE-78": 0.00796812749003984,
            "CWE-79": 0.0,
            "CWE-89": 0.0,
            "CWE-90": 0.0,
            "CWE-327": 0.0,
            "CWE-328": 0.0,
            "CWE-330": 0.0,
            "CWE-501": 0.0,
            "CWE-614": 0.0,
            "CWE-643": 0.0
          },
          "F1-Score": {
            "CWE-22": 0.17687074829931973,
            "CWE-78": 0.015810276679841896,
            "CWE-79": 0.0,
            "CWE-89": 0.0,
            "CWE-90": 0.0,
            "CWE-327": 0.0,
            "CWE-328": 0.0,
            "CWE-330": 0.0,
            "CWE-501": 0.0,
            "CWE-614": 0.0,
            "CWE-643": 0.0
          }
        },
        "Macro Precision": 0.18181818181818182,
        "Macro Recall": 0.009543913896652196,
        "Macro F1-Score": 0.01751645681628742,
        "Weighted Precision": 0.1894160583941606,
        "Weighted Recall": 0.010218978102189781,
        "Weighted F1-Score": 0.018748080288634308,
        "MCC": 0.06952837716019038,
        "Cohen Kappa": 1.0,
        "Confusion Matrix": [
          [
            26,
            0,
            0,
            0,
            0,
            0,
            0,
            0,
            0,
            0,
            0
          ],
          [
            0,
            2,
            0,
            0,
            0,
            0,
            0,
            0,
            0,
            0,
            0
          ],
          [
            0,
            0,
            0,
            0,
            0,
            0,
            0,
            0,
            0,
            0,
            0
          ],
          [
            0,
            0,
            0,
            0,
            0,
            0,
            0,
            0,
            0,
            0,
            0
          ],
          [
            0,
            0,
            0,
            0,
            0,
            0,
            0,
            0,
            0,
            0,
            0
          ],
          [
            0,
            0,
            0,
            0,
            0,
            0,
            0,
            0,
            0,
            0,
            0
          ],
          [
            0,
            0,
            0,
            0,
            0,
            0,
            0,
            0,
            0,
            0,
            0
          ],
          [
            0,
            0,
            0,
            0,
            0,
            0,
            0,
            0,
            0,
            0,
            0
          ],
          [
            0,
            0,
            0,
            0,
            0,
            0,
            0,
            0,
            0,
            0,
            0
          ],
          [
            0,
            0,
            0,
            0,
            0,
            0,
            0,
            0,
            0,
            0,
            0
          ],
          [
            0,
            0,
            0,
            0,
            0,
            0,
            0,
            0,
            0,
            0,
            0
          ]
        ]
      },
      "Using Predicted Vulnerability Name": {
        "Per Class Metrics": {
          "Accuracy": {
            "CWE-22": 0.9021897810218978,
            "CWE-78": 0.9083941605839416,
            "CWE-79": 0.833941605839416,
            "CWE-89": 0.8160583941605839,
            "CWE-90": 0.9784671532846715,
            "CWE-327": 0.9102189781021898,
            "CWE-328": 0.9138686131386862,
            "CWE-330": 0.82007299270073,
            "CWE-501": 0.954014598540146,
            "CWE-614": 0.9755474452554744,
            "CWE-643": 0.9872262773722628
          },
          "Precision": {
            "CWE-22": 0.0,
            "CWE-78": 0.0,
            "CWE-79": 0.0,
            "CWE-89": 0.0,
            "CWE-90": 0.0,
            "CWE-327": 0.0,
            "CWE-328": 0.0,
            "CWE-330": 0.0,
            "CWE-501": 0.0,
            "CWE-614": 0.0,
            "CWE-643": 0.0
          },
          "Recall": {
            "CWE-22": 0.0,
            "CWE-78": 0.0,
            "CWE-79": 0.0,
            "CWE-89": 0.0,
            "CWE-90": 0.0,
            "CWE-327": 0.0,
            "CWE-328": 0.0,
            "CWE-330": 0.0,
            "CWE-501": 0.0,
            "CWE-614": 0.0,
            "CWE-643": 0.0
          },
          "F1-Score": {
            "CWE-22": 0.0,
            "CWE-78": 0.0,
            "CWE-79": 0.0,
            "CWE-89": 0.0,
            "CWE-90": 0.0,
            "CWE-327": 0.0,
            "CWE-328": 0.0,
            "CWE-330": 0.0,
            "CWE-501": 0.0,
            "CWE-614": 0.0,
            "CWE-643": 0.0
          }
        },
        "Macro Precision": 0.0,
        "Macro Recall": 0.0,
        "Macro F1-Score": 0.0,
        "Weighted Precision": 0.0,
        "Weighted Recall": 0.0,
        "Weighted F1-Score": 0.0,
        "MCC": 0.0,
        "Cohen Kappa": NaN,