{
  "codellama:70b": {
    "Dataset": "owasp",
    "Prompt Type": "chain_of_thought",
    "Vulnerability Metrics": {
      "Accuracy": 0.5145985401459854,
      "Precision": 0.5165305328665889,
      "Recall": 0.9385159010600707,
      "F1-Score": 0.6663321625689914,
      "Youden Index": 0.00040269351290089794,
      "ROC-AUC Score": 0.5002013467564504,
      "FPR": 0.9381132075471698,
      "FNR": 0.06148409893992933,
      "Specificity": 0.061886792452830186,
      "NPV": 0.48520710059171596,
      "FDR": 0.4834694671334111,
      "MCC": 0.0008365008795326225,
      "Confusion Matrix": [
        [
          82,
          1243
        ],
        [
          87,
          1328
        ]
      ]
    },
    "Vulnerability Type Metrics": {
      "Using Predicted CWE": {
        "Per Class Metrics": {
          "Accuracy": {
            "CWE-22": 0.9262773722627737,
            "CWE-78": 0.9821167883211679,
            "CWE-79": 0.8364963503649635,
            "CWE-89": 0.8087591240875912,
            "CWE-90": 0.9784671532846715,
            "CWE-327": 0.9105839416058394,
            "CWE-328": 0.9138686131386862,
            "CWE-330": 0.82007299270073,
            "CWE-501": 0.954014598540146,
            "CWE-614": 0.9755474452554744,
            "CWE-643": 0.9872262773722628
          },
          "Precision": {
            "CWE-22": 1.0,
            "CWE-78": 0.9950980392156863,
            "CWE-79": 1.0,
            "CWE-89": 0.3076923076923077,
            "CWE-90": 0.0,
            "CWE-327": 1.0,
            "CWE-328": 0.0,
            "CWE-330": 0.0,
            "CWE-501": 0.0,
            "CWE-614": 0.0,
            "CWE-643": 0.0
          },
          "Recall": {
            "CWE-22": 0.2462686567164179,
            "CWE-78": 0.8087649402390438,
            "CWE-79": 0.015384615384615385,
            "CWE-89": 0.031746031746031744,
            "CWE-90": 0.0,
            "CWE-327": 0.0040650406504065045,
            "CWE-328": 0.0,
            "CWE-330": 0.0,
            "CWE-501": 0.0,
            "CWE-614": 0.0,
            "CWE-643": 0.0
          },
          "F1-Score": {
            "CWE-22": 0.39520958083832336,
            "CWE-78": 0.8923076923076924,
            "CWE-79": 0.030303030303030304,
            "CWE-89": 0.05755395683453238,
            "CWE-90": 0.0,
            "CWE-327": 0.008097165991902834,
            "CWE-328": 0.0,
            "CWE-330": 0.0,
            "CWE-501": 0.0,
            "CWE-614": 0.0,
            "CWE-643": 0.0
          }
        },
        "Macro Precision": 0.3911627588098176,
        "Macro Recall": 0.1005662986124105,
        "Macro F1-Score": 0.1257701296614074,
        "Weighted Precision": 0.5014038434014819,
        "Weighted Recall": 0.10693430656934307,
        "Weighted F1-Score": 0.13674174244539877,
        "MCC": 0.21455414801981906,
        "Cohen Kappa": 0.8035682684727875,
        "Confusion Matrix": [
          [
            66,
            0,
            0,
            0,
            0,
            0,
            0,
            0,
            0,
            0,
            0
          ],
          [
            0,
            203,
            0,
            0,
            0,
            0,
            0,
            0,
            0,
            0,
            0
          ],
          [
            0,
            0,
            7,
            13,
            0,
            0,
            0,
            0,
            0,
            0,
            0
          ],
          [
            0,
            0,
            0,
            16,
            0,
            0,
            0,
            0,
            0,
            0,
            0
          ],
          [
            0,
            0,
            0,
            0,
            0,
            0,
            0,
            0,
            0,
            0,
            0
          ],
          [
            0,
            0,
            0,
            0,
            0,
            1,
            0,
            0,
            0,
            0,
            0
          ],
          [
            0,
            1,
            0,
            20,
            0,
            0,
            0,
            0,
            0,
            0,
            0
          ],
          [
            0,
            0,
            0,
            0,
            0,
            0,
            0,
            0,
            0,
            0,
            0
          ],
          [
            0,
            0,
            0,
            3,
            0,
            0,
            0,
            0,
            0,
            0,
            0
          ],
          [
            0,
            0,
            0,
            0,
            0,
            0,
            0,
            0,
            0,
            0,
            0
          ],
          [
            0,
            0,
            0,
            0,
            0,
            0,
            0,
            0,
            0,
            0,
            0
          ]
        ]
      },
      "Using Predicted Vulnerability Name": {
        "Per Class Metrics": {
          "Accuracy": {
            "CWE-22": 0.9021897810218978,
            "CWE-78": 0.9083941605839416,
            "CWE-79": 0.833941605839416,
            "CWE-89": 0.8153284671532847,
            "CWE-90": 0.9784671532846715,
            "CWE-327": 0.9102189781021898,
            "CWE-328": 0.9138686131386862,
            "CWE-330": 0.82007299270073,
            "CWE-501": 0.954014598540146,
            "CWE-614": 0.9755474452554744,
            "CWE-643": 0.9872262773722628
          },
          "Precision": {
            "CWE-22": 0.0,
            "CWE-78": 0.0,
            "CWE-79": 0.0,
            "CWE-89": 0.25,
            "CWE-90": 0.0,
            "CWE-327": 0.0,
            "CWE-328": 0.0,
            "CWE-330": 0.0,
            "CWE-501": 0.0,
            "CWE-614": 0.0,
            "CWE-643": 0.0
          },
          "Recall": {
            "CWE-22": 0.0,
            "CWE-78": 0.0,
            "CWE-79": 0.0,
            "CWE-89": 0.001984126984126984,
            "CWE-90": 0.0,
            "CWE-327": 0.0,
            "CWE-328": 0.0,
            "CWE-330": 0.0,
            "CWE-501": 0.0,
            "CWE-614": 0.0,
            "CWE-643": 0.0
          },
          "F1-Score": {
            "CWE-22": 0.0,
            "CWE-78": 0.0,
            "CWE-79": 0.0,
            "CWE-89": 0.003937007874015748,
            "CWE-90": 0.0,
            "CWE-327": 0.0,
            "CWE-328": 0.0,
            "CWE-330": 0.0,
            "CWE-501": 0.0,
            "CWE-614": 0.0,
            "CWE-643": 0.0
          }
        },
        "Macro Precision": 0.022727272727272728,
        "Macro Recall": 0.00018037518037518038,
        "Macro F1-Score": 0.00035790980672870435,
        "Weighted Precision": 0.04598540145985401,
        "Weighted Recall": 0.000364963503649635,
        "Weighted F1-Score": 0.0007241795505488821,
        "MCC": 0.0019154258581365758,
        "Cohen Kappa": 0.0,