{
  "codellama:70b": {
    "Dataset": "owasp",
    "Prompt Type": "simple",
    "Vulnerability Metrics": {
      "Accuracy": 0.5164233576642335,
      "Precision": 0.5175097276264592,
      "Recall": 0.9399293286219081,
      "F1-Score": 0.6675031367628608,
      "Youden Index": 0.004080272018134545,
      "ROC-AUC Score": 0.5020401360090673,
      "FPR": 0.9358490566037736,
      "FNR": 0.06007067137809187,
      "Specificity": 0.06415094339622641,
      "NPV": 0.5,
      "FDR": 0.48249027237354086,
      "MCC": 0.008452481983382077,
      "Confusion Matrix": [
        [
          85,
          1240
        ],
        [
          85,
          1330
        ]
      ]
    },
    "Vulnerability Type Metrics": {
      "Using Predicted CWE": {
        "Per Class Metrics": {
          "Accuracy": {
            "CWE-22": 0.9197080291970803,
            "CWE-78": 0.9591240875912409,
            "CWE-79": 0.841970802919708,
            "CWE-89": 0.8277372262773722,
            "CWE-90": 0.9784671532846715,
            "CWE-327": 0.9116788321167884,
            "CWE-328": 0.9138686131386862,
            "CWE-330": 0.82007299270073,
            "CWE-501": 0.954014598540146,
            "CWE-614": 0.9755474452554744,
            "CWE-643": 0.9875912408759124
          },
          "Precision": {
            "CWE-22": 0.98,
            "CWE-78": 0.986013986013986,
            "CWE-79": 0.8928571428571429,
            "CWE-89": 0.7424242424242424,
            "CWE-90": 0.0,
            "CWE-327": 1.0,
            "CWE-328": 0.0,
            "CWE-330": 0.0,
            "CWE-501": 0.0,
            "CWE-614": 0.0,
            "CWE-643": 1.0
          },
          "Recall": {
            "CWE-22": 0.1828358208955224,
            "CWE-78": 0.5617529880478087,
            "CWE-79": 0.054945054945054944,
            "CWE-89": 0.09722222222222222,
            "CWE-90": 0.0,
            "CWE-327": 0.016260162601626018,
            "CWE-328": 0.0,
            "CWE-330": 0.0,
            "CWE-501": 0.0,
            "CWE-614": 0.0,
            "CWE-643": 0.02857142857142857
          },
          "F1-Score": {
            "CWE-22": 0.3081761006289308,
            "CWE-78": 0.7157360406091371,
            "CWE-79": 0.10351966873706005,
            "CWE-89": 0.17192982456140352,
            "CWE-90": 0.0,
            "CWE-327": 0.032,
            "CWE-328": 0.0,
            "CWE-330": 0.0,
            "CWE-501": 0.0,
            "CWE-614": 0.0,
            "CWE-643": 0.05555555555555555
          }
        },
        "Macro Precision": 0.509208670117761,
        "Macro Recall": 0.08559887975306026,
        "Macro F1-Score": 0.12608338091746246,
        "Weighted Precision": 0.5735625287121637,
        "Weighted Recall": 0.09817518248175182,
        "Weighted F1-Score": 0.14810637462051135,
        "MCC": 0.20567881063771218,
        "Cohen Kappa": 0.8848225004287429,
        "Confusion Matrix": [
          [
            49,
            0,
            0,
            1,
            0,
            0,
            0,
            0,
            0,
            0,
            0
          ],
          [
            0,
            141,
            0,
            0,
            0,
            0,
            0,
            0,
            0,
            0,
            0
          ],
          [
            0,
            1,
            25,
            11,
            0,
            0,
            0,
            0,
            0,
            0,
            0
          ],
          [
            0,
            0,
            0,
            49,
            0,
            0,
            0,
            0,
            0,
            0,
            0
          ],
          [
            1,
            0,
            0,
            0,
            0,
            0,
            0,
            0,
            0,
            0,
            0
          ],
          [
            0,
            0,
            1,
            0,
            0,
            4,
            0,
            0,
            0,
            0,
            0
          ],
          [
            0,
            1,
            0,
            0,
            0,
            0,
            0,
            0,
            0,
            0,
            0
          ],
          [
            0,
            0,
            0,
            0,
            0,
            0,
            0,
            0,
            0,
            0,
            0
          ],
          [
            0,
            0,
            2,
            5,
            0,
            0,
            0,
            0,
            0,
            0,
            0
          ],
          [
            0,
            0,
            0,
            0,
            0,
            0,
            0,
            0,
            0,
            0,
            0
          ],
          [
            0,
            0,
            0,
            0,
            0,
            0,
            0,
            0,
            0,
            0,
            1
          ]
        ]
      },
      "Using Predicted Vulnerability Name": {
        "Per Class Metrics": {
          "Accuracy": {
            "CWE-22": 0.9021897810218978,
            "CWE-78": 0.9083941605839416,
            "CWE-79": 0.833941605839416,
            "CWE-89": 0.8160583941605839,
            "CWE-90": 0.9784671532846715,
            "CWE-327": 0.9102189781021898,
            "CWE-328": 0.9138686131386862,
            "CWE-330": 0.82007299270073,
            "CWE-501": 0.954014598540146,
            "CWE-614": 0.9755474452554744,
            "CWE-643": 0.9872262773722628
          },
          "Precision": {
            "CWE-22": 0.0,
            "CWE-78": 0.0,
            "CWE-79": 0.0,
            "CWE-89": 0.0,
            "CWE-90": 0.0,
            "CWE-327": 0.0,
            "CWE-328": 0.0,
            "CWE-330": 0.0,
            "CWE-501": 0.0,
            "CWE-614": 0.0,
            "CWE-643": 0.0
          },
          "Recall": {
            "CWE-22": 0.0,
            "CWE-78": 0.0,
            "CWE-79": 0.0,
            "CWE-89": 0.0,
            "CWE-90": 0.0,
            "CWE-327": 0.0,
            "CWE-328": 0.0,
            "CWE-330": 0.0,
            "CWE-501": 0.0,
            "CWE-614": 0.0,
            "CWE-643": 0.0
          },
          "F1-Score": {
            "CWE-22": 0.0,
            "CWE-78": 0.0,
            "CWE-79": 0.0,
            "CWE-89": 0.0,
            "CWE-90": 0.0,
            "CWE-327": 0.0,
            "CWE-328": 0.0,
            "CWE-330": 0.0,
            "CWE-501": 0.0,
            "CWE-614": 0.0,
            "CWE-643": 0.0
          }
        },
        "Macro Precision": 0.0,
        "Macro Recall": 0.0,
        "Macro F1-Score": 0.0,
        "Weighted Precision": 0.0,
        "Weighted Recall": 0.0,
        "Weighted F1-Score": 0.0,
        "MCC": 0.0,
        "Cohen Kappa": NaN,