{
    "mixtral:8x22b": {
        "Dataset": "owasp",
        "Prompt Type": "simple",
        "Vulnerability Metrics": {
            "Accuracy": 0.5726277372262774,
            "Precision": 0.5623721881390593,
            "Recall": 0.7773851590106007,
            "F1-Score": 0.6526253337288639,
            "Youden Index": 0.13134742316154413,
            "ROC-AUC Score": 0.5656737115807721,
            "FPR": 0.6460377358490565,
            "FNR": 0.2226148409893993,
            "Specificity": 0.3539622641509434,
            "NPV": 0.5982142857142857,
            "FDR": 0.4376278118609407,
            "MCC": 0.14523298363400633,
            "Confusion Matrix": [
                [
                    469,
                    856
                ],
                [
                    315,
                    1100
                ]
            ]
        },
        "Vulnerability Type Metrics": {
            "Using Predicted CWE": {
                "Per Class Metrics": {
                    "Accuracy": {
                        "CWE-22": 0.9897810218978103,
                        "CWE-78": 1.0,
                        "CWE-79": 0.9711678832116788,
                        "CWE-89": 0.9806569343065693,
                        "CWE-90": 0.9784671532846715,
                        "CWE-327": 0.9532846715328467,
                        "CWE-328": 0.9138686131386862,
                        "CWE-330": 0.8211678832116789,
                        "CWE-501": 0.954014598540146,
                        "CWE-614": 0.9773722627737226,
                        "CWE-643": 0.9945255474452555
                    },
                    "Precision": {
                        "CWE-22": 1.0,
                        "CWE-78": 1.0,
                        "CWE-79": 0.9870466321243523,
                        "CWE-89": 0.9048473967684022,
                        "CWE-90": 0.0,
                        "CWE-327": 0.9538461538461539,
                        "CWE-328": 0.0,
                        "CWE-330": 1.0,
                        "CWE-501": 0.0,
                        "CWE-614": 1.0,
                        "CWE-643": 1.0
                    },
                    "Recall": {
                        "CWE-22": 0.8955223880597015,
                        "CWE-78": 1.0,
                        "CWE-79": 0.8373626373626374,
                        "CWE-89": 1.0,
                        "CWE-90": 0.0,
                        "CWE-327": 0.5040650406504065,
                        "CWE-328": 0.0,
                        "CWE-330": 0.006085192697768763,
                        "CWE-501": 0.0,
                        "CWE-614": 0.07462686567164178,
                        "CWE-643": 0.5714285714285714
                    },
                    "F1-Score": {
                        "CWE-22": 0.9448818897637795,
                        "CWE-78": 1.0,
                        "CWE-79": 0.906064209274673,
                        "CWE-89": 0.9500471253534402,
                        "CWE-90": 0.0,
                        "CWE-327": 0.6595744680851063,
                        "CWE-328": 0.0,
                        "CWE-330": 0.012096774193548387,
                        "CWE-501": 0.0,
                        "CWE-614": 0.1388888888888889,
                        "CWE-643": 0.7272727272727273
                    }
                },
                "Macro Precision": 0.713249107521719,
                "Macro Recall": 0.4444627905337025,
                "Macro F1-Score": 0.48534782571201496,
                "Weighted Precision": 0.8225530873846748,
                "Weighted Recall": 0.5576642335766423,
                "Weighted F1-Score": 0.5833176798143284,
                "MCC": 0.5906328844022226,
                "Cohen Kappa": 0.9482669940599047,
                "Confusion Matrix": [
                    [
                        240,
                        0,
                        0,
                        0,
                        0,
                        0,
                        0,
                        0,
                        0,
                        0,
                        0
                    ],
                    [
                        0,
                        251,
                        0,
                        0,
                        0,
                        0,
                        0,
                        0,
                        0,
                        0,
                        0
                    ],
                    [
                        0,
                        0,
                        381,
                        0,
                        0,
                        0,
                        0,
                        0,
                        0,
                        0,
                        0
                    ],
                    [
                        0,
                        0,
                        0,
                        504,
                        0,
                        0,
                        0,
                        0,
                        0,
                        0,
                        0
                    ],
                    [
                        0,
                        0,
                        0,
                        53,
                        0,
                        0,
                        0,
                        0,
                        0,
                        0,
                        0
                    ],
                    [
                        0,
                        0,
                        0,
                        0,
                        0,
                        124,
                        0,
                        0,
                        0,
                        0,
                        0
                    ],
                    [
                        0,
                        0,
                        1,
                        0,
                        0,
                        1,
                        0,
                        0,
                        0,
                        0,
                        0
                    ],
                    [
                        0,
                        0,
                        1,
                        0,
                        0,
                        5,
                        0,
                        3,
                        0,
                        0,
                        0
                    ],
                    [
                        0,
                        0,
                        3,
                        0,
                        0,
                        0,
                        0,
                        0,
                        0,
                        0,
                        0
                    ],
                    [
                        0,
                        0,
                        0,
                        0,
                        0,
                        0,
                        0,
                        0,
                        0,
                        5,
                        0
                    ],
                    [
                        0,
                        0,
                        0,
                        0,
                        0,
                        0,
                        0,
                        0,
                        0,
                        0,
                        20
                    ]
                ]
            },
            "Using Predicted Vulnerability Name": {
                "Per Class Metrics": {
                    "Accuracy": {
                        "CWE-22": 0.9864963503649635,
                        "CWE-78": 0.9948905109489051,
                        "CWE-79": 0.8343065693430657,
                        "CWE-89": 0.8160583941605839,