{
    "mixtral:8x22b": {
        "Dataset": "owasp",
        "Prompt Type": "chain_of_thought",
        "Vulnerability Metrics": {
            "Accuracy": 0.5671532846715328,
            "Precision": 0.5538823529411765,
            "Recall": 0.8318021201413428,
            "F1-Score": 0.6649717514124294,
            "Youden Index": 0.11633042202813515,
            "ROC-AUC Score": 0.5581652110140676,
            "FPR": 0.7154716981132075,
            "FNR": 0.16819787985865725,
            "Specificity": 0.28452830188679246,
            "NPV": 0.6130081300813008,
            "FDR": 0.4461176470588235,
            "MCC": 0.1393357108658226,
            "Confusion Matrix": [
                [
                    377,
                    948
                ],
                [
                    238,
                    1177
                ]
            ]
        },
        "Vulnerability Type Metrics": {
            "Using Predicted CWE": {
                "Per Class Metrics": {
                    "Accuracy": {
                        "CWE-22": 0.9883211678832117,
                        "CWE-78": 1.0,
                        "CWE-79": 0.9616788321167883,
                        "CWE-89": 0.9806569343065693,
                        "CWE-90": 0.9788321167883212,
                        "CWE-327": 0.9105839416058394,
                        "CWE-328": 0.9138686131386862,
                        "CWE-330": 0.82007299270073,
                        "CWE-501": 0.954014598540146,
                        "CWE-614": 0.9755474452554744,
                        "CWE-643": 0.9916058394160584
                    },
                    "Precision": {
                        "CWE-22": 1.0,
                        "CWE-78": 1.0,
                        "CWE-79": 0.9533678756476683,
                        "CWE-89": 0.9048473967684022,
                        "CWE-90": 1.0,
                        "CWE-327": 1.0,
                        "CWE-328": 0.0,
                        "CWE-330": 0.0,
                        "CWE-501": 0.0,
                        "CWE-614": 0.0,
                        "CWE-643": 1.0
                    },
                    "Recall": {
                        "CWE-22": 0.8805970149253731,
                        "CWE-78": 1.0,
                        "CWE-79": 0.8087912087912088,
                        "CWE-89": 1.0,
                        "CWE-90": 0.01694915254237288,
                        "CWE-327": 0.0040650406504065045,
                        "CWE-328": 0.0,
                        "CWE-330": 0.0,
                        "CWE-501": 0.0,
                        "CWE-614": 0.0,
                        "CWE-643": 0.34285714285714286
                    },
                    "F1-Score": {
                        "CWE-22": 0.9365079365079365,
                        "CWE-78": 1.0,
                        "CWE-79": 0.8751486325802615,
                        "CWE-89": 0.9500471253534402,
                        "CWE-90": 0.03333333333333333,
                        "CWE-327": 0.008097165991902834,
                        "CWE-328": 0.0,
                        "CWE-330": 0.0,
                        "CWE-501": 0.0,
                        "CWE-614": 0.0,
                        "CWE-643": 0.5106382978723404
                    }
                },
                "Macro Precision": 0.6234741156741882,
                "Macro Recall": 0.36847814179695493,
                "Macro F1-Score": 0.39216113560356497,
                "Weighted Precision": 0.6382574713105706,
                "Weighted Recall": 0.5010948905109489,
                "Weighted F1-Score": 0.5112523415739001,
                "MCC": 0.5430031790632938,
                "Cohen Kappa": 0.9335753862739915,
                "Confusion Matrix": [
                    [
                        236,
                        0,
                        0,
                        0,
                        0,
                        0,
                        0,
                        0,
                        0,
                        0,
                        0
                    ],
                    [
                        0,
                        251,
                        0,
                        0,
                        0,
                        0,
                        0,
                        0,
                        0,
                        0,
                        0
                    ],
                    [
                        0,
                        0,
                        368,
                        0,
                        0,
                        0,
                        0,
                        0,
                        0,
                        0,
                        0
                    ],
                    [
                        0,
                        0,
                        0,
                        504,
                        0,
                        0,
                        0,
                        0,
                        0,
                        0,
                        0
                    ],
                    [
                        0,
                        0,
                        0,
                        53,
                        1,
                        0,
                        0,
                        0,
                        0,
                        0,
                        0
                    ],
                    [
                        0,
                        0,
                        0,
                        0,
                        0,
                        1,
                        0,
                        0,
                        0,
                        0,
                        0
                    ],
                    [
                        0,
                        0,
                        0,
                        0,
                        0,
                        0,
                        0,
                        0,
                        0,
                        0,
                        0
                    ],
                    [
                        0,
                        0,
                        10,
                        0,
                        0,
                        0,
                        0,
                        0,
                        0,
                        0,
                        0
                    ],
                    [
                        0,
                        0,
                        4,
                        0,
                        0,
                        0,
                        0,
                        0,
                        0,
                        0,
                        0
                    ],
                    [
                        0,
                        0,
                        4,
                        0,
                        0,
                        0,
                        0,
                        0,
                        0,
                        0,
                        0
                    ],
                    [
                        0,
                        0,
                        0,
                        0,
                        0,
                        0,
                        0,
                        0,
                        0,
                        0,
                        12
                    ]
                ]
            },
            "Using Predicted Vulnerability Name": {
                "Per Class Metrics": {
                    "Accuracy": {
                        "CWE-22": 0.981021897810219,
                        "CWE-78": 0.9857664233576642,
                        "CWE-79": 0.833941605839416,
                        "CWE-89": 0.8160583941605839,
                        "CWE-90": 0.9784671532846715,