{
    "mixtral:8x22b": {
        "Dataset": "owasp",
        "Prompt Type": "vulnerability_specific",
        "Vulnerability Metrics": {
            "Accuracy": 0.5678832116788322,
            "Precision": 0.5644891122278057,
            "Recall": 0.714487632508834,
            "F1-Score": 0.6306924516531504,
            "Youden Index": 0.1258083872258151,
            "ROC-AUC Score": 0.5629041936129076,
            "FPR": 0.5886792452830188,
            "FNR": 0.2855123674911661,
            "Specificity": 0.41132075471698115,
            "NPV": 0.5742887249736565,
            "FDR": 0.4355108877721943,
            "MCC": 0.13213408296500445,
            "Confusion Matrix": [
                [
                    545,
                    780
                ],
                [
                    404,
                    1011
                ]
            ]
        },
        "Vulnerability Type Metrics": {
            "Using Predicted CWE": {
                "Per Class Metrics": {
                    "Accuracy": {
                        "CWE-22": 0.9952554744525547,
                        "CWE-78": 0.9996350364963503,
                        "CWE-79": 0.9762773722627737,
                        "CWE-89": 1.0,
                        "CWE-90": 1.0,
                        "CWE-327": 0.9437956204379562,
                        "CWE-328": 0.9142335766423357,
                        "CWE-330": 0.8354014598540146,
                        "CWE-501": 0.9675182481751825,
                        "CWE-614": 0.9861313868613139,
                        "CWE-643": 0.9996350364963503
                    },
                    "Precision": {
                        "CWE-22": 0.956989247311828,
                        "CWE-78": 0.996031746031746,
                        "CWE-79": 0.9974489795918368,
                        "CWE-89": 1.0,
                        "CWE-90": 1.0,
                        "CWE-327": 0.7473118279569892,
                        "CWE-328": 1.0,
                        "CWE-330": 1.0,
                        "CWE-501": 1.0,
                        "CWE-614": 0.9393939393939394,
                        "CWE-643": 1.0
                    },
                    "Recall": {
                        "CWE-22": 0.996268656716418,
                        "CWE-78": 1.0,
                        "CWE-79": 0.8593406593406593,
                        "CWE-89": 1.0,
                        "CWE-90": 1.0,
                        "CWE-327": 0.5650406504065041,
                        "CWE-328": 0.00423728813559322,
                        "CWE-330": 0.08519269776876268,
                        "CWE-501": 0.29365079365079366,
                        "CWE-614": 0.4626865671641791,
                        "CWE-643": 0.9714285714285714
                    },
                    "F1-Score": {
                        "CWE-22": 0.9762340036563071,
                        "CWE-78": 0.9980119284294234,
                        "CWE-79": 0.9232585596221959,
                        "CWE-89": 1.0,
                        "CWE-90": 1.0,
                        "CWE-327": 0.6435185185185185,
                        "CWE-328": 0.008438818565400843,
                        "CWE-330": 0.15700934579439252,
                        "CWE-501": 0.4539877300613497,
                        "CWE-614": 0.62,
                        "CWE-643": 0.9855072463768116
                    }
                },
                "Macro Precision": 0.9670159763896673,
                "Macro Recall": 0.6579859895101347,
                "Macro F1-Score": 0.7059969228203999,
                "Weighted Precision": 0.9708373999505976,
                "Weighted Recall": 0.6408759124087591,
                "Weighted F1-Score": 0.6810774757183646,
                "MCC": 0.6615040786492816,
                "Cohen Kappa": 0.9579736767504367,
                "Confusion Matrix": [
                    [
                        267,
                        0,
                        0,
                        0,
                        0,
                        0,
                        0,
                        0,
                        0,
                        0,
                        0
                    ],
                    [
                        0,
                        251,
                        0,
                        0,
                        0,
                        0,
                        0,
                        0,
                        0,
                        0,
                        0
                    ],
                    [
                        0,
                        0,
                        391,
                        0,
                        0,
                        0,
                        0,
                        0,
                        0,
                        0,
                        0
                    ],
                    [
                        0,
                        0,
                        0,
                        504,
                        0,
                        0,
                        0,
                        0,
                        0,
                        0,
                        0
                    ],
                    [
                        0,
                        0,
                        0,
                        0,
                        59,
                        0,
                        0,
                        0,
                        0,
                        0,
                        0
                    ],
                    [
                        8,
                        1,
                        0,
                        0,
                        0,
                        139,
                        0,
                        0,
                        0,
                        0,
                        0
                    ],
                    [
                        2,
                        0,
                        0,
                        0,
                        0,
                        37,
                        1,
                        0,
                        0,
                        1,
                        0
                    ],
                    [
                        2,
                        0,
                        0,
                        0,
                        0,
                        10,
                        0,
                        42,
                        0,
                        0,
                        0
                    ],
                    [
                        0,
                        0,
                        1,
                        0,
                        0,
                        0,
                        0,
                        0,
                        37,
                        0,
                        0
                    ],
                    [
                        0,
                        0,
                        0,
                        0,
                        0,
                        0,
                        0,
                        0,
                        0,
                        31,
                        0
                    ],
                    [
                        0,
                        0,
                        0,
                        0,
                        0,
                        0,
                        0,
                        0,
                        0,
                        1,
                        34
                    ]
                ]
            },
            "Using Predicted Vulnerability Name": {
                "Per Class Metrics": {
                    "Accuracy": {
                        "CWE-22": 0.9868613138686131,
                        "CWE-78": 0.9083941605839416,
                        "CWE-79": 0.9762773722627737,