{
    "mixtral:8x22b": {
        "Dataset": "owasp",
        "Prompt Type": "few_shot",
        "Vulnerability Metrics": {
            "Accuracy": 0.5788321167883211,
            "Precision": 0.6034892942109437,
            "Recall": 0.537809187279152,
            "F1-Score": 0.5687593423019432,
            "Youden Index": 0.1604506967131143,
            "ROC-AUC Score": 0.5802253483565571,
            "FPR": 0.37735849056603776,
            "FNR": 0.46219081272084805,
            "Specificity": 0.6226415094339622,
            "NPV": 0.5578093306288032,
            "FDR": 0.3965107057890563,
            "MCC": 0.1608741021246261,
            "Confusion Matrix": [
                [
                    825,
                    500
                ],
                [
                    654,
                    761
                ]
            ]
        },
        "Vulnerability Type Metrics": {
            "Using Predicted CWE": {
                "Per Class Metrics": {
                    "Accuracy": {
                        "CWE-22": 0.9799270072992701,
                        "CWE-78": 0.9941605839416059,
                        "CWE-79": 0.962043795620438,
                        "CWE-89": 0.9627737226277372,
                        "CWE-90": 0.9799270072992701,
                        "CWE-327": 0.9102189781021898,
                        "CWE-328": 0.9138686131386862,
                        "CWE-330": 0.82007299270073,
                        "CWE-501": 0.954014598540146,
                        "CWE-614": 0.9755474452554744,
                        "CWE-643": 0.9919708029197081
                    },
                    "Precision": {
                        "CWE-22": 1.0,
                        "CWE-78": 1.0,
                        "CWE-79": 0.9971671388101983,
                        "CWE-89": 1.0,
                        "CWE-90": 1.0,
                        "CWE-327": 0.0,
                        "CWE-328": 0.0,
                        "CWE-330": 0.0,
                        "CWE-501": 0.0,
                        "CWE-614": 0.0,
                        "CWE-643": 1.0
                    },
                    "Recall": {
                        "CWE-22": 0.7947761194029851,
                        "CWE-78": 0.9362549800796812,
                        "CWE-79": 0.7736263736263737,
                        "CWE-89": 0.7976190476190477,
                        "CWE-90": 0.06779661016949153,
                        "CWE-327": 0.0,
                        "CWE-328": 0.0,
                        "CWE-330": 0.0,
                        "CWE-501": 0.0,
                        "CWE-614": 0.0,
                        "CWE-643": 0.37142857142857144
                    },
                    "F1-Score": {
                        "CWE-22": 0.8856548856548857,
                        "CWE-78": 0.9670781893004116,
                        "CWE-79": 0.8712871287128713,
                        "CWE-89": 0.8874172185430463,
                        "CWE-90": 0.12698412698412698,
                        "CWE-327": 0.0,
                        "CWE-328": 0.0,
                        "CWE-330": 0.0,
                        "CWE-501": 0.0,
                        "CWE-614": 0.0,
                        "CWE-643": 0.5416666666666666
                    }
                },
                "Macro Precision": 0.5451970126191089,
                "Macro Recall": 0.3401365183932864,
                "Macro F1-Score": 0.389098928714728,
                "Weighted Precision": 0.5732522073571679,
                "Weighted Recall": 0.4448905109489051,
                "Weighted F1-Score": 0.49278702679027775,
                "MCC": 0.5104175719698736,
                "Cohen Kappa": 0.9988926818066713,
                "Confusion Matrix": [
                    [
                        213,
                        0,
                        0,
                        0,
                        0,
                        0,
                        0,
                        0,
                        0,
                        0,
                        0
                    ],
                    [
                        0,
                        235,
                        0,
                        0,
                        0,
                        0,
                        0,
                        0,
                        0,
                        0,
                        0
                    ],
                    [
                        0,
                        0,
                        352,
                        0,
                        0,
                        0,
                        0,
                        0,
                        0,
                        0,
                        0
                    ],
                    [
                        0,
                        0,
                        0,
                        402,
                        0,
                        0,
                        0,
                        0,
                        0,
                        0,
                        0
                    ],
                    [
                        0,
                        0,
                        0,
                        0,
                        4,
                        0,
                        0,
                        0,
                        0,
                        0,
                        0
                    ],
                    [
                        0,
                        0,
                        0,
                        0,
                        0,
                        0,
                        0,
                        0,
                        0,
                        0,
                        0
                    ],
                    [
                        0,
                        0,
                        0,
                        0,
                        0,
                        0,
                        0,
                        0,
                        0,
                        0,
                        0
                    ],
                    [
                        0,
                        0,
                        0,
                        0,
                        0,
                        0,
                        0,
                        0,
                        0,
                        0,
                        0
                    ],
                    [
                        0,
                        0,
                        0,
                        0,
                        0,
                        0,
                        0,
                        0,
                        0,
                        0,
                        0
                    ],
                    [
                        0,
                        0,
                        1,
                        0,
                        0,
                        0,
                        0,
                        0,
                        0,
                        0,
                        0
                    ],
                    [
                        0,
                        0,
                        0,
                        0,
                        0,
                        0,
                        0,
                        0,
                        0,
                        0,
                        13
                    ]
                ]
            },
            "Using Predicted Vulnerability Name": {
                "Per Class Metrics": {
                    "Accuracy": {
                        "CWE-22": 0.9795620437956204,
                        "CWE-78": 0.9937956204379562,
                        "CWE-79": 0.9532846715328467,
                        "CWE-89": 0.960948905109489,
                        "CWE-90": 0.9784671532846715,