{
  "mixtral:8x7b": {
    "Dataset": "owasp",
    "Prompt Type": "few_shot",
    "Vulnerability Metrics": {
      "Accuracy": 0.5116788321167883,
      "Precision": 0.5582450832072617,
      "Recall": 0.2607773851590106,
      "F1-Score": 0.3554913294797688,
      "Youden Index": 0.040400026668444555,
      "ROC-AUC Score": 0.5202000133342222,
      "FPR": 0.22037735849056603,
      "FNR": 0.7392226148409894,
      "Specificity": 0.779622641509434,
      "NPV": 0.49687349687349686,
      "FDR": 0.44175491679273826,
      "MCC": 0.0471888981137454,
      "Confusion Matrix": [
        [
          1033,
          292
        ],
        [
          1046,
          369
        ]
      ]
    },
    "Vulnerability Type Metrics": {
      "Using Predicted CWE": {
        "Per Class Metrics": {
          "Accuracy": {
            "CWE-22": 0.904014598540146,
            "CWE-78": 0.9281021897810219,
            "CWE-79": 0.833941605839416,
            "CWE-89": 0.8671532846715329,
            "CWE-90": 0.9784671532846715,
            "CWE-327": 0.9102189781021898,
            "CWE-328": 0.9138686131386862,
            "CWE-330": 0.82007299270073,
            "CWE-501": 0.954014598540146,
            "CWE-614": 0.9755474452554744,
            "CWE-643": 0.9872262773722628
          },
          "Precision": {
            "CWE-22": 1.0,
            "CWE-78": 0.95,
            "CWE-79": 0.0,
            "CWE-89": 1.0,
            "CWE-90": 0.0,
            "CWE-327": 0.0,
            "CWE-328": 0.0,
            "CWE-330": 0.0,
            "CWE-501": 0.0,
            "CWE-614": 0.0,
            "CWE-643": 0.0
          },
          "Recall": {
            "CWE-22": 0.018656716417910446,
            "CWE-78": 0.22709163346613545,
            "CWE-79": 0.0,
            "CWE-89": 0.2777777777777778,
            "CWE-90": 0.0,
            "CWE-327": 0.0,
            "CWE-328": 0.0,
            "CWE-330": 0.0,
            "CWE-501": 0.0,
            "CWE-614": 0.0,
            "CWE-643": 0.0
          },
          "F1-Score": {
            "CWE-22": 0.03663003663003663,
            "CWE-78": 0.3665594855305466,
            "CWE-79": 0.0,
            "CWE-89": 0.43478260869565216,
            "CWE-90": 0.0,
            "CWE-327": 0.0,
            "CWE-328": 0.0,
            "CWE-330": 0.0,
            "CWE-501": 0.0,
            "CWE-614": 0.0,
            "CWE-643": 0.0
          }
        },
        "Macro Precision": 0.2681818181818182,
        "Macro Recall": 0.04759328433289307,
        "Macro F1-Score": 0.07617928462329412,
        "Weighted Precision": 0.36877737226277374,
        "Weighted Recall": 0.07372262773722628,
        "Weighted F1-Score": 0.11713639250643272,
        "MCC": 0.17751148971759542,
        "Cohen Kappa": 0.9675718428684419,
        "Confusion Matrix": [
          [
            5,
            3,
            0,
            0,
            0,
            0,
            0,
            0,
            0,
            0,
            0
          ],
          [
            0,
            57,
            0,
            0,
            0,
            0,
            0,
            0,
            0,
            0,
            0
          ],
          [
            0,
            0,
            0,
            0,
            0,
            0,
            0,
            0,
            0,
            0,
            0
          ],
          [
            0,
            0,
            0,
            140,
            0,
            0,
            0,
            0,
            0,
            0,
            0
          ],
          [
            0,
            0,
            0,
            0,
            0,
            0,
            0,
            0,
            0,
            0,
            0
          ],
          [
            0,
            0,
            0,
            0,
            0,
            0,
            0,
            0,
            0,
            0,
            0
          ],
          [
            0,
            0,
            0,
            0,
            0,
            0,
            0,
            0,
            0,
            0,
            0
          ],
          [
            0,
            0,
            0,
            0,
            0,
            0,
            0,
            0,
            0,
            0,
            0
          ],
          [
            0,
            0,
            0,
            0,
            0,
            0,
            0,
            0,
            0,
            0,
            0
          ],
          [
            0,
            0,
            0,
            0,
            0,
            0,
            0,
            0,
            0,
            0,
            0
          ],
          [
            0,
            0,
            0,
            0,
            0,
            0,
            0,
            0,
            0,
            0,
            0
          ]
        ]
      },
      "Using Predicted Vulnerability Name": {
        "Per Class Metrics": {
          "Accuracy": {
            "CWE-22": 0.9021897810218978,
            "CWE-78": 0.9171532846715329,
            "CWE-79": 0.833941605839416,
            "CWE-89": 0.8624087591240875,
            "CWE-90": 0.9784671532846715,
            "CWE-327": 0.9102189781021898,
            "CWE-328": 0.9138686131386862,
            "CWE-330": 0.82007299270073,
            "CWE-501": 0.954014598540146,
            "CWE-614": 0.9755474452554744,
            "CWE-643": 0.9872262773722628
          },
          "Precision": {
            "CWE-22": 0.0,
            "CWE-78": 0.9,
            "CWE-79": 0.0,
            "CWE-89": 1.0,
            "CWE-90": 0.0,
            "CWE-327": 0.0,
            "CWE-328": 0.0,
            "CWE-330": 0.0,
            "CWE-501": 0.0,
            "CWE-614": 0.0,
            "CWE-643": 0.0
          },
          "Recall": {
            "CWE-22": 0.0,
            "CWE-78": 0.10756972111553785,
            "CWE-79": 0.0,
            "CWE-89": 0.251984126984127,
            "CWE-90": 0.0,
            "CWE-327": 0.0,
            "CWE-328": 0.0,
            "CWE-330": 0.0,
            "CWE-501": 0.0,
            "CWE-614": 0.0,
            "CWE-643": 0.0
          },
          "F1-Score": {
            "CWE-22": 0.0,
            "CWE-78": 0.19217081850533807,
            "CWE-79": 0.0,
            "CWE-89": 0.40253565768621236,
            "CWE-90": 0.0,
            "CWE-327": 0.0,
            "CWE-328": 0.0,
            "CWE-330": 0.0,
            "CWE-501": 0.0,
            "CWE-614": 0.0,
            "CWE-643": 0.0
          }
        },
        "Macro Precision": 0.17272727272727273,
        "Macro Recall": 0.032686713463605896,
        "Macro F1-Score": 0.05406422510832276,
        "Weighted Precision": 0.26638686131386863,
        "Weighted Recall": 0.05620437956204379,
        "Weighted F1-Score": 0.09164702442287988,
        "MCC": 0.15158756016784708,
        "Cohen Kappa": 0.9389105058365759,