{
  "mixtral:8x7b": {
    "Dataset": "owasp",
    "Prompt Type": "simple",
    "Vulnerability Metrics": {
      "Accuracy": 0.5536496350364963,
      "Precision": 0.5726172465960666,
      "Recall": 0.5349823321554771,
      "F1-Score": 0.5531603945926197,
      "Youden Index": 0.10856723781585442,
      "ROC-AUC Score": 0.5542836189079272,
      "FPR": 0.42641509433962266,
      "FNR": 0.465017667844523,
      "Specificity": 0.5735849056603773,
      "NPV": 0.535966149506347,
      "FDR": 0.42738275340393345,
      "MCC": 0.10857531665854743,
      "Confusion Matrix": [
        [
          760,
          565
        ],
        [
          658,
          757
        ]
      ]
    },
    "Vulnerability Type Metrics": {
      "Using Predicted CWE": {
        "Per Class Metrics": {
          "Accuracy": {
            "CWE-22": 0.9259124087591241,
            "CWE-78": 0.9846715328467154,
            "CWE-79": 0.8346715328467154,
            "CWE-89": 0.9967153284671533,
            "CWE-90": 0.9784671532846715,
            "CWE-327": 0.9116788321167884,
            "CWE-328": 0.9138686131386862,
            "CWE-330": 0.82007299270073,
            "CWE-501": 0.954014598540146,
            "CWE-614": 0.9755474452554744,
            "CWE-643": 0.9872262773722628
          },
          "Precision": {
            "CWE-22": 1.0,
            "CWE-78": 0.88,
            "CWE-79": 0.75,
            "CWE-89": 0.9862475442043221,
            "CWE-90": 0.0,
            "CWE-327": 0.8333333333333334,
            "CWE-328": 0.0,
            "CWE-330": 0.0,
            "CWE-501": 0.0,
            "CWE-614": 0.0,
            "CWE-643": 0.0
          },
          "Recall": {
            "CWE-22": 0.24253731343283583,
            "CWE-78": 0.9641434262948207,
            "CWE-79": 0.006593406593406593,
            "CWE-89": 0.996031746031746,
            "CWE-90": 0.0,
            "CWE-327": 0.02032520325203252,
            "CWE-328": 0.0,
            "CWE-330": 0.0,
            "CWE-501": 0.0,
            "CWE-614": 0.0,
            "CWE-643": 0.0
          },
          "F1-Score": {
            "CWE-22": 0.39039039039039036,
            "CWE-78": 0.9201520912547528,
            "CWE-79": 0.013071895424836602,
            "CWE-89": 0.9911154985192497,
            "CWE-90": 0.0,
            "CWE-327": 0.03968253968253968,
            "CWE-328": 0.0,
            "CWE-330": 0.0,
            "CWE-501": 0.0,
            "CWE-614": 0.0,
            "CWE-643": 0.0
          }
        },
        "Macro Precision": 0.4045073525034232,
        "Macro Recall": 0.20269373596407653,
        "Macro F1-Score": 0.21403749229743355,
        "Weighted Precision": 0.5591966285689702,
        "Weighted Recall": 0.29817518248175184,
        "Weighted F1-Score": 0.3105162875779106,
        "MCC": 0.3887227057088187,
        "Cohen Kappa": 0.911995862990843,
        "Confusion Matrix": [
          [
            65,
            24,
            0,
            0,
            0,
            0,
            0,
            0,
            0,
            0,
            0
          ],
          [
            0,
            242,
            0,
            0,
            0,
            0,
            0,
            0,
            0,
            0,
            0
          ],
          [
            0,
            7,
            3,
            0,
            0,
            0,
            0,
            0,
            0,
            0,
            0
          ],
          [
            0,
            0,
            0,
            502,
            0,
            0,
            0,
            0,
            0,
            0,
            0
          ],
          [
            0,
            0,
            0,
            7,
            0,
            0,
            0,
            0,
            0,
            0,
            0
          ],
          [
            0,
            0,
            0,
            0,
            0,
            5,
            0,
            0,
            0,
            0,
            0
          ],
          [
            0,
            1,
            0,
            0,
            0,
            0,
            0,
            0,
            0,
            0,
            0
          ],
          [
            0,
            0,
            1,
            0,
            0,
            1,
            0,
            0,
            0,
            0,
            0
          ],
          [
            0,
            1,
            0,
            0,
            0,
            0,
            0,
            0,
            0,
            0,
            0
          ],
          [
            0,
            0,
            0,
            0,
            0,
            0,
            0,
            0,
            0,
            0,
            0
          ],
          [
            0,
            0,
            0,
            0,
            0,
            0,
            0,
            0,
            0,
            0,
            0
          ]
        ]
      },
      "Using Predicted Vulnerability Name": {
        "Per Class Metrics": {
          "Accuracy": {
            "CWE-22": 0.9087591240875912,
            "CWE-78": 0.9083941605839416,
            "CWE-79": 0.8343065693430657,
            "CWE-89": 0.82007299270073,
            "CWE-90": 0.9784671532846715,
            "CWE-327": 0.9102189781021898,
            "CWE-328": 0.9138686131386862,
            "CWE-330": 0.82007299270073,
            "CWE-501": 0.954014598540146,
            "CWE-614": 0.9755474452554744,
            "CWE-643": 0.9872262773722628
          },
          "Precision": {
            "CWE-22": 1.0,
            "CWE-78": 0.0,
            "CWE-79": 0.6666666666666666,
            "CWE-89": 1.0,
            "CWE-90": 0.0,
            "CWE-327": 0.0,
            "CWE-328": 0.0,
            "CWE-330": 0.0,
            "CWE-501": 0.0,
            "CWE-614": 0.0,
            "CWE-643": 0.0
          },
          "Recall": {
            "CWE-22": 0.06716417910447761,
            "CWE-78": 0.0,
            "CWE-79": 0.004395604395604396,
            "CWE-89": 0.021825396825396824,
            "CWE-90": 0.0,
            "CWE-327": 0.0,
            "CWE-328": 0.0,
            "CWE-330": 0.0,
            "CWE-501": 0.0,
            "CWE-614": 0.0,
            "CWE-643": 0.0
          },
          "F1-Score": {
            "CWE-22": 0.1258741258741259,
            "CWE-78": 0.0,
            "CWE-79": 0.008733624454148471,
            "CWE-89": 0.04271844660194175,
            "CWE-90": 0.0,
            "CWE-327": 0.0,
            "CWE-328": 0.0,
            "CWE-330": 0.0,
            "CWE-501": 0.0,
            "CWE-614": 0.0,
            "CWE-643": 0.0
          }
        },
        "Macro Precision": 0.2424242424242424,
        "Macro Recall": 0.008489561847770803,
        "Macro F1-Score": 0.016120563357292374,
        "Weighted Precision": 0.3924574209245742,
        "Weighted Recall": 0.011313868613138687,
        "Weighted F1-Score": 0.021619767134409464,
        "MCC": 0.06871556416194698,
        "Cohen Kappa": 0.944153577661431,