{
  "mixtral:8x7b": {
    "Dataset": "owasp",
    "Prompt Type": "chain_of_thought",
    "Vulnerability Metrics": {
      "Accuracy": 0.5343065693430656,
      "Precision": 0.5554668794892259,
      "Recall": 0.49187279151943464,
      "F1-Score": 0.5217391304347826,
      "Youden Index": 0.07149543302886863,
      "ROC-AUC Score": 0.5357477165144343,
      "FPR": 0.420377358490566,
      "FNR": 0.5081272084805654,
      "Specificity": 0.579622641509434,
      "NPV": 0.5164761264290518,
      "FDR": 0.44453312051077415,
      "MCC": 0.0717188703307973,
      "Confusion Matrix": [
        [
          768,
          557
        ],
        [
          719,
          696
        ]
      ]
    },
    "Vulnerability Type Metrics": {
      "Using Predicted CWE": {
        "Per Class Metrics": {
          "Accuracy": {
            "CWE-22": 0.954014598540146,
            "CWE-78": 0.972992700729927,
            "CWE-79": 0.82992700729927,
            "CWE-89": 0.9894160583941606,
            "CWE-90": 0.9784671532846715,
            "CWE-327": 0.9102189781021898,
            "CWE-328": 0.9138686131386862,
            "CWE-330": 0.82007299270073,
            "CWE-501": 0.954014598540146,
            "CWE-614": 0.9755474452554744,
            "CWE-643": 0.9872262773722628
          },
          "Precision": {
            "CWE-22": 1.0,
            "CWE-78": 0.8443579766536965,
            "CWE-79": 0.0,
            "CWE-89": 0.9611650485436893,
            "CWE-90": 0.0,
            "CWE-327": 0.0,
            "CWE-328": 0.0,
            "CWE-330": 0.0,
            "CWE-501": 0.0,
            "CWE-614": 0.0,
            "CWE-643": 0.0
          },
          "Recall": {
            "CWE-22": 0.5298507462686567,
            "CWE-78": 0.8645418326693227,
            "CWE-79": 0.0,
            "CWE-89": 0.9821428571428571,
            "CWE-90": 0.0,
            "CWE-327": 0.0,
            "CWE-328": 0.0,
            "CWE-330": 0.0,
            "CWE-501": 0.0,
            "CWE-614": 0.0,
            "CWE-643": 0.0
          },
          "F1-Score": {
            "CWE-22": 0.6926829268292682,
            "CWE-78": 0.8543307086614174,
            "CWE-79": 0.0,
            "CWE-89": 0.971540726202159,
            "CWE-90": 0.0,
            "CWE-327": 0.0,
            "CWE-328": 0.0,
            "CWE-330": 0.0,
            "CWE-501": 0.0,
            "CWE-614": 0.0,
            "CWE-643": 0.0
          }
        },
        "Macro Precision": 0.25504754774521693,
        "Macro Recall": 0.21604867600734876,
        "Macro F1-Score": 0.22895948742662223,
        "Weighted Precision": 0.3519565827029552,
        "Weighted Recall": 0.3116788321167883,
        "Weighted F1-Score": 0.3247199117774262,
        "MCC": 0.39293809456082146,
        "Cohen Kappa": 0.873533869045212,
        "Confusion Matrix": [
          [
            142,
            33,
            0,
            0,
            0,
            0,
            0,
            0,
            0,
            0,
            0
          ],
          [
            0,
            217,
            1,
            0,
            0,
            0,
            0,
            0,
            0,
            0,
            0
          ],
          [
            0,
            0,
            0,
            0,
            0,
            0,
            0,
            0,
            0,
            0,
            0
          ],
          [
            0,
            0,
            1,
            495,
            0,
            0,
            0,
            0,
            0,
            0,
            0
          ],
          [
            0,
            0,
            0,
            20,
            0,
            0,
            0,
            0,
            0,
            0,
            0
          ],
          [
            0,
            1,
            0,
            0,
            0,
            0,
            0,
            0,
            0,
            0,
            0
          ],
          [
            0,
            3,
            0,
            0,
            0,
            0,
            0,
            0,
            0,
            0,
            0
          ],
          [
            0,
            0,
            4,
            0,
            0,
            0,
            0,
            0,
            0,
            0,
            0
          ],
          [
            0,
            0,
            1,
            0,
            0,
            0,
            0,
            0,
            0,
            0,
            0
          ],
          [
            0,
            3,
            4,
            0,
            0,
            0,
            0,
            0,
            0,
            0,
            0
          ],
          [
            0,
            0,
            0,
            0,
            0,
            0,
            0,
            0,
            0,
            0,
            0
          ]
        ]
      },
      "Using Predicted Vulnerability Name": {
        "Per Class Metrics": {
          "Accuracy": {
            "CWE-22": 0.9058394160583941,
            "CWE-78": 0.9087591240875912,
            "CWE-79": 0.833941605839416,
            "CWE-89": 0.8160583941605839,
            "CWE-90": 0.9784671532846715,
            "CWE-327": 0.9102189781021898,
            "CWE-328": 0.9138686131386862,
            "CWE-330": 0.82007299270073,
            "CWE-501": 0.954014598540146,
            "CWE-614": 0.9755474452554744,
            "CWE-643": 0.9872262773722628
          },
          "Precision": {
            "CWE-22": 0.75,
            "CWE-78": 1.0,
            "CWE-79": 0.5,
            "CWE-89": 0.0,
            "CWE-90": 0.0,
            "CWE-327": 0.0,
            "CWE-328": 0.0,
            "CWE-330": 0.0,
            "CWE-501": 0.0,
            "CWE-614": 0.0,
            "CWE-643": 0.0
          },
          "Recall": {
            "CWE-22": 0.055970149253731345,
            "CWE-78": 0.00398406374501992,
            "CWE-79": 0.006593406593406593,
            "CWE-89": 0.0,
            "CWE-90": 0.0,
            "CWE-327": 0.0,
            "CWE-328": 0.0,
            "CWE-330": 0.0,
            "CWE-501": 0.0,
            "CWE-614": 0.0,
            "CWE-643": 0.0
          },
          "F1-Score": {
            "CWE-22": 0.10416666666666667,
            "CWE-78": 0.007936507936507936,
            "CWE-79": 0.013015184381778741,
            "CWE-89": 0.0,
            "CWE-90": 0.0,
            "CWE-327": 0.0,
            "CWE-328": 0.0,
            "CWE-330": 0.0,
            "CWE-501": 0.0,
            "CWE-614": 0.0,
            "CWE-643": 0.0
          }
        },
        "Macro Precision": 0.20454545454545456,
        "Macro Recall": 0.006049783599287079,
        "Macro F1-Score": 0.011374396271359395,
        "Weighted Precision": 0.24799270072992702,
        "Weighted Recall": 0.006934306569343066,
        "Weighted F1-Score": 0.013076875566583754,
        "MCC": 0.044662793907869175,
        "Cohen Kappa": 0.47317073170731716,