{
  "mixtral:8x7b": {
    "Dataset": "owasp",
    "Prompt Type": "vulnerability_specific",
    "Vulnerability Metrics": {
      "Accuracy": 0.5138686131386861,
      "Precision": 0.5425641025641026,
      "Recall": 0.37385159010600705,
      "F1-Score": 0.4426778242677824,
      "Youden Index": 0.03724781652110143,
      "ROC-AUC Score": 0.5186239082605507,
      "FPR": 0.3366037735849057,
      "FNR": 0.6261484098939929,
      "Specificity": 0.6633962264150943,
      "NPV": 0.4980169971671388,
      "FDR": 0.4574358974358974,
      "MCC": 0.03887875199918069,
      "Confusion Matrix": [
        [
          879,
          446
        ],
        [
          886,
          529
        ]
      ]
    },
    "Vulnerability Type Metrics": {
      "Using Predicted CWE": {
        "Per Class Metrics": {
          "Accuracy": {
            "CWE-22": 0.9018248175182482,
            "CWE-78": 0.9875912408759124,
            "CWE-79": 0.8350364963503649,
            "CWE-89": 0.9759124087591241,
            "CWE-90": 0.9788321167883212,
            "CWE-327": 0.9065693430656935,
            "CWE-328": 0.9138686131386862,
            "CWE-330": 0.8233576642335766,
            "CWE-501": 0.9529197080291971,
            "CWE-614": 0.9682481751824817,
            "CWE-643": 0.9861313868613139
          },
          "Precision": {
            "CWE-22": 0.497907949790795,
            "CWE-78": 0.8916967509025271,
            "CWE-79": 0.7142857142857143,
            "CWE-89": 0.8910714285714286,
            "CWE-90": 1.0,
            "CWE-327": 0.2727272727272727,
            "CWE-328": 0.0,
            "CWE-330": 1.0,
            "CWE-501": 0.0,
            "CWE-614": 0.045454545454545456,
            "CWE-643": 0.0
          },
          "Recall": {
            "CWE-22": 0.44402985074626866,
            "CWE-78": 0.9840637450199203,
            "CWE-79": 0.01098901098901099,
            "CWE-89": 0.9900793650793651,
            "CWE-90": 0.01694915254237288,
            "CWE-327": 0.024390243902439025,
            "CWE-328": 0.0,
            "CWE-330": 0.018255578093306288,
            "CWE-501": 0.0,
            "CWE-614": 0.014925373134328358,
            "CWE-643": 0.0
          },
          "F1-Score": {
            "CWE-22": 0.46942800788954636,
            "CWE-78": 0.9356060606060606,
            "CWE-79": 0.021645021645021644,
            "CWE-89": 0.9379699248120301,
            "CWE-90": 0.03333333333333333,
            "CWE-327": 0.04477611940298507,
            "CWE-328": 0.0,
            "CWE-330": 0.035856573705179286,
            "CWE-501": 0.0,
            "CWE-614": 0.02247191011235955,
            "CWE-643": 0.0
          }
        },
        "Macro Precision": 0.4830130601574803,
        "Macro Recall": 0.2276074835915465,
        "Macro F1-Score": 0.22737154104604693,
        "Weighted Precision": 0.6399604301667265,
        "Weighted Recall": 0.32372262773722627,
        "Weighted F1-Score": 0.3194867354504563,
        "MCC": 0.36857986643195034,
        "Cohen Kappa": 0.681550803012016,
        "Confusion Matrix": [
          [
            119,
            2,
            0,
            37,
            0,
            0,
            0,
            0,
            0,
            0,
            0
          ],
          [
            0,
            247,
            0,
            0,
            0,
            0,
            0,
            0,
            0,
            0,
            0
          ],
          [
            2,
            0,
            5,
            0,
            0,
            0,
            0,
            0,
            0,
            0,
            0
          ],
          [
            0,
            0,
            0,
            499,
            0,
            0,
            0,
            0,
            0,
            0,
            0
          ],
          [
            8,
            3,
            1,
            6,
            1,
            0,
            0,
            0,
            0,
            1,
            0
          ],
          [
            14,
            7,
            0,
            4,
            0,
            6,
            0,
            0,
            1,
            4,
            1
          ],
          [
            30,
            6,
            0,
            10,
            0,
            4,
            0,
            0,
            0,
            0,
            0
          ],
          [
            60,
            10,
            1,
            1,
            0,
            12,
            0,
            9,
            1,
            14,
            2
          ],
          [
            0,
            0,
            0,
            0,
            0,
            0,
            0,
            0,
            0,
            0,
            0
          ],
          [
            1,
            0,
            0,
            0,
            0,
            0,
            0,
            0,
            1,
            1,
            0
          ],
          [
            5,
            2,
            0,
            3,
            0,
            0,
            0,
            0,
            0,
            2,
            0
          ]
        ]
      },
      "Using Predicted Vulnerability Name": {
        "Per Class Metrics": {
          "Accuracy": {
            "CWE-22": 0.9427007299270073,
            "CWE-78": 0.9956204379562044,
            "CWE-79": 0.8357664233576643,
            "CWE-89": 0.9799270072992701,
            "CWE-90": 0.9788321167883212,
            "CWE-327": 0.9098540145985401,
            "CWE-328": 0.9138686131386862,
            "CWE-330": 0.82007299270073,
            "CWE-501": 0.9529197080291971,
            "CWE-614": 0.9755474452554744,
            "CWE-643": 0.9872262773722628
          },
          "Precision": {
            "CWE-22": 0.9826086956521739,
            "CWE-78": 1.0,
            "CWE-79": 1.0,
            "CWE-89": 0.9276190476190476,
            "CWE-90": 1.0,
            "CWE-327": 0.0,
            "CWE-328": 0.0,
            "CWE-330": 0.0,
            "CWE-501": 0.0,
            "CWE-614": 0.0,
            "CWE-643": 0.0
          },
          "Recall": {
            "CWE-22": 0.4216417910447761,
            "CWE-78": 0.952191235059761,
            "CWE-79": 0.01098901098901099,
            "CWE-89": 0.9662698412698413,
            "CWE-90": 0.01694915254237288,
            "CWE-327": 0.0,
            "CWE-328": 0.0,
            "CWE-330": 0.0,
            "CWE-501": 0.0,
            "CWE-614": 0.0,
            "CWE-643": 0.0
          },
          "F1-Score": {
            "CWE-22": 0.5900783289817232,
            "CWE-78": 0.9755102040816327,
            "CWE-79": 0.021739130434782608,
            "CWE-89": 0.9465500485908649,
            "CWE-90": 0.03333333333333333,
            "CWE-327": 0.0,
            "CWE-328": 0.0,
            "CWE-330": 0.0,
            "CWE-501": 0.0,
            "CWE-614": 0.0,
            "CWE-643": 0.0
          }
        },
        "Macro Precision": 0.4463843402973838,
        "Macro Recall": 0.21527645735506928,
        "Macro F1-Score": 0.2333828223111215,
        "Weighted Precision": 0.5459339892097747,
        "Weighted Recall": 0.3083941605839416,
        "Weighted F1-Score": 0.3255157842685695,
        "MCC": 0.39631242157989843,
        "Cohen Kappa": 0.9150313451704978,