{
  "mistral-nemo:12b": {
    "Dataset": "owasp",
    "Prompt Type": "vulnerability_specific",
    "Vulnerability Metrics": {
      "Accuracy": 0.5145985401459854,
      "Precision": 0.5549805950840879,
      "Recall": 0.30318021201413425,
      "F1-Score": 0.3921389396709324,
      "Youden Index": 0.043557570504700216,
      "ROC-AUC Score": 0.5217787852523501,
      "FPR": 0.259622641509434,
      "FNR": 0.6968197879858657,
      "Specificity": 0.7403773584905661,
      "NPV": 0.4987290289781393,
      "FDR": 0.445019404915912,
      "MCC": 0.04836797222203359,
      "Confusion Matrix": [
        [
          981,
          344
        ],
        [
          986,
          429
        ]
      ]
    },
    "Vulnerability Type Metrics": {
      "Using Predicted CWE": {
        "Per Class Metrics": {
          "Accuracy": {
            "CWE-22": 0.9178832116788321,
            "CWE-78": 0.9923357664233576,
            "CWE-79": 0.8346715328467154,
            "CWE-89": 0.983941605839416,
            "CWE-90": 0.9799270072992701,
            "CWE-327": 0.9102189781021898,
            "CWE-328": 0.9138686131386862,
            "CWE-330": 0.82007299270073,
            "CWE-501": 0.954014598540146,
            "CWE-614": 0.9755474452554744,
            "CWE-643": 0.9872262773722628
          },
          "Precision": {
            "CWE-22": 0.8028169014084507,
            "CWE-78": 1.0,
            "CWE-79": 1.0,
            "CWE-89": 0.9956896551724138,
            "CWE-90": 1.0,
            "CWE-327": 0.0,
            "CWE-328": 0.0,
            "CWE-330": 0.0,
            "CWE-501": 0.0,
            "CWE-614": 0.0,
            "CWE-643": 0.0
          },
          "Recall": {
            "CWE-22": 0.2126865671641791,
            "CWE-78": 0.9163346613545816,
            "CWE-79": 0.004395604395604396,
            "CWE-89": 0.9166666666666666,
            "CWE-90": 0.06779661016949153,
            "CWE-327": 0.0,
            "CWE-328": 0.0,
            "CWE-330": 0.0,
            "CWE-501": 0.0,
            "CWE-614": 0.0,
            "CWE-643": 0.0
          },
          "F1-Score": {
            "CWE-22": 0.336283185840708,
            "CWE-78": 0.9563409563409564,
            "CWE-79": 0.0087527352297593,
            "CWE-89": 0.9545454545454546,
            "CWE-90": 0.12698412698412698,
            "CWE-327": 0.0,
            "CWE-328": 0.0,
            "CWE-330": 0.0,
            "CWE-501": 0.0,
            "CWE-614": 0.0,
            "CWE-643": 0.0
          }
        },
        "Macro Precision": 0.43622786878007863,
        "Macro Recall": 0.1925345554318657,
        "Macro F1-Score": 0.21662785990372777,
        "Weighted Precision": 0.5408695313081611,
        "Weighted Recall": 0.2755474452554745,
        "Weighted F1-Score": 0.30026676677350467,
        "MCC": 0.3753067466441825,
        "Cohen Kappa": 0.9614352972070602,
        "Confusion Matrix": [
          [
            57,
            0,
            0,
            0,
            0,
            0,
            0,
            0,
            0,
            0,
            0
          ],
          [
            14,
            230,
            0,
            0,
            0,
            0,
            0,
            0,
            0,
            0,
            0
          ],
          [
            0,
            0,
            2,
            0,
            0,
            0,
            0,
            0,
            0,
            0,
            0
          ],
          [
            0,
            0,
            0,
            462,
            0,
            0,
            0,
            0,
            0,
            0,
            0
          ],
          [
            0,
            0,
            0,
            2,
            4,
            0,
            0,
            0,
            0,
            0,
            0
          ],
          [
            0,
            0,
            0,
            0,
            0,
            0,
            0,
            0,
            0,
            0,
            0
          ],
          [
            0,
            0,
            0,
            0,
            0,
            0,
            0,
            0,
            0,
            0,
            0
          ],
          [
            0,
            0,
            0,
            0,
            0,
            0,
            0,
            0,
            0,
            0,
            0
          ],
          [
            0,
            0,
            0,
            0,
            0,
            0,
            0,
            0,
            0,
            0,
            0
          ],
          [
            0,
            0,
            0,
            0,
            0,
            0,
            0,
            0,
            0,
            0,
            0
          ],
          [
            0,
            0,
            0,
            0,
            0,
            0,
            0,
            0,
            0,
            0,
            0
          ]
        ]
      },
      "Using Predicted Vulnerability Name": {
        "Per Class Metrics": {
          "Accuracy": {
            "CWE-22": 0.9178832116788321,
            "CWE-78": 0.9923357664233576,
            "CWE-79": 0.8346715328467154,
            "CWE-89": 0.983941605839416,
            "CWE-90": 0.9799270072992701,
            "CWE-327": 0.9102189781021898,
            "CWE-328": 0.9138686131386862,
            "CWE-330": 0.82007299270073,
            "CWE-501": 0.954014598540146,
            "CWE-614": 0.9755474452554744,
            "CWE-643": 0.9872262773722628
          },
          "Precision": {
            "CWE-22": 0.8028169014084507,
            "CWE-78": 1.0,
            "CWE-79": 1.0,
            "CWE-89": 0.9956896551724138,
            "CWE-90": 1.0,
            "CWE-327": 0.0,
            "CWE-328": 0.0,
            "CWE-330": 0.0,
            "CWE-501": 0.0,
            "CWE-614": 0.0,
            "CWE-643": 0.0
          },
          "Recall": {
            "CWE-22": 0.2126865671641791,
            "CWE-78": 0.9163346613545816,
            "CWE-79": 0.004395604395604396,
            "CWE-89": 0.9166666666666666,
            "CWE-90": 0.06779661016949153,
            "CWE-327": 0.0,
            "CWE-328": 0.0,
            "CWE-330": 0.0,
            "CWE-501": 0.0,
            "CWE-614": 0.0,
            "CWE-643": 0.0
          },
          "F1-Score": {
            "CWE-22": 0.336283185840708,
            "CWE-78": 0.9563409563409564,
            "CWE-79": 0.0087527352297593,
            "CWE-89": 0.9545454545454546,
            "CWE-90": 0.12698412698412698,
            "CWE-327": 0.0,
            "CWE-328": 0.0,
            "CWE-330": 0.0,
            "CWE-501": 0.0,
            "CWE-614": 0.0,
            "CWE-643": 0.0
          }
        },
        "Macro Precision": 0.43622786878007863,
        "Macro Recall": 0.1925345554318657,
        "Macro F1-Score": 0.21662785990372777,
        "Weighted Precision": 0.5408695313081611,
        "Weighted Recall": 0.2755474452554745,
        "Weighted F1-Score": 0.30026676677350467,
        "MCC": 0.3753067466441825,
        "Cohen Kappa": 0.9614352972070602,