{
  "mistral-nemo:12b": {
    "Dataset": "owasp",
    "Prompt Type": "chain_of_thought",
    "Vulnerability Metrics": {
      "Accuracy": 0.5138686131386861,
      "Precision": 0.6155988857938719,
      "Recall": 0.15618374558303888,
      "F1-Score": 0.2491544532130778,
      "Youden Index": 0.05203280218681239,
      "ROC-AUC Score": 0.5260164010934062,
      "FPR": 0.10415094339622641,
      "FNR": 0.8438162544169612,
      "Specificity": 0.8958490566037736,
      "NPV": 0.498530029399412,
      "FDR": 0.38440111420612816,
      "MCC": 0.0770613214787265,
      "Confusion Matrix": [
        [
          1187,
          138
        ],
        [
          1194,
          221
        ]
      ]
    },
    "Vulnerability Type Metrics": {
      "Using Predicted CWE": {
        "Per Class Metrics": {
          "Accuracy": {
            "CWE-22": 0.9116788321167884,
            "CWE-78": 0.9638686131386861,
            "CWE-79": 0.833941605839416,
            "CWE-89": 0.8142335766423358,
            "CWE-90": 0.9784671532846715,
            "CWE-327": 0.9102189781021898,
            "CWE-328": 0.9138686131386862,
            "CWE-330": 0.82007299270073,
            "CWE-501": 0.954014598540146,
            "CWE-614": 0.972992700729927,
            "CWE-643": 0.9872262773722628
          },
          "Precision": {
            "CWE-22": 1.0,
            "CWE-78": 1.0,
            "CWE-79": 0.0,
            "CWE-89": 0.2222222222222222,
            "CWE-90": 0.0,
            "CWE-327": 0.0,
            "CWE-328": 0.0,
            "CWE-330": 0.0,
            "CWE-501": 0.0,
            "CWE-614": 0.0,
            "CWE-643": 0.0
          },
          "Recall": {
            "CWE-22": 0.09701492537313433,
            "CWE-78": 0.6055776892430279,
            "CWE-79": 0.0,
            "CWE-89": 0.003968253968253968,
            "CWE-90": 0.0,
            "CWE-327": 0.0,
            "CWE-328": 0.0,
            "CWE-330": 0.0,
            "CWE-501": 0.0,
            "CWE-614": 0.0,
            "CWE-643": 0.0
          },
          "F1-Score": {
            "CWE-22": 0.17687074829931973,
            "CWE-78": 0.7543424317617866,
            "CWE-79": 0.0,
            "CWE-89": 0.007797270955165692,
            "CWE-90": 0.0,
            "CWE-327": 0.0,
            "CWE-328": 0.0,
            "CWE-330": 0.0,
            "CWE-501": 0.0,
            "CWE-614": 0.0,
            "CWE-643": 0.0
          }
        },
        "Macro Precision": 0.20202020202020202,
        "Macro Recall": 0.06423280623494693,
        "Macro F1-Score": 0.08536458645602472,
        "Weighted Precision": 0.23029197080291972,
        "Weighted Recall": 0.06569343065693431,
        "Weighted F1-Score": 0.08783618083132469,
        "MCC": 0.17328682517815513,
        "Cohen Kappa": 0.8016070124178232,
        "Confusion Matrix": [
          [
            26,
            0,
            0,
            3,
            0,
            0,
            0,
            0,
            0,
            0,
            0
          ],
          [
            0,
            152,
            0,
            0,
            0,
            0,
            0,
            0,
            0,
            0,
            0
          ],
          [
            0,
            0,
            0,
            1,
            0,
            0,
            0,
            0,
            0,
            0,
            0
          ],
          [
            0,
            0,
            0,
            2,
            0,
            0,
            0,
            0,
            0,
            7,
            0
          ],
          [
            0,
            0,
            0,
            2,
            0,
            0,
            0,
            0,
            0,
            0,
            0
          ],
          [
            0,
            0,
            0,
            0,
            0,
            0,
            0,
            0,
            0,
            0,
            0
          ],
          [
            0,
            0,
            0,
            0,
            0,
            0,
            0,
            0,
            0,
            0,
            0
          ],
          [
            0,
            0,
            0,
            0,
            0,
            0,
            0,
            0,
            0,
            0,
            0
          ],
          [
            0,
            0,
            0,
            0,
            0,
            0,
            0,
            0,
            0,
            0,
            0
          ],
          [
            0,
            0,
            0,
            1,
            0,
            0,
            0,
            0,
            0,
            0,
            0
          ],
          [
            0,
            0,
            0,
            0,
            0,
            0,
            0,
            0,
            0,
            0,
            0
          ]
        ]
      },
      "Using Predicted Vulnerability Name": {
        "Per Class Metrics": {
          "Accuracy": {
            "CWE-22": 0.9116788321167884,
            "CWE-78": 0.968978102189781,
            "CWE-79": 0.8335766423357664,
            "CWE-89": 0.8251824817518248,
            "CWE-90": 0.9784671532846715,
            "CWE-327": 0.9102189781021898,
            "CWE-328": 0.9138686131386862,
            "CWE-330": 0.82007299270073,
            "CWE-501": 0.954014598540146,
            "CWE-614": 0.9755474452554744,
            "CWE-643": 0.9872262773722628
          },
          "Precision": {
            "CWE-22": 1.0,
            "CWE-78": 1.0,
            "CWE-79": 0.0,
            "CWE-89": 0.9629629629629629,
            "CWE-90": 0.0,
            "CWE-327": 0.0,
            "CWE-328": 0.0,
            "CWE-330": 0.0,
            "CWE-501": 0.0,
            "CWE-614": 0.0,
            "CWE-643": 0.0
          },
          "Recall": {
            "CWE-22": 0.09701492537313433,
            "CWE-78": 0.6613545816733067,
            "CWE-79": 0.0,
            "CWE-89": 0.051587301587301584,
            "CWE-90": 0.0,
            "CWE-327": 0.0,
            "CWE-328": 0.0,
            "CWE-330": 0.0,
            "CWE-501": 0.0,
            "CWE-614": 0.0,
            "CWE-643": 0.0
          },
          "F1-Score": {
            "CWE-22": 0.17687074829931973,
            "CWE-78": 0.7961630695443646,
            "CWE-79": 0.0,
            "CWE-89": 0.09792843691148775,
            "CWE-90": 0.0,
            "CWE-327": 0.0,
            "CWE-328": 0.0,
            "CWE-330": 0.0,
            "CWE-501": 0.0,
            "CWE-614": 0.0,
            "CWE-643": 0.0
          }
        },
        "Macro Precision": 0.26936026936026936,
        "Macro Recall": 0.07363243714852206,
        "Macro F1-Score": 0.0973602049777429,
        "Weighted Precision": 0.3665450121654501,
        "Weighted Recall": 0.07956204379562044,
        "Weighted F1-Score": 0.10824606686249745,
        "MCC": 0.19700493116112489,
        "Cohen Kappa": 0.977366255144033,