{
  "mistral-nemo:12b": {
    "Dataset": "owasp",
    "Prompt Type": "simple",
    "Vulnerability Metrics": {
      "Accuracy": 0.5277372262773723,
      "Precision": 0.5898959881129272,
      "Recall": 0.280565371024735,
      "F1-Score": 0.38026819923371646,
      "Youden Index": 0.07226348423228224,
      "ROC-AUC Score": 0.5361317421161411,
      "FPR": 0.20830188679245282,
      "FNR": 0.719434628975265,
      "Specificity": 0.7916981132075471,
      "NPV": 0.5074987905176584,
      "FDR": 0.4101040118870728,
      "MCC": 0.08389330157931522,
      "Confusion Matrix": [
        [
          1049,
          276
        ],
        [
          1018,
          397
        ]
      ]
    },
    "Vulnerability Type Metrics": {
      "Using Predicted CWE": {
        "Per Class Metrics": {
          "Accuracy": {
            "CWE-22": 0.9102189781021898,
            "CWE-78": 0.9806569343065693,
            "CWE-79": 0.833941605839416,
            "CWE-89": 0.8737226277372263,
            "CWE-90": 0.9784671532846715,
            "CWE-327": 0.9102189781021898,
            "CWE-328": 0.9138686131386862,
            "CWE-330": 0.8197080291970803,
            "CWE-501": 0.954014598540146,
            "CWE-614": 0.9755474452554744,
            "CWE-643": 0.9872262773722628
          },
          "Precision": {
            "CWE-22": 1.0,
            "CWE-78": 1.0,
            "CWE-79": 0.0,
            "CWE-89": 1.0,
            "CWE-90": 0.0,
            "CWE-327": 0.0,
            "CWE-328": 0.0,
            "CWE-330": 0.0,
            "CWE-501": 0.0,
            "CWE-614": 0.0,
            "CWE-643": 0.0
          },
          "Recall": {
            "CWE-22": 0.08208955223880597,
            "CWE-78": 0.7888446215139442,
            "CWE-79": 0.0,
            "CWE-89": 0.3134920634920635,
            "CWE-90": 0.0,
            "CWE-327": 0.0,
            "CWE-328": 0.0,
            "CWE-330": 0.0,
            "CWE-501": 0.0,
            "CWE-614": 0.0,
            "CWE-643": 0.0
          },
          "F1-Score": {
            "CWE-22": 0.15172413793103448,
            "CWE-78": 0.8819599109131403,
            "CWE-79": 0.0,
            "CWE-89": 0.4773413897280967,
            "CWE-90": 0.0,
            "CWE-327": 0.0,
            "CWE-328": 0.0,
            "CWE-330": 0.0,
            "CWE-501": 0.0,
            "CWE-614": 0.0,
            "CWE-643": 0.0
          }
        },
        "Macro Precision": 0.2727272727272727,
        "Macro Recall": 0.10767511247680125,
        "Macro F1-Score": 0.1373659489611156,
        "Weighted Precision": 0.37335766423357664,
        "Weighted Recall": 0.13795620437956205,
        "Weighted F1-Score": 0.1834357908860132,
        "MCC": 0.2576983383607952,
        "Cohen Kappa": 0.995201863550621,
        "Confusion Matrix": [
          [
            22,
            0,
            0,
            0,
            0,
            0,
            0,
            0,
            0,
            0,
            0
          ],
          [
            0,
            198,
            0,
            0,
            0,
            0,
            0,
            0,
            0,
            0,
            0
          ],
          [
            0,
            0,
            0,
            0,
            0,
            0,
            0,
            0,
            0,
            0,
            0
          ],
          [
            0,
            0,
            0,
            158,
            0,
            0,
            0,
            0,
            0,
            0,
            0
          ],
          [
            0,
            0,
            0,
            0,
            0,
            0,
            0,
            0,
            0,
            0,
            0
          ],
          [
            0,
            0,
            0,
            0,
            0,
            0,
            0,
            0,
            0,
            0,
            0
          ],
          [
            0,
            0,
            0,
            0,
            0,
            0,
            0,
            1,
            0,
            0,
            0
          ],
          [
            0,
            0,
            0,
            0,
            0,
            0,
            0,
            0,
            0,
            0,
            0
          ],
          [
            0,
            0,
            0,
            0,
            0,
            0,
            0,
            0,
            0,
            0,
            0
          ],
          [
            0,
            0,
            0,
            0,
            0,
            0,
            0,
            0,
            0,
            0,
            0
          ],
          [
            0,
            0,
            0,
            0,
            0,
            0,
            0,
            0,
            0,
            0,
            0
          ]
        ]
      },
      "Using Predicted Vulnerability Name": {
        "Per Class Metrics": {
          "Accuracy": {
            "CWE-22": 0.9098540145985401,
            "CWE-78": 0.9788321167883212,
            "CWE-79": 0.8306569343065694,
            "CWE-89": 0.9266423357664234,
            "CWE-90": 0.9784671532846715,
            "CWE-327": 0.9102189781021898,
            "CWE-328": 0.9138686131386862,
            "CWE-330": 0.82007299270073,
            "CWE-501": 0.954014598540146,
            "CWE-614": 0.9755474452554744,
            "CWE-643": 0.9872262773722628
          },
          "Precision": {
            "CWE-22": 0.8888888888888888,
            "CWE-78": 0.9948717948717949,
            "CWE-79": 0.0,
            "CWE-89": 1.0,
            "CWE-90": 0.0,
            "CWE-327": 0.0,
            "CWE-328": 0.0,
            "CWE-330": 0.0,
            "CWE-501": 0.0,
            "CWE-614": 0.0,
            "CWE-643": 0.0
          },
          "Recall": {
            "CWE-22": 0.08955223880597014,
            "CWE-78": 0.7729083665338645,
            "CWE-79": 0.0,
            "CWE-89": 0.6011904761904762,
            "CWE-90": 0.0,
            "CWE-327": 0.0,
            "CWE-328": 0.0,
            "CWE-330": 0.0,
            "CWE-501": 0.0,
            "CWE-614": 0.0,
            "CWE-643": 0.0
          },
          "F1-Score": {
            "CWE-22": 0.16271186440677965,
            "CWE-78": 0.8699551569506726,
            "CWE-79": 0.0,
            "CWE-89": 0.7509293680297398,
            "CWE-90": 0.0,
            "CWE-327": 0.0,
            "CWE-328": 0.0,
            "CWE-330": 0.0,
            "CWE-501": 0.0,
            "CWE-614": 0.0,
            "CWE-643": 0.0
          }
        },
        "Macro Precision": 0.26216006216006216,
        "Macro Recall": 0.13305918923002827,
        "Macro F1-Score": 0.16214512630792655,
        "Weighted Precision": 0.3620200885894317,
        "Weighted Recall": 0.19014598540145985,
        "Weighted F1-Score": 0.23373500932212576,
        "MCC": 0.3000295914510015,
        "Cohen Kappa": 0.9542805208148104,