{
  "mistral-nemo:12b": {
    "Dataset": "owasp",
    "Prompt Type": "few_shot",
    "Vulnerability Metrics": {
      "Accuracy": 0.5215328467153285,
      "Precision": 0.5687830687830688,
      "Recall": 0.303886925795053,
      "F1-Score": 0.39613081529249194,
      "Youden Index": 0.057849189945996304,
      "ROC-AUC Score": 0.5289245949729982,
      "FPR": 0.2460377358490566,
      "FNR": 0.696113074204947,
      "Specificity": 0.7539622641509434,
      "NPV": 0.5035282258064516,
      "FDR": 0.4312169312169312,
      "MCC": 0.0646772743392149,
      "Confusion Matrix": [
        [
          999,
          326
        ],
        [
          985,
          430
        ]
      ]
    },
    "Vulnerability Type Metrics": {
      "Using Predicted CWE": {
        "Per Class Metrics": {
          "Accuracy": {
            "CWE-22": 0.9102189781021898,
            "CWE-78": 0.9835766423357665,
            "CWE-79": 0.833941605839416,
            "CWE-89": 0.9416058394160584,
            "CWE-90": 0.9788321167883212,
            "CWE-327": 0.9102189781021898,
            "CWE-328": 0.9138686131386862,
            "CWE-330": 0.82007299270073,
            "CWE-501": 0.954014598540146,
            "CWE-614": 0.9748175182481752,
            "CWE-643": 0.9872262773722628
          },
          "Precision": {
            "CWE-22": 1.0,
            "CWE-78": 1.0,
            "CWE-79": 0.0,
            "CWE-89": 0.9699453551912568,
            "CWE-90": 1.0,
            "CWE-327": 0.0,
            "CWE-328": 0.0,
            "CWE-330": 0.0,
            "CWE-501": 0.0,
            "CWE-614": 0.0,
            "CWE-643": 0.0
          },
          "Recall": {
            "CWE-22": 0.08208955223880597,
            "CWE-78": 0.8207171314741036,
            "CWE-79": 0.0,
            "CWE-89": 0.7043650793650794,
            "CWE-90": 0.01694915254237288,
            "CWE-327": 0.0,
            "CWE-328": 0.0,
            "CWE-330": 0.0,
            "CWE-501": 0.0,
            "CWE-614": 0.0,
            "CWE-643": 0.0
          },
          "F1-Score": {
            "CWE-22": 0.15172413793103448,
            "CWE-78": 0.9015317286652079,
            "CWE-79": 0.0,
            "CWE-89": 0.8160919540229885,
            "CWE-90": 0.03333333333333333,
            "CWE-327": 0.0,
            "CWE-328": 0.0,
            "CWE-330": 0.0,
            "CWE-501": 0.0,
            "CWE-614": 0.0,
            "CWE-643": 0.0
          }
        },
        "Macro Precision": 0.3609041231992052,
        "Macro Recall": 0.14764735596548742,
        "Macro F1-Score": 0.17297101399568768,
        "Weighted Precision": 0.3893622113198516,
        "Weighted Recall": 0.21313868613138687,
        "Weighted F1-Score": 0.24825676801267785,
        "MCC": 0.3211883570197929,
        "Cohen Kappa": 0.9575498014505596,
        "Confusion Matrix": [
          [
            22,
            0,
            0,
            0,
            0,
            0,
            0,
            0,
            0,
            0,
            0
          ],
          [
            0,
            206,
            0,
            0,
            0,
            0,
            0,
            0,
            0,
            0,
            0
          ],
          [
            0,
            0,
            0,
            8,
            0,
            0,
            0,
            0,
            0,
            0,
            0
          ],
          [
            0,
            0,
            0,
            355,
            0,
            0,
            0,
            0,
            0,
            2,
            0
          ],
          [
            0,
            0,
            0,
            0,
            1,
            0,
            0,
            0,
            0,
            0,
            0
          ],
          [
            0,
            0,
            0,
            0,
            0,
            0,
            0,
            0,
            0,
            0,
            0
          ],
          [
            0,
            0,
            0,
            0,
            0,
            0,
            0,
            0,
            0,
            0,
            0
          ],
          [
            0,
            0,
            0,
            0,
            0,
            0,
            0,
            0,
            0,
            0,
            0
          ],
          [
            0,
            0,
            0,
            3,
            0,
            0,
            0,
            0,
            0,
            0,
            0
          ],
          [
            0,
            0,
            0,
            0,
            0,
            0,
            0,
            0,
            0,
            0,
            0
          ],
          [
            0,
            0,
            0,
            0,
            0,
            0,
            0,
            0,
            0,
            0,
            0
          ]
        ]
      },
      "Using Predicted Vulnerability Name": {
        "Per Class Metrics": {
          "Accuracy": {
            "CWE-22": 0.9262773722627737,
            "CWE-78": 0.9828467153284671,
            "CWE-79": 0.8335766423357664,
            "CWE-89": 0.9430656934306569,
            "CWE-90": 0.9788321167883212,
            "CWE-327": 0.9102189781021898,
            "CWE-328": 0.9138686131386862,
            "CWE-330": 0.82007299270073,
            "CWE-501": 0.954014598540146,
            "CWE-614": 0.9755474452554744,
            "CWE-643": 0.9872262773722628
          },
          "Precision": {
            "CWE-22": 0.9714285714285714,
            "CWE-78": 0.9951456310679612,
            "CWE-79": 0.0,
            "CWE-89": 0.9702702702702702,
            "CWE-90": 1.0,
            "CWE-327": 0.0,
            "CWE-328": 0.0,
            "CWE-330": 0.0,
            "CWE-501": 0.0,
            "CWE-614": 0.0,
            "CWE-643": 0.0
          },
          "Recall": {
            "CWE-22": 0.2537313432835821,
            "CWE-78": 0.8167330677290837,
            "CWE-79": 0.0,
            "CWE-89": 0.7123015873015873,
            "CWE-90": 0.01694915254237288,
            "CWE-327": 0.0,
            "CWE-328": 0.0,
            "CWE-330": 0.0,
            "CWE-501": 0.0,
            "CWE-614": 0.0,
            "CWE-643": 0.0
          },
          "F1-Score": {
            "CWE-22": 0.40236686390532544,
            "CWE-78": 0.8971553610503282,
            "CWE-79": 0.0,
            "CWE-89": 0.8215102974828375,
            "CWE-90": 0.03333333333333333,
            "CWE-327": 0.0,
            "CWE-328": 0.0,
            "CWE-330": 0.0,
            "CWE-501": 0.0,
            "CWE-614": 0.0,
            "CWE-643": 0.0
          }
        },
        "Macro Precision": 0.35789495206970934,
        "Macro Recall": 0.16361046825969325,
        "Macro F1-Score": 0.1958514414338022,
        "Weighted Precision": 0.38618271049530345,
        "Weighted Recall": 0.23102189781021898,
        "Weighted F1-Score": 0.2733679458935316,
        "MCC": 0.33675651114807903,
        "Cohen Kappa": 0.9593874694465916,