{
  "gemma2:27b": {
    "Dataset": "owasp",
    "Prompt Type": "simple",
    "Vulnerability Metrics": {
      "Accuracy": 0.5762773722627738,
      "Precision": 0.6314699792960663,
      "Recall": 0.43109540636042404,
      "F1-Score": 0.5123897522049559,
      "Youden Index": 0.16241616107740509,
      "ROC-AUC Score": 0.5812080805387025,
      "FPR": 0.26867924528301884,
      "FNR": 0.568904593639576,
      "Specificity": 0.7313207547169811,
      "NPV": 0.5462232243517474,
      "FDR": 0.36853002070393376,
      "MCC": 0.1698830420790241,
      "Confusion Matrix": [
        [
          969,
          356
        ],
        [
          805,
          610
        ]
      ]
    },
    "Vulnerability Type Metrics": {
      "Using Predicted CWE": {
        "Per Class Metrics": {
          "Accuracy": {
            "CWE-22": 0.9032846715328468,
            "CWE-78": 0.987956204379562,
            "CWE-79": 0.833941605839416,
            "CWE-89": 0.9908759124087592,
            "CWE-90": 0.9784671532846715,
            "CWE-327": 0.8737226277372263,
            "CWE-328": 0.9138686131386862,
            "CWE-330": 0.8215328467153284,
            "CWE-501": 0.954014598540146,
            "CWE-614": 0.9755474452554744,
            "CWE-643": 0.9872262773722628
          },
          "Precision": {
            "CWE-22": 1.0,
            "CWE-78": 1.0,
            "CWE-79": 0.0,
            "CWE-89": 0.9686888454011742,
            "CWE-90": 0.0,
            "CWE-327": 0.0,
            "CWE-328": 0.0,
            "CWE-330": 1.0,
            "CWE-501": 0.0,
            "CWE-614": 0.0,
            "CWE-643": 0.0
          },
          "Recall": {
            "CWE-22": 0.011194029850746268,
            "CWE-78": 0.8685258964143426,
            "CWE-79": 0.0,
            "CWE-89": 0.9821428571428571,
            "CWE-90": 0.0,
            "CWE-327": 0.0,
            "CWE-328": 0.0,
            "CWE-330": 0.008113590263691683,
            "CWE-501": 0.0,
            "CWE-614": 0.0,
            "CWE-643": 0.0
          },
          "F1-Score": {
            "CWE-22": 0.02214022140221402,
            "CWE-78": 0.929637526652452,
            "CWE-79": 0.0,
            "CWE-89": 0.9753694581280788,
            "CWE-90": 0.0,
            "CWE-327": 0.0,
            "CWE-328": 0.0,
            "CWE-330": 0.01609657947686117,
            "CWE-501": 0.0,
            "CWE-614": 0.0,
            "CWE-643": 0.0
          }
        },
        "Macro Precision": 0.36078989503647035,
        "Macro Recall": 0.16999785215196705,
        "Macro F1-Score": 0.1766585259690551,
        "Weighted Precision": 0.5475252474752524,
        "Weighted Recall": 0.26277372262773724,
        "Weighted F1-Score": 0.26963299967306686,
        "MCC": 0.33861614770973564,
        "Cohen Kappa": 0.7560720394405875,
        "Confusion Matrix": [
          [
            3,
            0,
            0,
            2,
            0,
            0,
            0,
            0,
            0,
            0,
            0
          ],
          [
            0,
            218,
            0,
            2,
            0,
            0,
            0,
            0,
            0,
            0,
            0
          ],
          [
            0,
            0,
            0,
            1,
            0,
            0,
            0,
            0,
            0,
            0,
            0
          ],
          [
            0,
            0,
            0,
            495,
            0,
            0,
            0,
            0,
            0,
            0,
            0
          ],
          [
            0,
            0,
            0,
            11,
            0,
            0,
            0,
            0,
            0,
            0,
            0
          ],
          [
            0,
            0,
            0,
            0,
            0,
            0,
            0,
            0,
            0,
            0,
            0
          ],
          [
            0,
            0,
            0,
            0,
            0,
            0,
            0,
            0,
            0,
            0,
            0
          ],
          [
            0,
            0,
            0,
            0,
            0,
            100,
            0,
            4,
            0,
            0,
            0
          ],
          [
            0,
            0,
            0,
            0,
            0,
            0,
            0,
            0,
            0,
            0,
            0
          ],
          [
            0,
            0,
            0,
            0,
            0,
            0,
            0,
            0,
            0,
            0,
            0
          ],
          [
            0,
            0,
            0,
            0,
            0,
            0,
            0,
            0,
            0,
            0,
            0
          ]
        ]
      },
      "Using Predicted Vulnerability Name": {
        "Per Class Metrics": {
          "Accuracy": {
            "CWE-22": 0.9029197080291971,
            "CWE-78": 0.9083941605839416,
            "CWE-79": 0.833941605839416,
            "CWE-89": 0.9908759124087592,
            "CWE-90": 0.9784671532846715,
            "CWE-327": 0.9102189781021898,
            "CWE-328": 0.9138686131386862,
            "CWE-330": 0.82007299270073,
            "CWE-501": 0.954014598540146,
            "CWE-614": 0.9755474452554744,
            "CWE-643": 0.9872262773722628
          },
          "Precision": {
            "CWE-22": 1.0,
            "CWE-78": 0.0,
            "CWE-79": 0.0,
            "CWE-89": 0.9686888454011742,
            "CWE-90": 0.0,
            "CWE-327": 0.0,
            "CWE-328": 0.0,
            "CWE-330": 0.0,
            "CWE-501": 0.0,
            "CWE-614": 0.0,
            "CWE-643": 0.0
          },
          "Recall": {
            "CWE-22": 0.007462686567164179,
            "CWE-78": 0.0,
            "CWE-79": 0.0,
            "CWE-89": 0.9821428571428571,
            "CWE-90": 0.0,
            "CWE-327": 0.0,
            "CWE-328": 0.0,
            "CWE-330": 0.0,
            "CWE-501": 0.0,
            "CWE-614": 0.0,
            "CWE-643": 0.0
          },
          "F1-Score": {
            "CWE-22": 0.014814814814814815,
            "CWE-78": 0.0,
            "CWE-79": 0.0,
            "CWE-89": 0.9753694581280788,
            "CWE-90": 0.0,
            "CWE-327": 0.0,
            "CWE-328": 0.0,
            "CWE-330": 0.0,
            "CWE-501": 0.0,
            "CWE-614": 0.0,
            "CWE-643": 0.0
          }
        },
        "Macro Precision": 0.17897171321828856,
        "Macro Recall": 0.08996414033727466,
        "Macro F1-Score": 0.0900167520857176,
        "Weighted Precision": 0.275992400759924,
        "Weighted Recall": 0.1813868613138686,
        "Weighted F1-Score": 0.18086006469595697,
        "MCC": 0.28566228608494176,
        "Cohen Kappa": 0.196554424432263,