{
  "gemma2:27b": {
    "Dataset": "owasp",
    "Prompt Type": "vulnerability_specific",
    "Vulnerability Metrics": {
      "Accuracy": 0.5434306569343066,
      "Precision": 0.5803921568627451,
      "Recall": 0.4183745583038869,
      "F1-Score": 0.4862422997946612,
      "Youden Index": 0.09535569037935865,
      "ROC-AUC Score": 0.5476778451896793,
      "FPR": 0.3230188679245283,
      "FNR": 0.5816254416961131,
      "Specificity": 0.6769811320754717,
      "NPV": 0.5215116279069767,
      "FDR": 0.4196078431372549,
      "MCC": 0.09857538104915647,
      "Confusion Matrix": [
        [
          897,
          428
        ],
        [
          823,
          592
        ]
      ]
    },
    "Vulnerability Type Metrics": {
      "Using Predicted CWE": {
        "Per Class Metrics": {
          "Accuracy": {
            "CWE-22": 0.9087591240875912,
            "CWE-78": 0.987956204379562,
            "CWE-79": 0.8394160583941606,
            "CWE-89": 0.9828467153284671,
            "CWE-90": 0.9784671532846715,
            "CWE-327": 0.9025547445255474,
            "CWE-328": 0.9131386861313868,
            "CWE-330": 0.8824817518248175,
            "CWE-501": 0.954014598540146,
            "CWE-614": 0.9777372262773723,
            "CWE-643": 0.9872262773722628
          },
          "Precision": {
            "CWE-22": 1.0,
            "CWE-78": 0.957983193277311,
            "CWE-79": 0.8947368421052632,
            "CWE-89": 0.9208103130755064,
            "CWE-90": 0.0,
            "CWE-327": 0.0,
            "CWE-328": 0.0,
            "CWE-330": 1.0,
            "CWE-501": 0.0,
            "CWE-614": 1.0,
            "CWE-643": 0.0
          },
          "Recall": {
            "CWE-22": 0.06716417910447761,
            "CWE-78": 0.9083665338645418,
            "CWE-79": 0.03736263736263736,
            "CWE-89": 0.9920634920634921,
            "CWE-90": 0.0,
            "CWE-327": 0.0,
            "CWE-328": 0.0,
            "CWE-330": 0.34685598377281945,
            "CWE-501": 0.0,
            "CWE-614": 0.08955223880597014,
            "CWE-643": 0.0
          },
          "F1-Score": {
            "CWE-22": 0.1258741258741259,
            "CWE-78": 0.9325153374233128,
            "CWE-79": 0.07172995780590717,
            "CWE-89": 0.9551098376313276,
            "CWE-90": 0.0,
            "CWE-327": 0.0,
            "CWE-328": 0.0,
            "CWE-330": 0.5150602409638554,
            "CWE-501": 0.0,
            "CWE-614": 0.1643835616438356,
            "CWE-643": 0.0
          }
        },
        "Macro Precision": 0.524866395314371,
        "Macro Recall": 0.2219422786339944,
        "Macro F1-Score": 0.25133391466748767,
        "Weighted Precision": 0.707900526445458,
        "Weighted Recall": 0.34306569343065696,
        "Weighted F1-Score": 0.3820242707374861,
        "MCC": 0.4103419506355642,
        "Cohen Kappa": 0.882603932422303,
        "Confusion Matrix": [
          [
            18,
            1,
            1,
            1,
            0,
            0,
            0,
            0,
            0,
            0,
            0
          ],
          [
            0,
            228,
            0,
            0,
            0,
            0,
            0,
            0,
            0,
            0,
            0
          ],
          [
            0,
            9,
            17,
            5,
            0,
            0,
            0,
            0,
            0,
            0,
            0
          ],
          [
            0,
            0,
            0,
            500,
            0,
            0,
            0,
            0,
            0,
            0,
            0
          ],
          [
            0,
            0,
            0,
            36,
            0,
            0,
            0,
            0,
            0,
            0,
            0
          ],
          [
            0,
            0,
            0,
            0,
            0,
            0,
            0,
            0,
            0,
            0,
            0
          ],
          [
            0,
            0,
            0,
            0,
            0,
            0,
            0,
            0,
            0,
            0,
            0
          ],
          [
            0,
            0,
            0,
            0,
            0,
            21,
            2,
            171,
            0,
            0,
            0
          ],
          [
            0,
            0,
            0,
            1,
            0,
            0,
            0,
            0,
            0,
            0,
            0
          ],
          [
            0,
            0,
            1,
            0,
            0,
            0,
            0,
            0,
            0,
            6,
            0
          ],
          [
            0,
            0,
            0,
            0,
            0,
            0,
            0,
            0,
            0,
            0,
            0
          ]
        ]
      },
      "Using Predicted Vulnerability Name": {
        "Per Class Metrics": {
          "Accuracy": {
            "CWE-22": 0.9087591240875912,
            "CWE-78": 0.987956204379562,
            "CWE-79": 0.8394160583941606,
            "CWE-89": 0.9828467153284671,
            "CWE-90": 0.9784671532846715,
            "CWE-327": 0.9025547445255474,
            "CWE-328": 0.9131386861313868,
            "CWE-330": 0.8821167883211679,
            "CWE-501": 0.954014598540146,
            "CWE-614": 0.9777372262773723,
            "CWE-643": 0.9872262773722628
          },
          "Precision": {
            "CWE-22": 1.0,
            "CWE-78": 0.957983193277311,
            "CWE-79": 0.8947368421052632,
            "CWE-89": 0.9208103130755064,
            "CWE-90": 0.0,
            "CWE-327": 0.0,
            "CWE-328": 0.0,
            "CWE-330": 1.0,
            "CWE-501": 0.0,
            "CWE-614": 1.0,
            "CWE-643": 0.0
          },
          "Recall": {
            "CWE-22": 0.06716417910447761,
            "CWE-78": 0.9083665338645418,
            "CWE-79": 0.03736263736263736,
            "CWE-89": 0.9920634920634921,
            "CWE-90": 0.0,
            "CWE-327": 0.0,
            "CWE-328": 0.0,
            "CWE-330": 0.3448275862068966,
            "CWE-501": 0.0,
            "CWE-614": 0.08955223880597014,
            "CWE-643": 0.0
          },
          "F1-Score": {
            "CWE-22": 0.1258741258741259,
            "CWE-78": 0.9325153374233128,
            "CWE-79": 0.07172995780590717,
            "CWE-89": 0.9551098376313276,
            "CWE-90": 0.0,
            "CWE-327": 0.0,
            "CWE-328": 0.0,
            "CWE-330": 0.5128205128205128,
            "CWE-501": 0.0,
            "CWE-614": 0.1643835616438356,
            "CWE-643": 0.0
          }
        },
        "Macro Precision": 0.524866395314371,
        "Macro Recall": 0.22175787885527418,
        "Macro F1-Score": 0.2511303030180929,
        "Weighted Precision": 0.707900526445458,
        "Weighted Recall": 0.3427007299270073,
        "Weighted F1-Score": 0.38162128315549043,
        "MCC": 0.4100637633453721,
        "Cohen Kappa": 0.8824287912068367,