{
  "gemma2:27b": {
    "Dataset": "owasp",
    "Prompt Type": "chain_of_thought",
    "Vulnerability Metrics": {
      "Accuracy": 0.5656934306569343,
      "Precision": 0.6149131767109295,
      "Recall": 0.4254416961130742,
      "F1-Score": 0.5029239766081871,
      "Youden Index": 0.14091339422628169,
      "ROC-AUC Score": 0.570456697113141,
      "FPR": 0.28452830188679246,
      "FNR": 0.5745583038869257,
      "Specificity": 0.7154716981132075,
      "NPV": 0.5383304940374787,
      "FDR": 0.38508682328907046,
      "MCC": 0.1469492626346011,
      "Confusion Matrix": [
        [
          948,
          377
        ],
        [
          813,
          602
        ]
      ]
    },
    "Vulnerability Type Metrics": {
      "Using Predicted CWE": {
        "Per Class Metrics": {
          "Accuracy": {
            "CWE-22": 0.9032846715328468,
            "CWE-78": 0.9718978102189781,
            "CWE-79": 0.8295620437956205,
            "CWE-89": 0.9799270072992701,
            "CWE-90": 0.9784671532846715,
            "CWE-327": 0.9065693430656935,
            "CWE-328": 0.9138686131386862,
            "CWE-330": 0.82007299270073,
            "CWE-501": 0.954014598540146,
            "CWE-614": 0.9755474452554744,
            "CWE-643": 0.9872262773722628
          },
          "Precision": {
            "CWE-22": 1.0,
            "CWE-78": 0.978021978021978,
            "CWE-79": 0.0,
            "CWE-89": 0.9119266055045872,
            "CWE-90": 0.0,
            "CWE-327": 0.0,
            "CWE-328": 0.0,
            "CWE-330": 0.0,
            "CWE-501": 0.0,
            "CWE-614": 0.0,
            "CWE-643": 0.0
          },
          "Recall": {
            "CWE-22": 0.011194029850746268,
            "CWE-78": 0.7091633466135459,
            "CWE-79": 0.0,
            "CWE-89": 0.9861111111111112,
            "CWE-90": 0.0,
            "CWE-327": 0.0,
            "CWE-328": 0.0,
            "CWE-330": 0.0,
            "CWE-501": 0.0,
            "CWE-614": 0.0,
            "CWE-643": 0.0
          },
          "F1-Score": {
            "CWE-22": 0.02214022140221402,
            "CWE-78": 0.8221709006928406,
            "CWE-79": 0.0,
            "CWE-89": 0.9475691134413727,
            "CWE-90": 0.0,
            "CWE-327": 0.0,
            "CWE-328": 0.0,
            "CWE-330": 0.0,
            "CWE-501": 0.0,
            "CWE-614": 0.0,
            "CWE-643": 0.0
          }
        },
        "Macro Precision": 0.26272259850241503,
        "Macro Recall": 0.15513349887049122,
        "Macro F1-Score": 0.16289820323058432,
        "Weighted Precision": 0.3551439874663607,
        "Weighted Recall": 0.24744525547445256,
        "Weighted F1-Score": 0.25177857977523654,
        "MCC": 0.33316919497160385,
        "Cohen Kappa": 0.7859461788192574,
        "Confusion Matrix": [
          [
            3,
            4,
            4,
            2,
            0,
            0,
            0,
            0,
            0,
            0,
            0
          ],
          [
            0,
            178,
            8,
            4,
            0,
            0,
            0,
            0,
            0,
            0,
            0
          ],
          [
            0,
            0,
            0,
            4,
            0,
            0,
            0,
            0,
            0,
            0,
            0
          ],
          [
            0,
            0,
            0,
            497,
            0,
            0,
            0,
            0,
            0,
            0,
            0
          ],
          [
            0,
            0,
            0,
            36,
            0,
            0,
            0,
            0,
            0,
            0,
            0
          ],
          [
            0,
            0,
            0,
            0,
            0,
            0,
            0,
            0,
            0,
            0,
            0
          ],
          [
            0,
            0,
            0,
            0,
            0,
            0,
            0,
            0,
            0,
            0,
            0
          ],
          [
            0,
            0,
            0,
            0,
            0,
            10,
            0,
            0,
            0,
            0,
            0
          ],
          [
            0,
            0,
            0,
            0,
            0,
            0,
            0,
            0,
            0,
            0,
            0
          ],
          [
            0,
            0,
            0,
            0,
            0,
            0,
            0,
            0,
            0,
            0,
            0
          ],
          [
            0,
            0,
            0,
            2,
            0,
            0,
            0,
            0,
            0,
            0,
            0
          ]
        ]
      },
      "Using Predicted Vulnerability Name": {
        "Per Class Metrics": {
          "Accuracy": {
            "CWE-22": 0.9021897810218978,
            "CWE-78": 0.9083941605839416,
            "CWE-79": 0.8343065693430657,
            "CWE-89": 0.9799270072992701,
            "CWE-90": 0.9784671532846715,
            "CWE-327": 0.9102189781021898,
            "CWE-328": 0.9138686131386862,
            "CWE-330": 0.82007299270073,
            "CWE-501": 0.954014598540146,
            "CWE-614": 0.9755474452554744,
            "CWE-643": 0.9872262773722628
          },
          "Precision": {
            "CWE-22": 0.0,
            "CWE-78": 0.0,
            "CWE-79": 0.52,
            "CWE-89": 0.9119266055045872,
            "CWE-90": 0.0,
            "CWE-327": 0.0,
            "CWE-328": 0.0,
            "CWE-330": 0.0,
            "CWE-501": 0.0,
            "CWE-614": 0.0,
            "CWE-643": 0.0
          },
          "Recall": {
            "CWE-22": 0.0,
            "CWE-78": 0.0,
            "CWE-79": 0.02857142857142857,
            "CWE-89": 0.9861111111111112,
            "CWE-90": 0.0,
            "CWE-327": 0.0,
            "CWE-328": 0.0,
            "CWE-330": 0.0,
            "CWE-501": 0.0,
            "CWE-614": 0.0,
            "CWE-643": 0.0
          },
          "F1-Score": {
            "CWE-22": 0.0,
            "CWE-78": 0.0,
            "CWE-79": 0.05416666666666667,
            "CWE-89": 0.9475691134413727,
            "CWE-90": 0.0,
            "CWE-327": 0.0,
            "CWE-328": 0.0,
            "CWE-330": 0.0,
            "CWE-501": 0.0,
            "CWE-614": 0.0,
            "CWE-643": 0.0
          }
        },
        "Macro Precision": 0.13017514595496246,
        "Macro Recall": 0.09224386724386724,
        "Macro F1-Score": 0.09106688910073085,
        "Weighted Precision": 0.25409160918770507,
        "Weighted Recall": 0.18613138686131386,
        "Weighted F1-Score": 0.1832922140539362,
        "MCC": 0.27505372620467233,
        "Cohen Kappa": 0.36205931729155005,