{
  "gemma2:27b": {
    "Dataset": "owasp",
    "Prompt Type": "few_shot",
    "Vulnerability Metrics": {
      "Accuracy": 0.5135036496350365,
      "Precision": 0.6108108108108108,
      "Recall": 0.15971731448763252,
      "F1-Score": 0.25322128851540615,
      "Youden Index": 0.051038069204613734,
      "ROC-AUC Score": 0.5255190346023069,
      "FPR": 0.10867924528301887,
      "FNR": 0.8402826855123675,
      "Specificity": 0.8913207547169811,
      "NPV": 0.49831223628691984,
      "FDR": 0.3891891891891892,
      "MCC": 0.07462861133367209,
      "Confusion Matrix": [
        [
          1181,
          144
        ],
        [
          1189,
          226
        ]
      ]
    },
    "Vulnerability Type Metrics": {
      "Using Predicted CWE": {
        "Per Class Metrics": {
          "Accuracy": {
            "CWE-22": 0.9025547445255474,
            "CWE-78": 0.9525547445255474,
            "CWE-79": 0.833941605839416,
            "CWE-89": 0.8974452554744525,
            "CWE-90": 0.9784671532846715,
            "CWE-327": 0.9102189781021898,
            "CWE-328": 0.9138686131386862,
            "CWE-330": 0.82007299270073,
            "CWE-501": 0.954014598540146,
            "CWE-614": 0.9755474452554744,
            "CWE-643": 0.9872262773722628
          },
          "Precision": {
            "CWE-22": 1.0,
            "CWE-78": 1.0,
            "CWE-79": 0.0,
            "CWE-89": 0.9868995633187773,
            "CWE-90": 0.0,
            "CWE-327": 0.0,
            "CWE-328": 0.0,
            "CWE-330": 0.0,
            "CWE-501": 0.0,
            "CWE-614": 0.0,
            "CWE-643": 0.0
          },
          "Recall": {
            "CWE-22": 0.0037313432835820895,
            "CWE-78": 0.4820717131474104,
            "CWE-79": 0.0,
            "CWE-89": 0.44841269841269843,
            "CWE-90": 0.0,
            "CWE-327": 0.0,
            "CWE-328": 0.0,
            "CWE-330": 0.0,
            "CWE-501": 0.0,
            "CWE-614": 0.0,
            "CWE-643": 0.0
          },
          "F1-Score": {
            "CWE-22": 0.007434944237918215,
            "CWE-78": 0.6505376344086021,
            "CWE-79": 0.0,
            "CWE-89": 0.616643929058663,
            "CWE-90": 0.0,
            "CWE-327": 0.0,
            "CWE-328": 0.0,
            "CWE-330": 0.0,
            "CWE-501": 0.0,
            "CWE-614": 0.0,
            "CWE-643": 0.0
          }
        },
        "Macro Precision": 0.27153632393807065,
        "Macro Recall": 0.08492870498579008,
        "Macro F1-Score": 0.11587422797319849,
        "Weighted Precision": 0.37094794887323496,
        "Weighted Recall": 0.12700729927007298,
        "Weighted F1-Score": 0.1737467341379151,
        "MCC": 0.24006546451547697,
        "Cohen Kappa": 0.9814622467123215,
        "Confusion Matrix": [
          [
            1,
            0,
            0,
            2,
            0,
            0,
            0,
            0,
            0,
            0,
            0
          ],
          [
            0,
            121,
            0,
            0,
            0,
            0,
            0,
            0,
            0,
            0,
            0
          ],
          [
            0,
            0,
            0,
            1,
            0,
            0,
            0,
            0,
            0,
            0,
            0
          ],
          [
            0,
            0,
            0,
            226,
            0,
            0,
            0,
            0,
            0,
            0,
            0
          ],
          [
            0,
            0,
            0,
            0,
            0,
            0,
            0,
            0,
            0,
            0,
            0
          ],
          [
            0,
            0,
            0,
            0,
            0,
            0,
            0,
            0,
            0,
            0,
            0
          ],
          [
            0,
            0,
            0,
            0,
            0,
            0,
            0,
            0,
            0,
            0,
            0
          ],
          [
            0,
            0,
            0,
            0,
            0,
            0,
            0,
            0,
            0,
            0,
            0
          ],
          [
            0,
            0,
            0,
            0,
            0,
            0,
            0,
            0,
            0,
            0,
            0
          ],
          [
            0,
            0,
            0,
            0,
            0,
            0,
            0,
            0,
            0,
            0,
            0
          ],
          [
            0,
            0,
            0,
            0,
            0,
            0,
            0,
            0,
            0,
            0,
            0
          ]
        ]
      },
      "Using Predicted Vulnerability Name": {
        "Per Class Metrics": {
          "Accuracy": {
            "CWE-22": 0.9021897810218978,
            "CWE-78": 0.9083941605839416,
            "CWE-79": 0.8354014598540146,
            "CWE-89": 0.8974452554744525,
            "CWE-90": 0.9784671532846715,
            "CWE-327": 0.9102189781021898,
            "CWE-328": 0.9138686131386862,
            "CWE-330": 0.82007299270073,
            "CWE-501": 0.954014598540146,
            "CWE-614": 0.9755474452554744,
            "CWE-643": 0.9872262773722628
          },
          "Precision": {
            "CWE-22": 0.0,
            "CWE-78": 0.0,
            "CWE-79": 1.0,
            "CWE-89": 0.9868995633187773,
            "CWE-90": 0.0,
            "CWE-327": 0.0,
            "CWE-328": 0.0,
            "CWE-330": 0.0,
            "CWE-501": 0.0,
            "CWE-614": 0.0,
            "CWE-643": 0.0
          },
          "Recall": {
            "CWE-22": 0.0,
            "CWE-78": 0.0,
            "CWE-79": 0.008791208791208791,
            "CWE-89": 0.44841269841269843,
            "CWE-90": 0.0,
            "CWE-327": 0.0,
            "CWE-328": 0.0,
            "CWE-330": 0.0,
            "CWE-501": 0.0,
            "CWE-614": 0.0,
            "CWE-643": 0.0
          },
          "F1-Score": {
            "CWE-22": 0.0,
            "CWE-78": 0.0,
            "CWE-79": 0.017429193899782137,
            "CWE-89": 0.616643929058663,
            "CWE-90": 0.0,
            "CWE-327": 0.0,
            "CWE-328": 0.0,
            "CWE-330": 0.0,
            "CWE-501": 0.0,
            "CWE-614": 0.0,
            "CWE-643": 0.0
          }
        },
        "Macro Precision": 0.18062723302897973,
        "Macro Recall": 0.04156399156399157,
        "Macro F1-Score": 0.05764301117804047,
        "Weighted Precision": 0.3475902846396583,
        "Weighted Recall": 0.08394160583941605,
        "Weighted F1-Score": 0.1163207384926887,
        "MCC": 0.1856121199178469,
        "Cohen Kappa": 0.7220675944333996,