{
  "phi3:14b": {
    "Dataset": "owasp",
    "Prompt Type": "vulnerability_specific",
    "Vulnerability Metrics": {
      "Accuracy": 0.581021897810219,
      "Precision": 0.5931612002791347,
      "Recall": 0.6007067137809188,
      "F1-Score": 0.5969101123595506,
      "Youden Index": 0.16070671378091883,
      "ROC-AUC Score": 0.5803533568904594,
      "FPR": 0.44,
      "FNR": 0.3992932862190813,
      "Specificity": 0.56,
      "NPV": 0.5677123182861515,
      "FDR": 0.40683879972086534,
      "MCC": 0.16079009454254561,
      "Confusion Matrix": [
        [
          742,
          583
        ],
        [
          565,
          850
        ]
      ]
    },
    "Vulnerability Type Metrics": {
      "Using Predicted CWE": {
        "Per Class Metrics": {
          "Accuracy": {
            "CWE-22": 0.8233576642335766,
            "CWE-78": 0.9799270072992701,
            "CWE-79": 0.833941605839416,
            "CWE-89": 0.9759124087591241,
            "CWE-90": 0.9711678832116788,
            "CWE-327": 0.8992700729927007,
            "CWE-328": 0.9208029197080292,
            "CWE-330": 0.8259124087591241,
            "CWE-501": 0.9514598540145985,
            "CWE-614": 0.9755474452554744,
            "CWE-643": 0.9667883211678832
          },
          "Precision": {
            "CWE-22": 0.3258064516129032,
            "CWE-78": 0.9949494949494949,
            "CWE-79": 0.0,
            "CWE-89": 0.9506172839506173,
            "CWE-90": 0.08333333333333333,
            "CWE-327": 0.03125,
            "CWE-328": 0.88,
            "CWE-330": 1.0,
            "CWE-501": 0.0,
            "CWE-614": 0.0,
            "CWE-643": 0.0
          },
          "Recall": {
            "CWE-22": 0.753731343283582,
            "CWE-78": 0.7848605577689243,
            "CWE-79": 0.0,
            "CWE-89": 0.9166666666666666,
            "CWE-90": 0.03389830508474576,
            "CWE-327": 0.0040650406504065045,
            "CWE-328": 0.09322033898305085,
            "CWE-330": 0.032454361054766734,
            "CWE-501": 0.0,
            "CWE-614": 0.0,
            "CWE-643": 0.0
          },
          "F1-Score": {
            "CWE-22": 0.45495495495495497,
            "CWE-78": 0.8775055679287305,
            "CWE-79": 0.0,
            "CWE-89": 0.9333333333333333,
            "CWE-90": 0.04819277108433735,
            "CWE-327": 0.007194244604316547,
            "CWE-328": 0.1685823754789272,
            "CWE-330": 0.06286836935166994,
            "CWE-501": 0.0,
            "CWE-614": 0.0,
            "CWE-643": 0.0
          }
        },
        "Macro Precision": 0.38781423307694074,
        "Macro Recall": 0.23808151031746752,
        "Macro F1-Score": 0.2320574197032972,
        "Weighted Precision": 0.558191142351226,
        "Weighted Recall": 0.3291970802919708,
        "Weighted F1-Score": 0.3240782955649917,
        "MCC": 0.3402154675073306,
        "Cohen Kappa": 0.5223438340887228,
        "Confusion Matrix": [
          [
            202,
            0,
            0,
            1,
            1,
            0,
            0,
            0,
            0,
            0,
            6
          ],
          [
            3,
            197,
            0,
            19,
            0,
            0,
            0,
            0,
            0,
            0,
            15
          ],
          [
            176,
            0,
            0,
            3,
            0,
            3,
            1,
            0,
            0,
            0,
            2
          ],
          [
            3,
            0,
            0,
            462,
            21,
            0,
            0,
            0,
            0,
            0,
            3
          ],
          [
            8,
            0,
            0,
            0,
            2,
            0,
            0,
            0,
            0,
            0,
            5
          ],
          [
            16,
            0,
            0,
            0,
            0,
            1,
            0,
            0,
            0,
            0,
            0
          ],
          [
            67,
            0,
            0,
            1,
            0,
            18,
            22,
            0,
            0,
            0,
            1
          ],
          [
            75,
            0,
            0,
            0,
            0,
            2,
            2,
            16,
            0,
            0,
            18
          ],
          [
            36,
            1,
            0,
            0,
            0,
            0,
            0,
            0,
            0,
            0,
            1
          ],
          [
            25,
            0,
            0,
            0,
            0,
            1,
            0,
            0,
            7,
            0,
            5
          ],
          [
            9,
            0,
            0,
            0,
            0,
            7,
            0,
            0,
            0,
            0,
            0
          ]
        ]
      },
      "Using Predicted Vulnerability Name": {
        "Per Class Metrics": {
          "Accuracy": {
            "CWE-22": 0.8602189781021898,
            "CWE-78": 0.9802919708029197,
            "CWE-79": 0.833941605839416,
            "CWE-89": 0.974087591240876,
            "CWE-90": 0.9788321167883212,
            "CWE-327": 0.8996350364963503,
            "CWE-328": 0.9167883211678832,
            "CWE-330": 0.8218978102189781,
            "CWE-501": 0.9518248175182482,
            "CWE-614": 0.9755474452554744,
            "CWE-643": 0.9711678832116788
          },
          "Precision": {
            "CWE-22": 0.3883495145631068,
            "CWE-78": 0.9949748743718593,
            "CWE-79": 0.0,
            "CWE-89": 0.9557894736842105,
            "CWE-90": 1.0,
            "CWE-327": 0.03225806451612903,
            "CWE-328": 0.625,
            "CWE-330": 0.5757575757575758,
            "CWE-501": 0.0,
            "CWE-614": 0.0,
            "CWE-643": 0.0
          },
          "Recall": {
            "CWE-22": 0.746268656716418,
            "CWE-78": 0.7888446215139442,
            "CWE-79": 0.0,
            "CWE-89": 0.9007936507936508,
            "CWE-90": 0.01694915254237288,
            "CWE-327": 0.0040650406504065045,
            "CWE-328": 0.0847457627118644,
            "CWE-330": 0.038539553752535496,
            "CWE-501": 0.0,
            "CWE-614": 0.0,
            "CWE-643": 0.0
          },
          "F1-Score": {
            "CWE-22": 0.5108556832694764,
            "CWE-78": 0.88,
            "CWE-79": 0.0,
            "CWE-89": 0.9274770173646578,
            "CWE-90": 0.03333333333333333,
            "CWE-327": 0.007220216606498195,
            "CWE-328": 0.14925373134328357,
            "CWE-330": 0.07224334600760456,
            "CWE-501": 0.0,
            "CWE-614": 0.0,
            "CWE-643": 0.0
          }
        },
        "Macro Precision": 0.4156481366266256,
        "Macro Recall": 0.2345642216982902,
        "Macro F1-Score": 0.23458030253862308,
        "Weighted Precision": 0.48679497329435906,
        "Weighted Recall": 0.3259124087591241,
        "Weighted F1-Score": 0.3284016167878235,
        "MCC": 0.34754322279722555,
        "Cohen Kappa": 0.577088003292701,