{
  "phi3:14b": {
    "Dataset": "owasp",
    "Prompt Type": "simple",
    "Vulnerability Metrics": {
      "Accuracy": 0.5594890510948906,
      "Precision": 0.5492890995260663,
      "Recall": 0.8190812720848056,
      "F1-Score": 0.6575886524822695,
      "Youden Index": 0.10134542302820182,
      "ROC-AUC Score": 0.5506727115141008,
      "FPR": 0.7177358490566038,
      "FNR": 0.18091872791519434,
      "Specificity": 0.28226415094339624,
      "NPV": 0.5936507936507937,
      "FDR": 0.45071090047393364,
      "MCC": 0.12035906256537088,
      "Confusion Matrix": [
        [
          374,
          951
        ],
        [
          256,
          1159
        ]
      ]
    },
    "Vulnerability Type Metrics": {
      "Using Predicted CWE": {
        "Per Class Metrics": {
          "Accuracy": {
            "CWE-22": 0.8857664233576642,
            "CWE-78": 0.9102189781021898,
            "CWE-79": 0.8332116788321168,
            "CWE-89": 0.841970802919708,
            "CWE-90": 0.9784671532846715,
            "CWE-327": 0.9102189781021898,
            "CWE-328": 0.9138686131386862,
            "CWE-330": 0.82007299270073,
            "CWE-501": 0.954014598540146,
            "CWE-614": 0.9755474452554744,
            "CWE-643": 0.9872262773722628
          },
          "Precision": {
            "CWE-22": 0.1917808219178082,
            "CWE-78": 1.0,
            "CWE-79": 0.0,
            "CWE-89": 0.9733333333333334,
            "CWE-90": 0.0,
            "CWE-327": 0.0,
            "CWE-328": 0.0,
            "CWE-330": 0.0,
            "CWE-501": 0.0,
            "CWE-614": 0.0,
            "CWE-643": 0.0
          },
          "Recall": {
            "CWE-22": 0.05223880597014925,
            "CWE-78": 0.0199203187250996,
            "CWE-79": 0.0,
            "CWE-89": 0.14484126984126985,
            "CWE-90": 0.0,
            "CWE-327": 0.0,
            "CWE-328": 0.0,
            "CWE-330": 0.0,
            "CWE-501": 0.0,
            "CWE-614": 0.0,
            "CWE-643": 0.0
          },
          "F1-Score": {
            "CWE-22": 0.08211143695014662,
            "CWE-78": 0.0390625,
            "CWE-79": 0.0,
            "CWE-89": 0.25215889464594127,
            "CWE-90": 0.0,
            "CWE-327": 0.0,
            "CWE-328": 0.0,
            "CWE-330": 0.0,
            "CWE-501": 0.0,
            "CWE-614": 0.0,
            "CWE-643": 0.0
          }
        },
        "Macro Precision": 0.1968285595682856,
        "Macro Recall": 0.019727308594228974,
        "Macro F1-Score": 0.03393934832691708,
        "Weighted Precision": 0.28940045995400465,
        "Weighted Recall": 0.033576642335766425,
        "Weighted F1-Score": 0.05799220273875682,
        "MCC": 0.0835139161020421,
        "Cohen Kappa": 0.40424623268867066,
        "Confusion Matrix": [
          [
            14,
            0,
            0,
            0,
            0,
            0,
            0,
            0,
            0,
            0,
            0
          ],
          [
            40,
            5,
            1,
            1,
            0,
            0,
            0,
            0,
            0,
            0,
            0
          ],
          [
            1,
            0,
            0,
            0,
            0,
            0,
            0,
            0,
            0,
            0,
            0
          ],
          [
            12,
            0,
            0,
            73,
            0,
            0,
            0,
            0,
            0,
            0,
            0
          ],
          [
            0,
            0,
            0,
            0,
            0,
            0,
            0,
            0,
            0,
            0,
            0
          ],
          [
            2,
            0,
            0,
            0,
            0,
            0,
            0,
            0,
            0,
            0,
            0
          ],
          [
            3,
            0,
            0,
            0,
            0,
            0,
            0,
            0,
            0,
            0,
            0
          ],
          [
            1,
            0,
            0,
            0,
            0,
            0,
            0,
            0,
            0,
            0,
            0
          ],
          [
            0,
            0,
            1,
            1,
            0,
            0,
            0,
            0,
            0,
            0,
            0
          ],
          [
            0,
            0,
            0,
            0,
            0,
            0,
            0,
            0,
            0,
            0,
            0
          ],
          [
            0,
            0,
            0,
            0,
            0,
            0,
            0,
            0,
            0,
            0,
            0
          ]
        ]
      },
      "Using Predicted Vulnerability Name": {
        "Per Class Metrics": {
          "Accuracy": {
            "CWE-22": 0.9018248175182482,
            "CWE-78": 0.9098540145985401,
            "CWE-79": 0.8302919708029197,
            "CWE-89": 0.8397810218978102,
            "CWE-90": 0.9784671532846715,
            "CWE-327": 0.9102189781021898,
            "CWE-328": 0.9138686131386862,
            "CWE-330": 0.8204379562043795,
            "CWE-501": 0.954014598540146,
            "CWE-614": 0.9755474452554744,
            "CWE-643": 0.9872262773722628
          },
          "Precision": {
            "CWE-22": 0.47058823529411764,
            "CWE-78": 0.8333333333333334,
            "CWE-79": 0.0,
            "CWE-89": 0.9577464788732394,
            "CWE-90": 0.0,
            "CWE-327": 0.0,
            "CWE-328": 0.0,
            "CWE-330": 1.0,
            "CWE-501": 0.0,
            "CWE-614": 0.0,
            "CWE-643": 0.0
          },
          "Recall": {
            "CWE-22": 0.029850746268656716,
            "CWE-78": 0.0199203187250996,
            "CWE-79": 0.0,
            "CWE-89": 0.1349206349206349,
            "CWE-90": 0.0,
            "CWE-327": 0.0,
            "CWE-328": 0.0,
            "CWE-330": 0.002028397565922921,
            "CWE-501": 0.0,
            "CWE-614": 0.0,
            "CWE-643": 0.0
          },
          "F1-Score": {
            "CWE-22": 0.056140350877192984,
            "CWE-78": 0.038910505836575876,
            "CWE-79": 0.0,
            "CWE-89": 0.23652173913043478,
            "CWE-90": 0.0,
            "CWE-327": 0.0,
            "CWE-328": 0.0,
            "CWE-330": 0.004048582995951417,
            "CWE-501": 0.0,
            "CWE-614": 0.0,
            "CWE-643": 0.0
          }
        },
        "Macro Precision": 0.2965152770455173,
        "Macro Recall": 0.016974554316392197,
        "Macro F1-Score": 0.03051101625819591,
        "Weighted Precision": 0.4784629704662784,
        "Weighted Recall": 0.029927007299270073,
        "Weighted F1-Score": 0.053290167495916585,
        "MCC": 0.09308279804027327,
        "Cohen Kappa": 0.5964237967914439,