{
  "phi3:14b": {
    "Dataset": "owasp",
    "Prompt Type": "few_shot",
    "Vulnerability Metrics": {
      "Accuracy": 0.5456204379562044,
      "Precision": 0.5588642659279779,
      "Recall": 0.5703180212014134,
      "F1-Score": 0.5645330535152151,
      "Youden Index": 0.08956330422028147,
      "ROC-AUC Score": 0.5447816521101406,
      "FPR": 0.4807547169811321,
      "FNR": 0.42968197879858655,
      "Specificity": 0.519245283018868,
      "NPV": 0.5308641975308642,
      "FDR": 0.44113573407202217,
      "MCC": 0.08964584580437995,
      "Confusion Matrix": [
        [
          688,
          637
        ],
        [
          608,
          807
        ]
      ]
    },
    "Vulnerability Type Metrics": {
      "Using Predicted CWE": {
        "Per Class Metrics": {
          "Accuracy": {
            "CWE-22": 0.9010948905109489,
            "CWE-78": 0.9105839416058394,
            "CWE-79": 0.833941605839416,
            "CWE-89": 0.8405109489051095,
            "CWE-90": 0.9784671532846715,
            "CWE-327": 0.9102189781021898,
            "CWE-328": 0.9138686131386862,
            "CWE-330": 0.82007299270073,
            "CWE-501": 0.954014598540146,
            "CWE-614": 0.9755474452554744,
            "CWE-643": 0.9872262773722628
          },
          "Precision": {
            "CWE-22": 0.2857142857142857,
            "CWE-78": 0.875,
            "CWE-79": 0.0,
            "CWE-89": 0.9855072463768116,
            "CWE-90": 0.0,
            "CWE-327": 0.0,
            "CWE-328": 0.0,
            "CWE-330": 0.0,
            "CWE-501": 0.0,
            "CWE-614": 0.0,
            "CWE-643": 0.0
          },
          "Recall": {
            "CWE-22": 0.007462686567164179,
            "CWE-78": 0.027888446215139442,
            "CWE-79": 0.0,
            "CWE-89": 0.1349206349206349,
            "CWE-90": 0.0,
            "CWE-327": 0.0,
            "CWE-328": 0.0,
            "CWE-330": 0.0,
            "CWE-501": 0.0,
            "CWE-614": 0.0,
            "CWE-643": 0.0
          },
          "F1-Score": {
            "CWE-22": 0.014545454545454545,
            "CWE-78": 0.05405405405405406,
            "CWE-79": 0.0,
            "CWE-89": 0.23734729493891799,
            "CWE-90": 0.0,
            "CWE-327": 0.0,
            "CWE-328": 0.0,
            "CWE-330": 0.0,
            "CWE-501": 0.0,
            "CWE-614": 0.0,
            "CWE-643": 0.0
          }
        },
        "Macro Precision": 0.19511104837191792,
        "Macro Recall": 0.015479251609358048,
        "Macro F1-Score": 0.027813345776220598,
        "Weighted Precision": 0.2893766718048692,
        "Weighted Recall": 0.028102189781021896,
        "Weighted F1-Score": 0.050032403662395634,
        "MCC": 0.10072506275859591,
        "Cohen Kappa": 0.7252336448598131,
        "Confusion Matrix": [
          [
            2,
            0,
            0,
            0,
            0,
            0,
            0,
            0,
            0,
            0,
            0
          ],
          [
            2,
            7,
            0,
            0,
            0,
            0,
            0,
            0,
            0,
            0,
            0
          ],
          [
            1,
            1,
            0,
            1,
            0,
            0,
            0,
            0,
            0,
            0,
            0
          ],
          [
            2,
            0,
            0,
            68,
            0,
            0,
            0,
            0,
            0,
            0,
            0
          ],
          [
            0,
            0,
            0,
            0,
            0,
            0,
            0,
            0,
            0,
            0,
            0
          ],
          [
            0,
            0,
            0,
            0,
            0,
            0,
            0,
            0,
            0,
            0,
            0
          ],
          [
            0,
            0,
            0,
            0,
            0,
            0,
            0,
            0,
            0,
            0,
            0
          ],
          [
            0,
            0,
            0,
            0,
            0,
            0,
            0,
            0,
            0,
            0,
            0
          ],
          [
            0,
            0,
            0,
            0,
            0,
            0,
            0,
            0,
            0,
            0,
            0
          ],
          [
            0,
            0,
            0,
            0,
            0,
            0,
            0,
            0,
            0,
            0,
            0
          ],
          [
            0,
            0,
            0,
            0,
            0,
            0,
            0,
            0,
            0,
            0,
            0
          ]
        ]
      },
      "Using Predicted Vulnerability Name": {
        "Per Class Metrics": {
          "Accuracy": {
            "CWE-22": 0.9091240875912409,
            "CWE-78": 0.9186131386861314,
            "CWE-79": 0.833941605839416,
            "CWE-89": 0.8412408759124088,
            "CWE-90": 0.9784671532846715,
            "CWE-327": 0.9102189781021898,
            "CWE-328": 0.9138686131386862,
            "CWE-330": 0.82007299270073,
            "CWE-501": 0.954014598540146,
            "CWE-614": 0.9755474452554744,
            "CWE-643": 0.9872262773722628
          },
          "Precision": {
            "CWE-22": 0.9130434782608695,
            "CWE-78": 1.0,
            "CWE-79": 0.0,
            "CWE-89": 0.9859154929577465,
            "CWE-90": 0.0,
            "CWE-327": 0.0,
            "CWE-328": 0.0,
            "CWE-330": 0.0,
            "CWE-501": 0.0,
            "CWE-614": 0.0,
            "CWE-643": 0.0
          },
          "Recall": {
            "CWE-22": 0.07835820895522388,
            "CWE-78": 0.11155378486055777,
            "CWE-79": 0.0,
            "CWE-89": 0.1388888888888889,
            "CWE-90": 0.0,
            "CWE-327": 0.0,
            "CWE-328": 0.0,
            "CWE-330": 0.0,
            "CWE-501": 0.0,
            "CWE-614": 0.0,
            "CWE-643": 0.0
          },
          "F1-Score": {
            "CWE-22": 0.14432989690721648,
            "CWE-78": 0.2007168458781362,
            "CWE-79": 0.0,
            "CWE-89": 0.24347826086956523,
            "CWE-90": 0.0,
            "CWE-327": 0.0,
            "CWE-328": 0.0,
            "CWE-330": 0.0,
            "CWE-501": 0.0,
            "CWE-614": 0.0,
            "CWE-643": 0.0
          }
        },
        "Macro Precision": 0.2635417246562378,
        "Macro Recall": 0.029890989336788232,
        "Macro F1-Score": 0.05350227305953799,
        "Weighted Precision": 0.3622617009578895,
        "Weighted Recall": 0.04343065693430657,
        "Weighted F1-Score": 0.07728955626452812,
        "MCC": 0.13479726630221395,
        "Cohen Kappa": 0.9573972762192993,