{
  "phi3:14b": {
    "Dataset": "owasp",
    "Prompt Type": "chain_of_thought",
    "Vulnerability Metrics": {
      "Accuracy": 0.5448905109489051,
      "Precision": 0.5399619410085633,
      "Recall": 0.8021201413427562,
      "F1-Score": 0.6454364515211828,
      "Youden Index": 0.07230882058803934,
      "ROC-AUC Score": 0.5361544102940196,
      "FPR": 0.729811320754717,
      "FNR": 0.1978798586572438,
      "Specificity": 0.270188679245283,
      "NPV": 0.5611285266457681,
      "FDR": 0.46003805899143674,
      "MCC": 0.08549697356502171,
      "Confusion Matrix": [
        [
          358,
          967
        ],
        [
          280,
          1135
        ]
      ]
    },
    "Vulnerability Type Metrics": {
      "Using Predicted CWE": {
        "Per Class Metrics": {
          "Accuracy": {
            "CWE-22": 0.8937956204379562,
            "CWE-78": 0.9116788321167884,
            "CWE-79": 0.833941605839416,
            "CWE-89": 0.8423357664233576,
            "CWE-90": 0.9784671532846715,
            "CWE-327": 0.9102189781021898,
            "CWE-328": 0.9138686131386862,
            "CWE-330": 0.82007299270073,
            "CWE-501": 0.954014598540146,
            "CWE-614": 0.9755474452554744,
            "CWE-643": 0.9872262773722628
          },
          "Precision": {
            "CWE-22": 0.0,
            "CWE-78": 1.0,
            "CWE-79": 0.0,
            "CWE-89": 0.9736842105263158,
            "CWE-90": 0.0,
            "CWE-327": 0.0,
            "CWE-328": 0.0,
            "CWE-330": 0.0,
            "CWE-501": 0.0,
            "CWE-614": 0.0,
            "CWE-643": 0.0
          },
          "Recall": {
            "CWE-22": 0.0,
            "CWE-78": 0.035856573705179286,
            "CWE-79": 0.0,
            "CWE-89": 0.14682539682539683,
            "CWE-90": 0.0,
            "CWE-327": 0.0,
            "CWE-328": 0.0,
            "CWE-330": 0.0,
            "CWE-501": 0.0,
            "CWE-614": 0.0,
            "CWE-643": 0.0
          },
          "F1-Score": {
            "CWE-22": 0.0,
            "CWE-78": 0.06923076923076923,
            "CWE-79": 0.0,
            "CWE-89": 0.25517241379310346,
            "CWE-90": 0.0,
            "CWE-327": 0.0,
            "CWE-328": 0.0,
            "CWE-330": 0.0,
            "CWE-501": 0.0,
            "CWE-614": 0.0,
            "CWE-643": 0.0
          }
        },
        "Macro Precision": 0.17942583732057418,
        "Macro Recall": 0.01660745186641601,
        "Macro F1-Score": 0.029491198456715703,
        "Weighted Precision": 0.27070687668075294,
        "Weighted Recall": 0.030291970802919708,
        "Weighted F1-Score": 0.05327876628782745,
        "MCC": 0.09336727006039498,
        "Cohen Kappa": 0.4442157266364758,
        "Confusion Matrix": [
          [
            0,
            0,
            0,
            1,
            0,
            0,
            0,
            0,
            0,
            0,
            0
          ],
          [
            10,
            9,
            0,
            0,
            0,
            0,
            0,
            0,
            0,
            0,
            0
          ],
          [
            0,
            0,
            0,
            0,
            0,
            0,
            0,
            0,
            0,
            0,
            0
          ],
          [
            13,
            0,
            0,
            74,
            0,
            0,
            0,
            0,
            0,
            0,
            0
          ],
          [
            0,
            0,
            0,
            0,
            0,
            0,
            0,
            0,
            0,
            0,
            0
          ],
          [
            0,
            0,
            0,
            0,
            0,
            0,
            0,
            0,
            0,
            0,
            0
          ],
          [
            0,
            0,
            0,
            0,
            0,
            0,
            0,
            0,
            0,
            0,
            0
          ],
          [
            0,
            0,
            0,
            0,
            0,
            0,
            0,
            0,
            0,
            0,
            0
          ],
          [
            0,
            0,
            0,
            1,
            0,
            0,
            0,
            0,
            0,
            0,
            0
          ],
          [
            0,
            0,
            0,
            0,
            0,
            0,
            0,
            0,
            0,
            0,
            0
          ],
          [
            0,
            0,
            0,
            0,
            0,
            0,
            0,
            0,
            0,
            0,
            0
          ]
        ]
      },
      "Using Predicted Vulnerability Name": {
        "Per Class Metrics": {
          "Accuracy": {
            "CWE-22": 0.8989051094890511,
            "CWE-78": 0.9094890510948905,
            "CWE-79": 0.8324817518248175,
            "CWE-89": 0.8368613138686132,
            "CWE-90": 0.9784671532846715,
            "CWE-327": 0.9102189781021898,
            "CWE-328": 0.9138686131386862,
            "CWE-330": 0.82007299270073,
            "CWE-501": 0.954014598540146,
            "CWE-614": 0.9755474452554744,
            "CWE-643": 0.9872262773722628
          },
          "Precision": {
            "CWE-22": 0.15384615384615385,
            "CWE-78": 1.0,
            "CWE-79": 0.0,
            "CWE-89": 0.9253731343283582,
            "CWE-90": 0.0,
            "CWE-327": 0.0,
            "CWE-328": 0.0,
            "CWE-330": 0.0,
            "CWE-501": 0.0,
            "CWE-614": 0.0,
            "CWE-643": 0.0
          },
          "Recall": {
            "CWE-22": 0.007462686567164179,
            "CWE-78": 0.01195219123505976,
            "CWE-79": 0.0,
            "CWE-89": 0.12301587301587301,
            "CWE-90": 0.0,
            "CWE-327": 0.0,
            "CWE-328": 0.0,
            "CWE-330": 0.0,
            "CWE-501": 0.0,
            "CWE-614": 0.0,
            "CWE-643": 0.0
          },
          "F1-Score": {
            "CWE-22": 0.014234875444839857,
            "CWE-78": 0.023622047244094488,
            "CWE-79": 0.0,
            "CWE-89": 0.2171628721541156,
            "CWE-90": 0.0,
            "CWE-327": 0.0,
            "CWE-328": 0.0,
            "CWE-330": 0.0,
            "CWE-501": 0.0,
            "CWE-614": 0.0,
            "CWE-643": 0.0
          }
        },
        "Macro Precision": 0.18901993528859198,
        "Macro Recall": 0.012948250074372449,
        "Macro F1-Score": 0.023183617713004537,
        "Weighted Precision": 0.27686818574170136,
        "Weighted Recall": 0.024452554744525547,
        "Weighted F1-Score": 0.04350152118363469,
        "MCC": 0.0825574328317062,
        "Cohen Kappa": 0.47716346153846156,