{
    "gpt-5-2025-08-07": {
        "Dataset": "owasp",
        "Prompt Type": "simple",
        "Vulnerability Metrics": {
            "Accuracy": 0.6682481751824818,
            "Precision": 0.611062335381914,
            "Recall": 0.9837455830388693,
            "F1-Score": 0.7538586515028433,
            "Youden Index": 0.31506633775585047,
            "ROC-AUC Score": 0.6575331688779251,
            "FPR": 0.6686792452830189,
            "FNR": 0.01625441696113074,
            "Specificity": 0.33132075471698114,
            "NPV": 0.9502164502164502,
            "FDR": 0.38893766461808604,
            "MCC": 0.4205235444520648,
            "Confusion Matrix": [
                [
                    439,
                    886
                ],
                [
                    23,
                    1392
                ]
            ]
        },
        "Vulnerability Type Metrics": {
            "Using Predicted CWE": {
                "Per Class Metrics": {
                    "Accuracy": {
                        "CWE-22": 0.974087591240876,
                        "CWE-78": 0.9817518248175182,
                        "CWE-79": 0.9467153284671533,
                        "CWE-89": 0.9824817518248176,
                        "CWE-90": 0.9956204379562044,
                        "CWE-327": 0.9368613138686132,
                        "CWE-328": 0.9357664233576642,
                        "CWE-330": 0.8412408759124088,
                        "CWE-501": 0.9624087591240876,
                        "CWE-614": 0.987956204379562,
                        "CWE-643": 0.9974452554744525
                    },
                    "Precision": {
                        "CWE-22": 1.0,
                        "CWE-78": 1.0,
                        "CWE-79": 1.0,
                        "CWE-89": 1.0,
                        "CWE-90": 1.0,
                        "CWE-327": 0.6327272727272727,
                        "CWE-328": 1.0,
                        "CWE-330": 0.953125,
                        "CWE-501": 1.0,
                        "CWE-614": 0.9473684210526315,
                        "CWE-643": 1.0
                    },
                    "Recall": {
                        "CWE-22": 0.7350746268656716,
                        "CWE-78": 0.8007968127490039,
                        "CWE-79": 0.6791208791208792,
                        "CWE-89": 0.9047619047619048,
                        "CWE-90": 0.7966101694915254,
                        "CWE-327": 0.7073170731707317,
                        "CWE-328": 0.2542372881355932,
                        "CWE-330": 0.12373225152129817,
                        "CWE-501": 0.18253968253968253,
                        "CWE-614": 0.5373134328358209,
                        "CWE-643": 0.8
                    },
                    "F1-Score": {
                        "CWE-22": 0.8473118279569892,
                        "CWE-78": 0.8893805309734514,
                        "CWE-79": 0.8089005235602095,
                        "CWE-89": 0.95,
                        "CWE-90": 0.8867924528301887,
                        "CWE-327": 0.6679462571976967,
                        "CWE-328": 0.40540540540540543,
                        "CWE-330": 0.21903052064631956,
                        "CWE-501": 0.3087248322147651,
                        "CWE-614": 0.6857142857142857,
                        "CWE-643": 0.8888888888888888
                    }
                },
                "Macro Precision": 0.957565517616355,
                "Macro Recall": 0.5928640110174647,
                "Macro F1-Score": 0.6870995932171091,
                "Weighted Precision": 0.9573048241976041,
                "Weighted Recall": 0.581021897810219,
                "Weighted F1-Score": 0.6691278740298026,
                "MCC": 0.6042286097459268,
                "Cohen Kappa": 0.9260318018703695,
                "Confusion Matrix": [
                    [
                        197,
                        0,
                        0,
                        0,
                        0,
                        0,
                        0,
                        0,
                        0,
                        0,
                        0
                    ],
                    [
                        0,
                        201,
                        0,
                        0,
                        0,
                        0,
                        0,
                        0,
                        0,
                        0,
                        0
                    ],
                    [
                        0,
                        0,
                        309,
                        0,
                        0,
                        0,
                        0,
                        0,
                        0,
                        0,
                        0
                    ],
                    [
                        0,
                        0,
                        0,
                        456,
                        0,
                        0,
                        0,
                        0,
                        0,
                        0,
                        0
                    ],
                    [
                        0,
                        0,
                        0,
                        0,
                        47,
                        0,
                        0,
                        0,
                        0,
                        0,
                        0
                    ],
                    [
                        0,
                        0,
                        0,
                        0,
                        0,
                        174,
                        0,
                        3,
                        0,
                        0,
                        0
                    ],
                    [
                        0,
                        0,
                        0,
                        0,
                        0,
                        100,
                        60,
                        0,
                        0,
                        0,
                        0
                    ],
                    [
                        0,
                        0,
                        0,
                        0,
                        0,
                        1,
                        0,
                        61,
                        0,
                        2,
                        0
                    ],
                    [
                        0,
                        0,
                        0,
                        0,
                        0,
                        0,
                        0,
                        0,
                        23,
                        0,
                        0
                    ],
                    [
                        0,
                        0,
                        0,
                        0,
                        0,
                        0,
                        0,
                        0,
                        0,
                        36,
                        0
                    ],
                    [
                        0,
                        0,
                        0,
                        0,
                        0,
                        0,
                        0,
                        0,
                        0,
                        0,
                        28
                    ]
                ]
            },
            "Using Predicted Vulnerability Name": {
                "Per Class Metrics": {
                    "Accuracy": {
                        "CWE-22": 0.9773722627737226,
                        "CWE-78": 0.9897810218978103,