{
    "gpt-5-mini-2025-08-07": {
        "Dataset": "owasp",
        "Prompt Type": "simple",
        "Vulnerability Metrics": {
            "Accuracy": 0.5569343065693431,
            "Precision": 0.5382565664255805,
            "Recall": 0.9992932862190813,
            "F1-Score": 0.6996536368134587,
            "Youden Index": 0.0838215881058737,
            "ROC-AUC Score": 0.541910794052937,
            "FPR": 0.9154716981132075,
            "FNR": 0.0007067137809187279,
            "Specificity": 0.08452830188679246,
            "NPV": 0.9911504424778761,
            "FDR": 0.4617434335744195,
            "MCC": 0.2106554918360026,
            "Confusion Matrix": [
                [
                    112,
                    1213
                ],
                [
                    1,
                    1414
                ]
            ]
        },
        "Vulnerability Type Metrics": {
            "Using Predicted CWE": {
                "Per Class Metrics": {
                    "Accuracy": {
                        "CWE-22": 0.987956204379562,
                        "CWE-78": 0.9937956204379562,
                        "CWE-79": 0.954014598540146,
                        "CWE-89": 0.983941605839416,
                        "CWE-90": 1.0,
                        "CWE-327": 0.9003649635036496,
                        "CWE-328": 0.9178832116788321,
                        "CWE-330": 0.8660583941605839,
                        "CWE-501": 0.954014598540146,
                        "CWE-614": 0.9777372262773723,
                        "CWE-643": 0.9974452554744525
                    },
                    "Precision": {
                        "CWE-22": 1.0,
                        "CWE-78": 1.0,
                        "CWE-79": 0.993993993993994,
                        "CWE-89": 1.0,
                        "CWE-90": 1.0,
                        "CWE-327": 0.45484949832775917,
                        "CWE-328": 1.0,
                        "CWE-330": 1.0,
                        "CWE-501": 0.0,
                        "CWE-614": 0.6666666666666666,
                        "CWE-643": 0.9666666666666667
                    },
                    "Recall": {
                        "CWE-22": 0.8768656716417911,
                        "CWE-78": 0.9322709163346613,
                        "CWE-79": 0.7274725274725274,
                        "CWE-89": 0.9126984126984127,
                        "CWE-90": 1.0,
                        "CWE-327": 0.5528455284552846,
                        "CWE-328": 0.046610169491525424,
                        "CWE-330": 0.25557809330628806,
                        "CWE-501": 0.0,
                        "CWE-614": 0.1791044776119403,
                        "CWE-643": 0.8285714285714286
                    },
                    "F1-Score": {
                        "CWE-22": 0.9343936381709742,
                        "CWE-78": 0.9649484536082474,
                        "CWE-79": 0.8401015228426396,
                        "CWE-89": 0.9543568464730291,
                        "CWE-90": 1.0,
                        "CWE-327": 0.4990825688073395,
                        "CWE-328": 0.08906882591093117,
                        "CWE-330": 0.407108239095315,
                        "CWE-501": 0.0,
                        "CWE-614": 0.2823529411764706,
                        "CWE-643": 0.8923076923076924
                    }
                },
                "Macro Precision": 0.8256524386959169,
                "Macro Recall": 0.5738197477803508,
                "Macro F1-Score": 0.6239746116720581,
                "Weighted Precision": 0.8954964393634656,
                "Weighted Recall": 0.595985401459854,
                "Weighted F1-Score": 0.6604047202213383,
                "MCC": 0.6066850623360079,
                "Cohen Kappa": 0.8875043029259897,
                "Confusion Matrix": [
                    [
                        235,
                        0,
                        0,
                        0,
                        0,
                        0,
                        0,
                        0,
                        0,
                        0,
                        0
                    ],
                    [
                        0,
                        234,
                        0,
                        0,
                        0,
                        0,
                        0,
                        0,
                        0,
                        0,
                        0
                    ],
                    [
                        0,
                        0,
                        331,
                        0,
                        0,
                        0,
                        0,
                        0,
                        0,
                        0,
                        0
                    ],
                    [
                        0,
                        0,
                        0,
                        460,
                        0,
                        0,
                        0,
                        0,
                        0,
                        0,
                        0
                    ],
                    [
                        0,
                        0,
                        0,
                        0,
                        59,
                        0,
                        0,
                        0,
                        0,
                        0,
                        0
                    ],
                    [
                        0,
                        0,
                        0,
                        0,
                        0,
                        136,
                        0,
                        0,
                        0,
                        0,
                        0
                    ],
                    [
                        0,
                        0,
                        0,
                        0,
                        0,
                        133,
                        11,
                        0,
                        0,
                        0,
                        0
                    ],
                    [
                        0,
                        0,
                        0,
                        0,
                        0,
                        30,
                        0,
                        126,
                        0,
                        0,
                        0
                    ],
                    [
                        0,
                        0,
                        2,
                        0,
                        0,
                        0,
                        0,
                        0,
                        0,
                        6,
                        1
                    ],
                    [
                        0,
                        0,
                        0,
                        0,
                        0,
                        0,
                        0,
                        0,
                        0,
                        12,
                        0
                    ],
                    [
                        0,
                        0,
                        0,
                        0,
                        0,
                        0,
                        0,
                        0,
                        0,
                        0,
                        29
                    ]
                ]
            },
            "Using Predicted Vulnerability Name": {
                "Per Class Metrics": {
                    "Accuracy": {
                        "CWE-22": 0.9945255474452555,
                        "CWE-78": 1.0,
                        "CWE-79": 0.9813868613138687,