{
    "psyche/Meta-Llama-3-70B-Instruct-awq": {
        "Vulnerability Metrics": {
            "Accuracy": 0.5714285714285714,
            "Precision": 0.5384615384615384,
            "Recall": 1.0,
            "F1-Score": 0.7,
            "ROC-AUC Score": 0.5714285714285714,
            "Confusion Matrix": [
                [
                    2,
                    12
                ],
                [
                    0,
                    14
                ]
            ],
            "FPR": 0.8571428571428571,
            "FNR": 0.0,
            "Specificity": 0.14285714285714285,
            "NPV": 1.0,
            "FDR": 0.46153846153846156,
            "MCC": 0.2773500981126146
        },
        "Vulnerability Type Metrics": {
            "Using Predicted CWE": {
                "Per Class Metrics": {
                    "Accuracy": {
                        "CWE-78": 1.0,
                        "CWE-89": 0.9285714285714286,
                        "CWE-330": 1.0,
                        "CWE-22": 0.9642857142857143,
                        "CWE-328": 0.9285714285714286,
                        "CWE-79": 0.8214285714285714,
                        "CWE-501": 0.9642857142857143,
                        "CWE-327": 0.9285714285714286,
                        "CWE-614": 0.9642857142857143,
                        "CWE-90": 0.9642857142857143
                    },
                    "Precision": {
                        "CWE-78": 1.0,
                        "CWE-89": 0.7142857142857143,
                        "CWE-330": 1.0,
                        "CWE-22": 1.0,
                        "CWE-328": 0.0,
                        "CWE-79": 0.0,
                        "CWE-501": 0.0,
                        "CWE-327": 0.0,
                        "CWE-614": 0.0,
                        "CWE-90": 0.0
                    },
                    "Recall": {
                        "CWE-78": 1.0,
                        "CWE-89": 1.0,
                        "CWE-330": 1.0,
                        "CWE-22": 0.6666666666666666,
                        "CWE-328": 0.0,
                        "CWE-79": 0.0,
                        "CWE-501": 0.0,
                        "CWE-327": 0.0,
                        "CWE-614": 0.0,
                        "CWE-90": 0.0
                    },
                    "F1-Score": {
                        "CWE-78": 1.0,
                        "CWE-89": 0.8333333333333334,
                        "CWE-330": 1.0,
                        "CWE-22": 0.8,
                        "CWE-328": 0.0,
                        "CWE-79": 0.0,
                        "CWE-501": 0.0,
                        "CWE-327": 0.0,
                        "CWE-614": 0.0,
                        "CWE-90": 0.0
                    }
                },
                "Macro Precision": 0.37142857142857144,
                "Macro Recall": 0.36666666666666664,
                "Macro F1-Score": 0.3633333333333334,
                "Weighted Precision": 0.5204081632653061,
                "Weighted Recall": 0.5357142857142857,
                "Weighted F1-Score": 0.5202380952380953,
                "MCC": 0.5134292408895555,
                "Cohen Kappa": 0.8425925925925926,
                "Confusion Matrix": [
                    [
                        3,
                        0,
                        0,
                        0,
                        0,
                        0,
                        0,
                        0,
                        0,
                        0
                    ],
                    [
                        0,
                        5,
                        0,
                        0,
                        0,
                        0,
                        0,
                        0,
                        0,
                        0
                    ],
                    [
                        0,
                        0,
                        5,
                        0,
                        0,
                        0,
                        0,
                        0,
                        0,
                        0
                    ],
                    [
                        0,
                        0,
                        0,
                        2,
                        0,
                        0,
                        0,
                        0,
                        0,
                        0
                    ],
                    [
                        0,
                        1,
                        0,
                        0,
                        0,
                        0,
                        0,
                        0,
                        0,
                        0
                    ],
                    [
                        0,
                        0,
                        0,
                        0,
                        0,
                        0,
                        0,
                        0,
                        0,
                        0
                    ],
                    [
                        0,
                        0,
                        0,
                        0,
                        0,
                        0,
                        0,
                        0,
                        0,
                        0
                    ],
                    [
                        0,
                        0,
                        0,
                        0,
                        0,
                        0,
                        0,
                        0,
                        0,
                        0
                    ],
                    [
                        0,
                        0,
                        0,
                        0,
                        0,
                        0,
                        0,
                        0,
                        0,
                        0
                    ],
                    [
                        0,
                        1,
                        0,
                        0,
                        0,
                        0,
                        0,
                        0,
                        0,
                        0
                    ]
                ]
            },
            "Using Predicted Vulnerability Name": {
                "Per Class Metrics": {
                    "Accuracy": {
                        "CWE-78": 1.0,
                        "CWE-89": 0.8214285714285714,
                        "CWE-330": 0.8214285714285714,
                        "CWE-22": 0.8571428571428571,
                        "CWE-328": 0.9285714285714286,
                        "CWE-79": 0.6428571428571429,
                        "CWE-501": 0.9642857142857143,
                        "CWE-327": 0.9285714285714286,
                        "CWE-614": 0.9642857142857143,
                        "CWE-90": 0.9642857142857143
                    },
                    "Precision": {
                        "CWE-78": 1.0,
                        "CWE-89": 0.0,
                        "CWE-330": 0.0,
                        "CWE-22": 0.0,
                        "CWE-328": 0.0,
                        "CWE-79": 0.2727272727272727,
                        "CWE-501": 0.0,
                        "CWE-327": 0.0,
                        "CWE-614": 0.0,
                        "CWE-90": 0.0
                    },
                    "Recall": {
                        "CWE-78": 1.0,
                        "CWE-89": 0.0,
                        "CWE-330": 0.0,
                        "CWE-22": 0.0,
                        "CWE-328": 0.0,
                        "CWE-79": 0.6,
                        "CWE-501": 0.0,
                        "CWE-327": 0.0,
                        "CWE-614": 0.0,