{
    "gpt-4o-2024-05-13": {
        "Dataset": "owasp",
        "Prompt Type": "vulnerability_specific",
        "Vulnerability Metrics": {
            "Accuracy": 0.6040145985401459,
            "Precision": 0.5671277461350691,
            "Recall": 0.9851590106007068,
            "F1-Score": 0.7198554092434805,
            "Youden Index": 0.1821401426761784,
            "ROC-AUC Score": 0.5910700713380893,
            "FPR": 0.8030188679245283,
            "FNR": 0.014840989399293287,
            "Specificity": 0.1969811320754717,
            "NPV": 0.925531914893617,
            "FDR": 0.43287225386493083,
            "MCC": 0.29955483796888105,
            "Confusion Matrix": [
                [
                    261,
                    1064
                ],
                [
                    21,
                    1394
                ]
            ]
        },
        "Vulnerability Type Metrics": {
            "Using Predicted CWE": {
                "Per Class Metrics": {
                    "Accuracy": {
                        "CWE-22": 1.0,
                        "CWE-78": 1.0,
                        "CWE-79": 0.9861313868613139,
                        "CWE-89": 1.0,
                        "CWE-90": 1.0,
                        "CWE-327": 0.9755474452554744,
                        "CWE-328": 0.9835766423357665,
                        "CWE-330": 0.9562043795620438,
                        "CWE-501": 0.9864963503649635,
                        "CWE-614": 0.9886861313868613,
                        "CWE-643": 1.0
                    },
                    "Precision": {
                        "CWE-22": 1.0,
                        "CWE-78": 1.0,
                        "CWE-79": 1.0,
                        "CWE-89": 1.0,
                        "CWE-90": 1.0,
                        "CWE-327": 0.8808510638297873,
                        "CWE-328": 1.0,
                        "CWE-330": 1.0,
                        "CWE-501": 1.0,
                        "CWE-614": 1.0,
                        "CWE-643": 1.0
                    },
                    "Recall": {
                        "CWE-22": 1.0,
                        "CWE-78": 1.0,
                        "CWE-79": 0.9164835164835164,
                        "CWE-89": 1.0,
                        "CWE-90": 1.0,
                        "CWE-327": 0.8414634146341463,
                        "CWE-328": 0.809322033898305,
                        "CWE-330": 0.7565922920892495,
                        "CWE-501": 0.7063492063492064,
                        "CWE-614": 0.5373134328358209,
                        "CWE-643": 1.0
                    },
                    "F1-Score": {
                        "CWE-22": 1.0,
                        "CWE-78": 1.0,
                        "CWE-79": 0.9564220183486238,
                        "CWE-89": 1.0,
                        "CWE-90": 1.0,
                        "CWE-327": 0.8607068607068608,
                        "CWE-328": 0.8946135831381733,
                        "CWE-330": 0.8614318706697459,
                        "CWE-501": 0.827906976744186,
                        "CWE-614": 0.6990291262135923,
                        "CWE-643": 1.0
                    }
                },
                "Macro Precision": 0.9891682785299807,
                "Macro Recall": 0.8697748996627496,
                "Macro F1-Score": 0.9181918578019257,
                "Weighted Precision": 0.9893026867526014,
                "Weighted Recall": 0.8868613138686131,
                "Weighted F1-Score": 0.9309751293683881,
                "MCC": 0.8784098617275872,
                "Cohen Kappa": 0.9868543797469128,
                "Confusion Matrix": [
                    [
                        268,
                        0,
                        0,
                        0,
                        0,
                        0,
                        0,
                        0,
                        0,
                        0,
                        0
                    ],
                    [
                        0,
                        251,
                        0,
                        0,
                        0,
                        0,
                        0,
                        0,
                        0,
                        0,
                        0
                    ],
                    [
                        0,
                        0,
                        417,
                        0,
                        0,
                        0,
                        0,
                        0,
                        0,
                        0,
                        0
                    ],
                    [
                        0,
                        0,
                        0,
                        504,
                        0,
                        0,
                        0,
                        0,
                        0,
                        0,
                        0
                    ],
                    [
                        0,
                        0,
                        0,
                        0,
                        59,
                        0,
                        0,
                        0,
                        0,
                        0,
                        0
                    ],
                    [
                        0,
                        0,
                        0,
                        0,
                        0,
                        207,
                        0,
                        0,
                        0,
                        0,
                        0
                    ],
                    [
                        0,
                        0,
                        0,
                        0,
                        0,
                        28,
                        191,
                        0,
                        0,
                        0,
                        0
                    ],
                    [
                        0,
                        0,
                        0,
                        0,
                        0,
                        0,
                        0,
                        373,
                        0,
                        0,
                        0
                    ],
                    [
                        0,
                        0,
                        0,
                        0,
                        0,
                        0,
                        0,
                        0,
                        89,
                        0,
                        0
                    ],
                    [
                        0,
                        0,
                        0,
                        0,
                        0,
                        0,
                        0,
                        0,
                        0,
                        36,
                        0
                    ],
                    [
                        0,
                        0,
                        0,
                        0,
                        0,
                        0,
                        0,
                        0,
                        0,
                        0,
                        35
                    ]
                ]
            },
            "Using Predicted Vulnerability Name": {
                "Per Class Metrics": {
                    "Accuracy": {
                        "CWE-22": 1.0,
                        "CWE-78": 1.0,
                        "CWE-79": 0.9861313868613139,
                        "CWE-89": 1.0,
                        "CWE-90": 1.0,
                        "CWE-327": 0.974087591240876,
                        "CWE-328": 0.9835766423357665,