{
    "gpt-4o-2024-05-13": {
        "Dataset": "owasp",
        "Prompt Type": "vulnerability_specific_self_reflection",
        "Vulnerability Metrics": {
            "Accuracy": 0.6459854014598541,
            "Precision": 0.5991975033437361,
            "Recall": 0.9498233215547703,
            "F1-Score": 0.7348277747402953,
            "Youden Index": 0.2713327555170344,
            "ROC-AUC Score": 0.6356663777585172,
            "FPR": 0.6784905660377358,
            "FNR": 0.05017667844522968,
            "Specificity": 0.32150943396226417,
            "NPV": 0.8571428571428571,
            "FDR": 0.40080249665626394,
            "MCC": 0.351880785869965,
            "Confusion Matrix": [
                [
                    426,
                    899
                ],
                [
                    71,
                    1344
                ]
            ]
        },
        "Vulnerability Type Metrics": {
            "Using Predicted CWE": {
                "Per Class Metrics": {
                    "Accuracy": {
                        "CWE-22": 0.9967153284671533,
                        "CWE-78": 0.9996350364963503,
                        "CWE-79": 0.9835766423357665,
                        "CWE-89": 0.9974452554744525,
                        "CWE-90": 0.9996350364963503,
                        "CWE-327": 0.9653284671532847,
                        "CWE-328": 0.962043795620438,
                        "CWE-330": 0.9237226277372262,
                        "CWE-501": 0.9704379562043796,
                        "CWE-614": 0.9872262773722628,
                        "CWE-643": 1.0
                    },
                    "Precision": {
                        "CWE-22": 1.0,
                        "CWE-78": 1.0,
                        "CWE-79": 0.9951690821256038,
                        "CWE-89": 1.0,
                        "CWE-90": 1.0,
                        "CWE-327": 0.9314285714285714,
                        "CWE-328": 0.9714285714285714,
                        "CWE-330": 0.9409937888198758,
                        "CWE-501": 0.8947368421052632,
                        "CWE-614": 0.9444444444444444,
                        "CWE-643": 1.0
                    },
                    "Recall": {
                        "CWE-22": 0.9664179104477612,
                        "CWE-78": 0.9960159362549801,
                        "CWE-79": 0.9054945054945055,
                        "CWE-89": 0.9861111111111112,
                        "CWE-90": 0.9830508474576272,
                        "CWE-327": 0.6626016260162602,
                        "CWE-328": 0.576271186440678,
                        "CWE-330": 0.6146044624746451,
                        "CWE-501": 0.40476190476190477,
                        "CWE-614": 0.5074626865671642,
                        "CWE-643": 1.0
                    },
                    "F1-Score": {
                        "CWE-22": 0.9829222011385199,
                        "CWE-78": 0.998003992015968,
                        "CWE-79": 0.9482163406214039,
                        "CWE-89": 0.993006993006993,
                        "CWE-90": 0.9914529914529915,
                        "CWE-327": 0.7743467933491687,
                        "CWE-328": 0.723404255319149,
                        "CWE-330": 0.743558282208589,
                        "CWE-501": 0.5573770491803278,
                        "CWE-614": 0.6601941747572816,
                        "CWE-643": 1.0
                    }
                },
                "Macro Precision": 0.9707455727593028,
                "Macro Recall": 0.7820720160933307,
                "Macro F1-Score": 0.8520439157318539,
                "Weighted Precision": 0.9737646210098397,
                "Weighted Recall": 0.8021897810218979,
                "Weighted F1-Score": 0.869190257046945,
                "MCC": 0.795663346581739,
                "Cohen Kappa": 0.9766534399948188,
                "Confusion Matrix": [
                    [
                        259,
                        0,
                        0,
                        0,
                        0,
                        0,
                        0,
                        0,
                        0,
                        0,
                        0
                    ],
                    [
                        0,
                        250,
                        0,
                        0,
                        0,
                        0,
                        0,
                        0,
                        0,
                        0,
                        0
                    ],
                    [
                        0,
                        0,
                        412,
                        0,
                        0,
                        0,
                        0,
                        0,
                        0,
                        0,
                        0
                    ],
                    [
                        0,
                        0,
                        0,
                        497,
                        0,
                        0,
                        0,
                        0,
                        0,
                        0,
                        0
                    ],
                    [
                        0,
                        0,
                        0,
                        0,
                        58,
                        0,
                        0,
                        0,
                        0,
                        0,
                        0
                    ],
                    [
                        0,
                        0,
                        0,
                        0,
                        0,
                        163,
                        4,
                        18,
                        5,
                        0,
                        0
                    ],
                    [
                        0,
                        0,
                        0,
                        0,
                        0,
                        12,
                        136,
                        0,
                        0,
                        0,
                        0
                    ],
                    [
                        0,
                        0,
                        0,
                        0,
                        0,
                        0,
                        0,
                        303,
                        0,
                        0,
                        0
                    ],
                    [
                        0,
                        0,
                        2,
                        0,
                        0,
                        0,
                        0,
                        0,
                        51,
                        2,
                        0
                    ],
                    [
                        0,
                        0,
                        0,
                        0,
                        0,
                        0,
                        0,
                        1,
                        1,
                        34,
                        0
                    ],
                    [
                        0,
                        0,
                        0,
                        0,
                        0,
                        0,
                        0,
                        0,
                        0,
                        0,
                        35
                    ]
                ]
            },
            "Using Predicted Vulnerability Name": {
                "Per Class Metrics": {
                    "Accuracy": {
                        "CWE-22": 0.9967153284671533,