{
    "gpt-4o-2024-05-13": {
        "Dataset": "owasp",
        "Prompt Type": "chain_of_thought",
        "Vulnerability Metrics": {
            "Accuracy": 0.6047445255474453,
            "Precision": 0.5683127572016461,
            "Recall": 0.9759717314487633,
            "F1-Score": 0.718335500650195,
            "Youden Index": 0.18427361824121613,
            "ROC-AUC Score": 0.5921368091206081,
            "FPR": 0.7916981132075471,
            "FNR": 0.02402826855123675,
            "Specificity": 0.20830188679245282,
            "NPV": 0.8903225806451613,
            "FDR": 0.4316872427983539,
            "MCC": 0.29071359300575156,
            "Confusion Matrix": [
                [
                    276,
                    1049
                ],
                [
                    34,
                    1381
                ]
            ]
        },
        "Vulnerability Type Metrics": {
            "Using Predicted CWE": {
                "Per Class Metrics": {
                    "Accuracy": {
                        "CWE-22": 0.9642335766423358,
                        "CWE-78": 0.9952554744525547,
                        "CWE-79": 0.9686131386861314,
                        "CWE-89": 1.0,
                        "CWE-90": 1.0,
                        "CWE-327": 0.92992700729927,
                        "CWE-328": 0.9138686131386862,
                        "CWE-330": 0.8489051094890511,
                        "CWE-501": 0.954014598540146,
                        "CWE-614": 0.9886861313868613,
                        "CWE-643": 1.0
                    },
                    "Precision": {
                        "CWE-22": 0.73224043715847,
                        "CWE-78": 1.0,
                        "CWE-79": 0.9533169533169533,
                        "CWE-89": 1.0,
                        "CWE-90": 1.0,
                        "CWE-327": 0.9354838709677419,
                        "CWE-328": 0.0,
                        "CWE-330": 0.7337278106508875,
                        "CWE-501": 0.0,
                        "CWE-614": 1.0,
                        "CWE-643": 1.0
                    },
                    "Recall": {
                        "CWE-22": 1.0,
                        "CWE-78": 0.9482071713147411,
                        "CWE-79": 0.8527472527472527,
                        "CWE-89": 1.0,
                        "CWE-90": 1.0,
                        "CWE-327": 0.23577235772357724,
                        "CWE-328": 0.0,
                        "CWE-330": 0.2515212981744422,
                        "CWE-501": 0.0,
                        "CWE-614": 0.5373134328358209,
                        "CWE-643": 1.0
                    },
                    "F1-Score": {
                        "CWE-22": 0.8454258675078864,
                        "CWE-78": 0.9734151329243353,
                        "CWE-79": 0.9002320185614849,
                        "CWE-89": 1.0,
                        "CWE-90": 1.0,
                        "CWE-327": 0.37662337662337664,
                        "CWE-328": 0.0,
                        "CWE-330": 0.37462235649546827,
                        "CWE-501": 0.0,
                        "CWE-614": 0.6990291262135923,
                        "CWE-643": 1.0
                    }
                },
                "Macro Precision": 0.7595244610994594,
                "Macro Recall": 0.6205055920723486,
                "Macro F1-Score": 0.6517588980296494,
                "Weighted Precision": 0.7802395962870932,
                "Weighted Recall": 0.6240875912408759,
                "Weighted F1-Score": 0.6579124172115053,
                "MCC": 0.6305200001466101,
                "Cohen Kappa": 0.8933084467686523,
                "Confusion Matrix": [
                    [
                        268,
                        0,
                        0,
                        0,
                        0,
                        0,
                        0,
                        0,
                        0,
                        0,
                        0
                    ],
                    [
                        0,
                        238,
                        0,
                        0,
                        0,
                        0,
                        0,
                        0,
                        0,
                        0,
                        0
                    ],
                    [
                        0,
                        0,
                        388,
                        0,
                        0,
                        0,
                        0,
                        0,
                        0,
                        0,
                        0
                    ],
                    [
                        0,
                        0,
                        0,
                        504,
                        0,
                        0,
                        0,
                        0,
                        0,
                        0,
                        0
                    ],
                    [
                        0,
                        0,
                        0,
                        0,
                        59,
                        0,
                        0,
                        0,
                        0,
                        0,
                        0
                    ],
                    [
                        3,
                        0,
                        0,
                        0,
                        0,
                        58,
                        0,
                        45,
                        0,
                        0,
                        0
                    ],
                    [
                        95,
                        0,
                        0,
                        0,
                        0,
                        2,
                        0,
                        0,
                        0,
                        0,
                        0
                    ],
                    [
                        0,
                        0,
                        0,
                        0,
                        0,
                        2,
                        0,
                        124,
                        0,
                        0,
                        0
                    ],
                    [
                        0,
                        0,
                        19,
                        0,
                        0,
                        0,
                        0,
                        0,
                        0,
                        0,
                        0
                    ],
                    [
                        0,
                        0,
                        0,
                        0,
                        0,
                        0,
                        0,
                        0,
                        0,
                        36,
                        0
                    ],
                    [
                        0,
                        0,
                        0,
                        0,
                        0,
                        0,
                        0,
                        0,
                        0,
                        0,
                        35
                    ]
                ]
            },
            "Using Predicted Vulnerability Name": {
                "Per Class Metrics": {
                    "Accuracy": {
                        "CWE-22": 0.9642335766423358,
                        "CWE-78": 1.0,
                        "CWE-79": 0.9686131386861314,
                        "CWE-89": 1.0,
                        "CWE-90": 1.0,
                        "CWE-327": 0.9102189781021898,