{
    "gpt-4o-2024-05-13": {
        "Dataset": "owasp",
        "Prompt Type": "chain_of_thought_self_reflection",
        "Vulnerability Metrics": {
            "Accuracy": 0.6098540145985402,
            "Precision": 0.5830134357005758,
            "Recall": 0.8586572438162544,
            "F1-Score": 0.6944841383252358,
            "Youden Index": 0.20280818721248073,
            "ROC-AUC Score": 0.6014040936062404,
            "FPR": 0.6558490566037736,
            "FNR": 0.1413427561837456,
            "Specificity": 0.3441509433962264,
            "NPV": 0.6951219512195121,
            "FDR": 0.4169865642994242,
            "MCC": 0.23750396548458932,
            "Confusion Matrix": [
                [
                    456,
                    869
                ],
                [
                    200,
                    1215
                ]
            ]
        },
        "Vulnerability Type Metrics": {
            "Using Predicted CWE": {
                "Per Class Metrics": {
                    "Accuracy": {
                        "CWE-22": 0.9843065693430657,
                        "CWE-78": 0.993065693430657,
                        "CWE-79": 0.9631386861313869,
                        "CWE-89": 0.9897810218978103,
                        "CWE-90": 0.9981751824817519,
                        "CWE-327": 0.9215328467153284,
                        "CWE-328": 0.9138686131386862,
                        "CWE-330": 0.8795620437956204,
                        "CWE-501": 0.954014598540146,
                        "CWE-614": 0.9886861313868613,
                        "CWE-643": 0.9996350364963503
                    },
                    "Precision": {
                        "CWE-22": 0.9090909090909091,
                        "CWE-78": 1.0,
                        "CWE-79": 0.9657894736842105,
                        "CWE-89": 1.0,
                        "CWE-90": 1.0,
                        "CWE-327": 0.8297872340425532,
                        "CWE-328": 0.0,
                        "CWE-330": 0.9553072625698324,
                        "CWE-501": 0.0,
                        "CWE-614": 1.0,
                        "CWE-643": 1.0
                    },
                    "Recall": {
                        "CWE-22": 0.9328358208955224,
                        "CWE-78": 0.9243027888446215,
                        "CWE-79": 0.8065934065934066,
                        "CWE-89": 0.9444444444444444,
                        "CWE-90": 0.9152542372881356,
                        "CWE-327": 0.15853658536585366,
                        "CWE-328": 0.0,
                        "CWE-330": 0.34685598377281945,
                        "CWE-501": 0.0,
                        "CWE-614": 0.5373134328358209,
                        "CWE-643": 0.9714285714285714
                    },
                    "F1-Score": {
                        "CWE-22": 0.9208103130755064,
                        "CWE-78": 0.9606625258799172,
                        "CWE-79": 0.8790419161676647,
                        "CWE-89": 0.9714285714285714,
                        "CWE-90": 0.9557522123893806,
                        "CWE-327": 0.26621160409556316,
                        "CWE-328": 0.0,
                        "CWE-330": 0.5089285714285714,
                        "CWE-501": 0.0,
                        "CWE-614": 0.6990291262135923,
                        "CWE-643": 0.9855072463768116
                    }
                },
                "Macro Precision": 0.7872704435806823,
                "Macro Recall": 0.5943241155881087,
                "Macro F1-Score": 0.6497610988232344,
                "Weighted Precision": 0.8299871219649908,
                "Weighted Recall": 0.6054744525547445,
                "Weighted F1-Score": 0.6684578305433027,
                "MCC": 0.6268514180435195,
                "Cohen Kappa": 0.9615629456524268,
                "Confusion Matrix": [
                    [
                        250,
                        0,
                        0,
                        0,
                        0,
                        0,
                        0,
                        0,
                        0,
                        0,
                        0
                    ],
                    [
                        0,
                        232,
                        0,
                        0,
                        0,
                        0,
                        0,
                        0,
                        0,
                        0,
                        0
                    ],
                    [
                        0,
                        0,
                        367,
                        0,
                        0,
                        0,
                        0,
                        0,
                        0,
                        0,
                        0
                    ],
                    [
                        0,
                        0,
                        0,
                        476,
                        0,
                        0,
                        0,
                        0,
                        0,
                        0,
                        0
                    ],
                    [
                        0,
                        0,
                        0,
                        0,
                        54,
                        0,
                        0,
                        0,
                        0,
                        0,
                        0
                    ],
                    [
                        4,
                        0,
                        0,
                        0,
                        0,
                        39,
                        0,
                        6,
                        0,
                        0,
                        0
                    ],
                    [
                        21,
                        0,
                        0,
                        0,
                        0,
                        3,
                        0,
                        2,
                        0,
                        0,
                        0
                    ],
                    [
                        0,
                        0,
                        0,
                        0,
                        0,
                        5,
                        0,
                        171,
                        0,
                        0,
                        0
                    ],
                    [
                        0,
                        0,
                        13,
                        0,
                        0,
                        0,
                        0,
                        0,
                        0,
                        0,
                        0
                    ],
                    [
                        0,
                        0,
                        0,
                        0,
                        0,
                        0,
                        0,
                        0,
                        0,
                        36,
                        0
                    ],
                    [
                        0,
                        0,
                        0,
                        0,
                        0,
                        0,
                        0,
                        0,
                        0,
                        0,
                        34
                    ]
                ]
            },
            "Using Predicted Vulnerability Name": {
                "Per Class Metrics": {
                    "Accuracy": {
                        "CWE-22": 0.9843065693430657,
                        "CWE-78": 0.9978102189781022,