{
    "gpt-4o-2024-05-13": {
        "Dataset": "owasp",
        "Prompt Type": "few_shot",
        "Vulnerability Metrics": {
            "Accuracy": 0.6405109489051095,
            "Precision": 0.6137566137566137,
            "Recall": 0.8197879858657244,
            "F1-Score": 0.7019667170953101,
            "Youden Index": 0.26884458963930946,
            "ROC-AUC Score": 0.6344222948196546,
            "FPR": 0.5509433962264151,
            "FNR": 0.18021201413427562,
            "Specificity": 0.4490566037735849,
            "NPV": 0.7,
            "FDR": 0.3862433862433862,
            "MCC": 0.2904337584923903,
            "Confusion Matrix": [
                [
                    595,
                    730
                ],
                [
                    255,
                    1160
                ]
            ]
        },
        "Vulnerability Type Metrics": {
            "Using Predicted CWE": {
                "Per Class Metrics": {
                    "Accuracy": {
                        "CWE-22": 0.9996350364963503,
                        "CWE-78": 1.0,
                        "CWE-79": 0.9777372262773723,
                        "CWE-89": 0.9974452554744525,
                        "CWE-90": 1.0,
                        "CWE-327": 0.9448905109489051,
                        "CWE-328": 0.9138686131386862,
                        "CWE-330": 0.8518248175182481,
                        "CWE-501": 0.954014598540146,
                        "CWE-614": 0.9886861313868613,
                        "CWE-643": 1.0
                    },
                    "Precision": {
                        "CWE-22": 1.0,
                        "CWE-78": 1.0,
                        "CWE-79": 1.0,
                        "CWE-89": 1.0,
                        "CWE-90": 1.0,
                        "CWE-327": 0.9797979797979798,
                        "CWE-328": 0.0,
                        "CWE-330": 1.0,
                        "CWE-501": 0.0,
                        "CWE-614": 1.0,
                        "CWE-643": 1.0
                    },
                    "Recall": {
                        "CWE-22": 0.996268656716418,
                        "CWE-78": 1.0,
                        "CWE-79": 0.865934065934066,
                        "CWE-89": 0.9861111111111112,
                        "CWE-90": 1.0,
                        "CWE-327": 0.3943089430894309,
                        "CWE-328": 0.0,
                        "CWE-330": 0.17647058823529413,
                        "CWE-501": 0.0,
                        "CWE-614": 0.5373134328358209,
                        "CWE-643": 1.0
                    },
                    "F1-Score": {
                        "CWE-22": 0.9981308411214953,
                        "CWE-78": 1.0,
                        "CWE-79": 0.928150765606596,
                        "CWE-89": 0.993006993006993,
                        "CWE-90": 1.0,
                        "CWE-327": 0.5623188405797102,
                        "CWE-328": 0.0,
                        "CWE-330": 0.3,
                        "CWE-501": 0.0,
                        "CWE-614": 0.6990291262135923,
                        "CWE-643": 1.0
                    }
                },
                "Macro Precision": 0.8163452708907254,
                "Macro Recall": 0.6324006179929219,
                "Macro F1-Score": 0.6800578696843987,
                "Weighted Precision": 0.8660694536606945,
                "Weighted Recall": 0.6288321167883212,
                "Weighted F1-Score": 0.6818790417832138,
                "MCC": 0.656857625426636,
                "Cohen Kappa": 0.9985719702175075,
                "Confusion Matrix": [
                    [
                        267,
                        0,
                        0,
                        0,
                        0,
                        0,
                        0,
                        0,
                        0,
                        0,
                        0
                    ],
                    [
                        0,
                        251,
                        0,
                        0,
                        0,
                        0,
                        0,
                        0,
                        0,
                        0,
                        0
                    ],
                    [
                        0,
                        0,
                        394,
                        0,
                        0,
                        0,
                        0,
                        0,
                        0,
                        0,
                        0
                    ],
                    [
                        0,
                        0,
                        0,
                        497,
                        0,
                        0,
                        0,
                        0,
                        0,
                        0,
                        0
                    ],
                    [
                        0,
                        0,
                        0,
                        0,
                        59,
                        0,
                        0,
                        0,
                        0,
                        0,
                        0
                    ],
                    [
                        0,
                        0,
                        0,
                        0,
                        0,
                        97,
                        0,
                        0,
                        0,
                        0,
                        0
                    ],
                    [
                        0,
                        0,
                        0,
                        0,
                        0,
                        2,
                        0,
                        0,
                        0,
                        0,
                        0
                    ],
                    [
                        0,
                        0,
                        0,
                        0,
                        0,
                        0,
                        0,
                        87,
                        0,
                        0,
                        0
                    ],
                    [
                        0,
                        0,
                        0,
                        0,
                        0,
                        0,
                        0,
                        0,
                        0,
                        0,
                        0
                    ],
                    [
                        0,
                        0,
                        0,
                        0,
                        0,
                        0,
                        0,
                        0,
                        0,
                        36,
                        0
                    ],
                    [
                        0,
                        0,
                        0,
                        0,
                        0,
                        0,
                        0,
                        0,
                        0,
                        0,
                        35
                    ]
                ]
            },
            "Using Predicted Vulnerability Name": {
                "Per Class Metrics": {
                    "Accuracy": {
                        "CWE-22": 0.9996350364963503,
                        "CWE-78": 1.0,
                        "CWE-79": 0.9777372262773723,
                        "CWE-89": 0.9974452554744525,
                        "CWE-90": 1.0,
                        "CWE-327": 0.9102189781021898,
                        "CWE-328": 0.9138686131386862,