{
    "gpt-4o-2024-05-13": {
        "Dataset": "owasp",
        "Prompt Type": "simple",
        "Vulnerability Metrics": {
            "Accuracy": 0.6335766423357664,
            "Precision": 0.5851636966431828,
            "Recall": 0.9978798586572438,
            "F1-Score": 0.7377220480668757,
            "Youden Index": 0.24240816054403624,
            "ROC-AUC Score": 0.6212040802720181,
            "FPR": 0.7554716981132076,
            "FNR": 0.0021201413427561835,
            "Specificity": 0.24452830188679245,
            "NPV": 0.9908256880733946,
            "FDR": 0.41483630335681726,
            "MCC": 0.3736636552329337,
            "Confusion Matrix": [
                [
                    324,
                    1001
                ],
                [
                    3,
                    1412
                ]
            ]
        },
        "Vulnerability Type Metrics": {
            "Using Predicted CWE": {
                "Per Class Metrics": {
                    "Accuracy": {
                        "CWE-22": 0.9843065693430657,
                        "CWE-78": 0.9996350364963503,
                        "CWE-79": 0.9700729927007299,
                        "CWE-89": 1.0,
                        "CWE-90": 1.0,
                        "CWE-327": 0.9569343065693431,
                        "CWE-328": 0.9138686131386862,
                        "CWE-330": 0.8266423357664233,
                        "CWE-501": 0.9543795620437956,
                        "CWE-614": 0.9886861313868613,
                        "CWE-643": 1.0
                    },
                    "Precision": {
                        "CWE-22": 0.8617363344051447,
                        "CWE-78": 1.0,
                        "CWE-79": 0.9650872817955112,
                        "CWE-89": 1.0,
                        "CWE-90": 1.0,
                        "CWE-327": 0.8137254901960784,
                        "CWE-328": 0.0,
                        "CWE-330": 0.725,
                        "CWE-501": 1.0,
                        "CWE-614": 1.0,
                        "CWE-643": 1.0
                    },
                    "Recall": {
                        "CWE-22": 1.0,
                        "CWE-78": 0.9960159362549801,
                        "CWE-79": 0.8505494505494505,
                        "CWE-89": 1.0,
                        "CWE-90": 1.0,
                        "CWE-327": 0.6747967479674797,
                        "CWE-328": 0.0,
                        "CWE-330": 0.058823529411764705,
                        "CWE-501": 0.007936507936507936,
                        "CWE-614": 0.5373134328358209,
                        "CWE-643": 1.0
                    },
                    "F1-Score": {
                        "CWE-22": 0.92573402417962,
                        "CWE-78": 0.998003992015968,
                        "CWE-79": 0.9042056074766355,
                        "CWE-89": 1.0,
                        "CWE-90": 1.0,
                        "CWE-327": 0.7377777777777778,
                        "CWE-328": 0.0,
                        "CWE-330": 0.10881801125703565,
                        "CWE-501": 0.015748031496062992,
                        "CWE-614": 0.6990291262135923,
                        "CWE-643": 1.0
                    }
                },
                "Macro Precision": 0.8514135551269759,
                "Macro Recall": 0.6477668731778186,
                "Macro F1-Score": 0.6717560518560629,
                "Weighted Precision": 0.8283436209583108,
                "Weighted Recall": 0.6332116788321168,
                "Weighted F1-Score": 0.6540033168561613,
                "MCC": 0.6501044115843574,
                "Cohen Kappa": 0.9300839904999697,
                "Confusion Matrix": [
                    [
                        268,
                        0,
                        0,
                        0,
                        0,
                        0,
                        0,
                        0,
                        0,
                        0,
                        0
                    ],
                    [
                        0,
                        250,
                        0,
                        0,
                        0,
                        0,
                        0,
                        0,
                        0,
                        0,
                        0
                    ],
                    [
                        0,
                        0,
                        387,
                        0,
                        0,
                        0,
                        0,
                        0,
                        0,
                        0,
                        0
                    ],
                    [
                        0,
                        0,
                        0,
                        504,
                        0,
                        0,
                        0,
                        0,
                        0,
                        0,
                        0
                    ],
                    [
                        0,
                        0,
                        0,
                        0,
                        59,
                        0,
                        0,
                        0,
                        0,
                        0,
                        0
                    ],
                    [
                        2,
                        0,
                        0,
                        0,
                        0,
                        166,
                        0,
                        8,
                        0,
                        0,
                        0
                    ],
                    [
                        41,
                        0,
                        0,
                        0,
                        0,
                        38,
                        0,
                        3,
                        0,
                        0,
                        0
                    ],
                    [
                        0,
                        0,
                        0,
                        0,
                        0,
                        0,
                        0,
                        29,
                        0,
                        0,
                        0
                    ],
                    [
                        0,
                        0,
                        14,
                        0,
                        0,
                        0,
                        0,
                        0,
                        1,
                        0,
                        0
                    ],
                    [
                        0,
                        0,
                        0,
                        0,
                        0,
                        0,
                        0,
                        0,
                        0,
                        36,
                        0
                    ],
                    [
                        0,
                        0,
                        0,
                        0,
                        0,
                        0,
                        0,
                        0,
                        0,
                        0,
                        35
                    ]
                ]
            },
            "Using Predicted Vulnerability Name": {
                "Per Class Metrics": {
                    "Accuracy": {
                        "CWE-22": 0.9843065693430657,
                        "CWE-78": 1.0,
                        "CWE-79": 0.9708029197080292,
                        "CWE-89": 1.0,
                        "CWE-90": 1.0,