{
    "gpt-4o-2024-05-13": {
        "Dataset": "owasp",
        "Prompt Type": "few_shot_self_reflection",
        "Vulnerability Metrics": {
            "Accuracy": 0.6299270072992701,
            "Precision": 0.5867589787970575,
            "Recall": 0.958303886925795,
            "F1-Score": 0.7278582930756844,
            "Youden Index": 0.23754916994466302,
            "ROC-AUC Score": 0.6187745849723315,
            "FPR": 0.720754716981132,
            "FNR": 0.04169611307420495,
            "Specificity": 0.2792452830188679,
            "NPV": 0.8624708624708625,
            "FDR": 0.4132410212029424,
            "MCC": 0.32667135764796873,
            "Confusion Matrix": [
                [
                    370,
                    955
                ],
                [
                    59,
                    1356
                ]
            ]
        },
        "Vulnerability Type Metrics": {
            "Using Predicted CWE": {
                "Per Class Metrics": {
                    "Accuracy": {
                        "CWE-22": 0.9941605839416059,
                        "CWE-78": 0.9992700729927008,
                        "CWE-79": 0.9733576642335766,
                        "CWE-89": 0.993065693430657,
                        "CWE-90": 0.9996350364963503,
                        "CWE-327": 0.9587591240875912,
                        "CWE-328": 0.9138686131386862,
                        "CWE-330": 0.8624087591240875,
                        "CWE-501": 0.9547445255474453,
                        "CWE-614": 0.9886861313868613,
                        "CWE-643": 1.0
                    },
                    "Precision": {
                        "CWE-22": 1.0,
                        "CWE-78": 1.0,
                        "CWE-79": 0.9727722772277227,
                        "CWE-89": 1.0,
                        "CWE-90": 1.0,
                        "CWE-327": 0.88,
                        "CWE-328": 0.0,
                        "CWE-330": 0.9461538461538461,
                        "CWE-501": 1.0,
                        "CWE-614": 1.0,
                        "CWE-643": 1.0
                    },
                    "Recall": {
                        "CWE-22": 0.9402985074626866,
                        "CWE-78": 0.9920318725099602,
                        "CWE-79": 0.8637362637362638,
                        "CWE-89": 0.9623015873015873,
                        "CWE-90": 0.9830508474576272,
                        "CWE-327": 0.6260162601626016,
                        "CWE-328": 0.0,
                        "CWE-330": 0.24949290060851928,
                        "CWE-501": 0.015873015873015872,
                        "CWE-614": 0.5373134328358209,
                        "CWE-643": 1.0
                    },
                    "F1-Score": {
                        "CWE-22": 0.9692307692307692,
                        "CWE-78": 0.996,
                        "CWE-79": 0.9150174621653085,
                        "CWE-89": 0.980788675429727,
                        "CWE-90": 0.9914529914529915,
                        "CWE-327": 0.7315914489311164,
                        "CWE-328": 0.0,
                        "CWE-330": 0.39486356340288925,
                        "CWE-501": 0.03125,
                        "CWE-614": 0.6990291262135923,
                        "CWE-643": 1.0
                    }
                },
                "Macro Precision": 0.8908114657619609,
                "Macro Recall": 0.6518286079952802,
                "Macro F1-Score": 0.7008385488023995,
                "Weighted Precision": 0.8888851212746205,
                "Weighted Recall": 0.6521897810218978,
                "Weighted F1-Score": 0.7077765310227592,
                "MCC": 0.6696298425706143,
                "Cohen Kappa": 0.9742368255589908,
                "Confusion Matrix": [
                    [
                        252,
                        0,
                        0,
                        0,
                        0,
                        0,
                        0,
                        0,
                        0,
                        0,
                        0
                    ],
                    [
                        0,
                        249,
                        0,
                        0,
                        0,
                        0,
                        0,
                        0,
                        0,
                        0,
                        0
                    ],
                    [
                        0,
                        0,
                        393,
                        0,
                        0,
                        0,
                        0,
                        0,
                        0,
                        0,
                        0
                    ],
                    [
                        0,
                        0,
                        0,
                        485,
                        0,
                        0,
                        0,
                        0,
                        0,
                        0,
                        0
                    ],
                    [
                        0,
                        0,
                        0,
                        0,
                        58,
                        0,
                        0,
                        0,
                        0,
                        0,
                        0
                    ],
                    [
                        0,
                        0,
                        0,
                        0,
                        0,
                        154,
                        0,
                        7,
                        0,
                        0,
                        0
                    ],
                    [
                        0,
                        0,
                        0,
                        0,
                        0,
                        17,
                        0,
                        0,
                        0,
                        0,
                        0
                    ],
                    [
                        0,
                        0,
                        0,
                        0,
                        0,
                        4,
                        0,
                        123,
                        0,
                        0,
                        0
                    ],
                    [
                        0,
                        0,
                        11,
                        0,
                        0,
                        0,
                        0,
                        0,
                        2,
                        0,
                        0
                    ],
                    [
                        0,
                        0,
                        0,
                        0,
                        0,
                        0,
                        0,
                        0,
                        0,
                        36,
                        0
                    ],
                    [
                        0,
                        0,
                        0,
                        0,
                        0,
                        0,
                        0,
                        0,
                        0,
                        0,
                        35
                    ]
                ]
            },
            "Using Predicted Vulnerability Name": {
                "Per Class Metrics": {
                    "Accuracy": {
                        "CWE-22": 0.9941605839416059,
                        "CWE-78": 0.9992700729927008,
                        "CWE-79": 0.9733576642335766,