{
    "gpt-4o-2024-05-13": {
        "Dataset": "owasp",
        "Prompt Type": "simple_self_reflection",
        "Vulnerability Metrics": {
            "Accuracy": 0.5817518248175182,
            "Precision": 0.5571610709732256,
            "Recall": 0.9265017667844523,
            "F1-Score": 0.695859872611465,
            "Youden Index": 0.14008667244482975,
            "ROC-AUC Score": 0.5700433362224149,
            "FPR": 0.7864150943396226,
            "FNR": 0.0734982332155477,
            "Specificity": 0.21358490566037736,
            "NPV": 0.7312661498708011,
            "FDR": 0.44283892902677435,
            "MCC": 0.2010094764197691,
            "Confusion Matrix": [
                [
                    283,
                    1042
                ],
                [
                    104,
                    1311
                ]
            ]
        },
        "Vulnerability Type Metrics": {
            "Using Predicted CWE": {
                "Per Class Metrics": {
                    "Accuracy": {
                        "CWE-22": 0.9937956204379562,
                        "CWE-78": 0.9989051094890511,
                        "CWE-79": 0.9693430656934306,
                        "CWE-89": 0.9948905109489051,
                        "CWE-90": 0.9989051094890511,
                        "CWE-327": 0.9481751824817518,
                        "CWE-328": 0.9138686131386862,
                        "CWE-330": 0.8423357664233576,
                        "CWE-501": 0.954014598540146,
                        "CWE-614": 0.9886861313868613,
                        "CWE-643": 1.0
                    },
                    "Precision": {
                        "CWE-22": 0.9808429118773946,
                        "CWE-78": 1.0,
                        "CWE-79": 0.9920424403183024,
                        "CWE-89": 1.0,
                        "CWE-90": 1.0,
                        "CWE-327": 0.7954545454545454,
                        "CWE-328": 0.0,
                        "CWE-330": 0.9552238805970149,
                        "CWE-501": 0.0,
                        "CWE-614": 1.0,
                        "CWE-643": 1.0
                    },
                    "Recall": {
                        "CWE-22": 0.9552238805970149,
                        "CWE-78": 0.9880478087649402,
                        "CWE-79": 0.8219780219780219,
                        "CWE-89": 0.9722222222222222,
                        "CWE-90": 0.9491525423728814,
                        "CWE-327": 0.5691056910569106,
                        "CWE-328": 0.0,
                        "CWE-330": 0.12981744421906694,
                        "CWE-501": 0.0,
                        "CWE-614": 0.5373134328358209,
                        "CWE-643": 1.0
                    },
                    "F1-Score": {
                        "CWE-22": 0.9678638941398866,
                        "CWE-78": 0.9939879759519038,
                        "CWE-79": 0.8990384615384616,
                        "CWE-89": 0.9859154929577465,
                        "CWE-90": 0.9739130434782609,
                        "CWE-327": 0.6635071090047393,
                        "CWE-328": 0.0,
                        "CWE-330": 0.22857142857142856,
                        "CWE-501": 0.0,
                        "CWE-614": 0.6990291262135923,
                        "CWE-643": 1.0
                    }
                },
                "Macro Precision": 0.7930512525679325,
                "Macro Recall": 0.6293510040042617,
                "Macro F1-Score": 0.6738024119869108,
                "Weighted Precision": 0.8382673000161005,
                "Weighted Recall": 0.6200729927007299,
                "Weighted F1-Score": 0.6679002548053028,
                "MCC": 0.6443671273457978,
                "Cohen Kappa": 0.9672288660090236,
                "Confusion Matrix": [
                    [
                        256,
                        0,
                        0,
                        0,
                        0,
                        0,
                        0,
                        0,
                        0,
                        0,
                        0
                    ],
                    [
                        0,
                        248,
                        0,
                        0,
                        0,
                        0,
                        0,
                        0,
                        0,
                        0,
                        0
                    ],
                    [
                        0,
                        0,
                        374,
                        0,
                        0,
                        0,
                        0,
                        0,
                        0,
                        0,
                        0
                    ],
                    [
                        0,
                        0,
                        0,
                        490,
                        0,
                        0,
                        0,
                        0,
                        0,
                        0,
                        0
                    ],
                    [
                        0,
                        0,
                        0,
                        0,
                        56,
                        0,
                        0,
                        0,
                        0,
                        0,
                        0
                    ],
                    [
                        0,
                        0,
                        0,
                        0,
                        0,
                        140,
                        0,
                        2,
                        0,
                        0,
                        0
                    ],
                    [
                        5,
                        0,
                        0,
                        0,
                        0,
                        35,
                        0,
                        1,
                        0,
                        0,
                        0
                    ],
                    [
                        0,
                        0,
                        0,
                        0,
                        0,
                        1,
                        0,
                        64,
                        0,
                        0,
                        0
                    ],
                    [
                        0,
                        0,
                        3,
                        0,
                        0,
                        0,
                        0,
                        0,
                        0,
                        0,
                        0
                    ],
                    [
                        0,
                        0,
                        0,
                        0,
                        0,
                        0,
                        0,
                        0,
                        0,
                        36,
                        0
                    ],
                    [
                        0,
                        0,
                        0,
                        0,
                        0,
                        0,
                        0,
                        0,
                        0,
                        0,
                        35
                    ]
                ]
            },
            "Using Predicted Vulnerability Name": {
                "Per Class Metrics": {
                    "Accuracy": {
                        "CWE-22": 0.9937956204379562,
                        "CWE-78": 0.9992700729927008,
                        "CWE-79": 0.9693430656934306,