{
    "mixtral:8x7b": {
        "Dataset": "owasp",
        "Prompt Type": "vulnerability_specific",
        "Vulnerability Metrics": {
            "Accuracy": 0.5591240875912409,
            "Precision": 0.5900783289817232,
            "Recall": 0.4791519434628975,
            "F1-Score": 0.5288611544461779,
            "Youden Index": 0.12368024534968991,
            "ROC-AUC Score": 0.561840122674845,
            "FPR": 0.35547169811320756,
            "FNR": 0.5208480565371024,
            "Specificity": 0.6445283018867924,
            "NPV": 0.5367693274670019,
            "FDR": 0.40992167101827676,
            "MCC": 0.12525393914608637,
            "Confusion Matrix": [
                [
                    854,
                    471
                ],
                [
                    737,
                    678
                ]
            ]
        },
        "Vulnerability Type Metrics": {
            "Using Predicted CWE": {
                "Per Class Metrics": {
                    "Accuracy": {
                        "CWE-22": 0.9507299270072993,
                        "CWE-78": 0.9916058394160584,
                        "CWE-79": 0.8952554744525547,
                        "CWE-89": 0.9773722627737226,
                        "CWE-90": 0.9718978102189781,
                        "CWE-327": 0.916058394160584,
                        "CWE-328": 0.9138686131386862,
                        "CWE-330": 0.8204379562043795,
                        "CWE-501": 0.9532846715328467,
                        "CWE-614": 0.972992700729927,
                        "CWE-643": 0.987956204379562
                    },
                    "Precision": {
                        "CWE-22": 0.9403973509933775,
                        "CWE-78": 0.9596774193548387,
                        "CWE-79": 1.0,
                        "CWE-89": 0.8918439716312057,
                        "CWE-90": 0.09090909090909091,
                        "CWE-327": 0.7857142857142857,
                        "CWE-328": 0.0,
                        "CWE-330": 1.0,
                        "CWE-501": 0.0,
                        "CWE-614": 0.0,
                        "CWE-643": 1.0
                    },
                    "Recall": {
                        "CWE-22": 0.5298507462686567,
                        "CWE-78": 0.9482071713147411,
                        "CWE-79": 0.36923076923076925,
                        "CWE-89": 0.998015873015873,
                        "CWE-90": 0.03389830508474576,
                        "CWE-327": 0.08943089430894309,
                        "CWE-328": 0.0,
                        "CWE-330": 0.002028397565922921,
                        "CWE-501": 0.0,
                        "CWE-614": 0.0,
                        "CWE-643": 0.05714285714285714
                    },
                    "F1-Score": {
                        "CWE-22": 0.6778042959427207,
                        "CWE-78": 0.9539078156312625,
                        "CWE-79": 0.5393258426966292,
                        "CWE-89": 0.9419475655430711,
                        "CWE-90": 0.04938271604938271,
                        "CWE-327": 0.16058394160583941,
                        "CWE-328": 0.0,
                        "CWE-330": 0.004048582995951417,
                        "CWE-501": 0.0,
                        "CWE-614": 0.0,
                        "CWE-643": 0.10810810810810811
                    }
                },
                "Macro Precision": 0.6062311016911635,
                "Macro Recall": 0.2752550012665917,
                "Macro F1-Score": 0.31228262441572413,
                "Weighted Precision": 0.775198625794076,
                "Weighted Recall": 0.39343065693430657,
                "Weighted F1-Score": 0.43409277721879863,
                "MCC": 0.4487372425222212,
                "Cohen Kappa": 0.8660560866644798,
                "Confusion Matrix": [
                    [
                        142,
                        0,
                        0,
                        4,
                        20,
                        0,
                        0,
                        0,
                        0,
                        0,
                        0
                    ],
                    [
                        0,
                        238,
                        0,
                        1,
                        0,
                        0,
                        0,
                        0,
                        0,
                        0,
                        0
                    ],
                    [
                        0,
                        0,
                        168,
                        0,
                        0,
                        3,
                        0,
                        0,
                        0,
                        0,
                        0
                    ],
                    [
                        0,
                        0,
                        0,
                        503,
                        0,
                        0,
                        0,
                        0,
                        0,
                        0,
                        0
                    ],
                    [
                        0,
                        0,
                        0,
                        41,
                        2,
                        0,
                        0,
                        0,
                        0,
                        0,
                        0
                    ],
                    [
                        6,
                        9,
                        0,
                        0,
                        0,
                        22,
                        0,
                        0,
                        1,
                        6,
                        0
                    ],
                    [
                        1,
                        0,
                        0,
                        1,
                        0,
                        0,
                        0,
                        0,
                        1,
                        0,
                        0
                    ],
                    [
                        2,
                        1,
                        0,
                        0,
                        0,
                        2,
                        0,
                        1,
                        0,
                        1,
                        0
                    ],
                    [
                        0,
                        0,
                        0,
                        0,
                        0,
                        1,
                        0,
                        0,
                        0,
                        0,
                        0
                    ],
                    [
                        0,
                        0,
                        0,
                        0,
                        0,
                        0,
                        0,
                        0,
                        0,
                        0,
                        0
                    ],
                    [
                        0,
                        0,
                        0,
                        14,
                        0,
                        0,
                        0,
                        0,
                        0,
                        0,
                        2
                    ]
                ]
            },
            "Using Predicted Vulnerability Name": {
                "Per Class Metrics": {
                    "Accuracy": {
                        "CWE-22": 0.954014598540146,
                        "CWE-78": 0.9952554744525547,