{
    "mixtral:8x7b": {
        "Dataset": "owasp",
        "Prompt Type": "chain_of_thought",
        "Vulnerability Metrics": {
            "Accuracy": 0.5737226277372263,
            "Precision": 0.5670831070070613,
            "Recall": 0.7378091872791519,
            "F1-Score": 0.6412776412776413,
            "Youden Index": 0.1362997533168877,
            "ROC-AUC Score": 0.5681498766584439,
            "FPR": 0.6015094339622642,
            "FNR": 0.26219081272084804,
            "Specificity": 0.39849056603773586,
            "NPV": 0.5873192436040044,
            "FDR": 0.4329168929929386,
            "MCC": 0.1450689570509001,
            "Confusion Matrix": [
                [
                    528,
                    797
                ],
                [
                    371,
                    1044
                ]
            ]
        },
        "Vulnerability Type Metrics": {
            "Using Predicted CWE": {
                "Per Class Metrics": {
                    "Accuracy": {
                        "CWE-22": 0.9686131386861314,
                        "CWE-78": 0.9762773722627737,
                        "CWE-79": 0.8766423357664234,
                        "CWE-89": 0.9773722627737226,
                        "CWE-90": 0.9784671532846715,
                        "CWE-327": 0.9102189781021898,
                        "CWE-328": 0.9138686131386862,
                        "CWE-330": 0.82007299270073,
                        "CWE-501": 0.954014598540146,
                        "CWE-614": 0.9755474452554744,
                        "CWE-643": 0.9872262773722628
                    },
                    "Precision": {
                        "CWE-22": 1.0,
                        "CWE-78": 0.872,
                        "CWE-79": 0.9398496240601504,
                        "CWE-89": 0.8904593639575972,
                        "CWE-90": 0.0,
                        "CWE-327": 0.0,
                        "CWE-328": 0.0,
                        "CWE-330": 0.0,
                        "CWE-501": 0.0,
                        "CWE-614": 0.0,
                        "CWE-643": 0.0
                    },
                    "Recall": {
                        "CWE-22": 0.6791044776119403,
                        "CWE-78": 0.8685258964143426,
                        "CWE-79": 0.27472527472527475,
                        "CWE-89": 1.0,
                        "CWE-90": 0.0,
                        "CWE-327": 0.0,
                        "CWE-328": 0.0,
                        "CWE-330": 0.0,
                        "CWE-501": 0.0,
                        "CWE-614": 0.0,
                        "CWE-643": 0.0
                    },
                    "F1-Score": {
                        "CWE-22": 0.8088888888888889,
                        "CWE-78": 0.8702594810379242,
                        "CWE-79": 0.42517006802721086,
                        "CWE-89": 0.9420560747663551,
                        "CWE-90": 0.0,
                        "CWE-327": 0.0,
                        "CWE-328": 0.0,
                        "CWE-330": 0.0,
                        "CWE-501": 0.0,
                        "CWE-614": 0.0,
                        "CWE-643": 0.0
                    }
                },
                "Macro Precision": 0.3365735443652498,
                "Macro Recall": 0.25657778625014155,
                "Macro F1-Score": 0.27694313752003447,
                "Weighted Precision": 0.49755295561386764,
                "Weighted Recall": 0.37554744525547445,
                "Weighted F1-Score": 0.40272481554648365,
                "MCC": 0.4365706819606927,
                "Cohen Kappa": 0.8697754749568221,
                "Confusion Matrix": [
                    [
                        182,
                        15,
                        0,
                        0,
                        0,
                        0,
                        0,
                        0,
                        0,
                        0,
                        0
                    ],
                    [
                        0,
                        218,
                        0,
                        1,
                        0,
                        0,
                        0,
                        0,
                        0,
                        0,
                        0
                    ],
                    [
                        0,
                        6,
                        125,
                        0,
                        0,
                        0,
                        0,
                        0,
                        0,
                        0,
                        0
                    ],
                    [
                        0,
                        0,
                        0,
                        504,
                        0,
                        0,
                        0,
                        0,
                        0,
                        0,
                        0
                    ],
                    [
                        0,
                        0,
                        0,
                        58,
                        0,
                        0,
                        0,
                        0,
                        0,
                        0,
                        0
                    ],
                    [
                        0,
                        0,
                        0,
                        0,
                        0,
                        0,
                        0,
                        0,
                        0,
                        0,
                        0
                    ],
                    [
                        0,
                        9,
                        0,
                        0,
                        0,
                        0,
                        0,
                        0,
                        0,
                        0,
                        0
                    ],
                    [
                        0,
                        0,
                        3,
                        0,
                        0,
                        0,
                        0,
                        0,
                        0,
                        0,
                        0
                    ],
                    [
                        0,
                        2,
                        5,
                        3,
                        0,
                        0,
                        0,
                        0,
                        0,
                        0,
                        0
                    ],
                    [
                        0,
                        0,
                        0,
                        0,
                        0,
                        0,
                        0,
                        0,
                        0,
                        0,
                        0
                    ],
                    [
                        0,
                        0,
                        0,
                        0,
                        0,
                        0,
                        0,
                        0,
                        0,
                        0,
                        0
                    ]
                ]
            },
            "Using Predicted Vulnerability Name": {
                "Per Class Metrics": {
                    "Accuracy": {
                        "CWE-22": 0.877007299270073,
                        "CWE-78": 0.9120437956204379,
                        "CWE-79": 0.8540145985401459,
                        "CWE-89": 0.9208029197080292,
                        "CWE-90": 0.9784671532846715,
                        "CWE-327": 0.9102189781021898,