{
    "mixtral:8x7b": {
        "Dataset": "owasp",
        "Prompt Type": "few_shot",
        "Vulnerability Metrics": {
            "Accuracy": 0.5583941605839416,
            "Precision": 0.5920934411500449,
            "Recall": 0.4657243816254417,
            "F1-Score": 0.5213607594936709,
            "Youden Index": 0.12308287219147962,
            "ROC-AUC Score": 0.5615414360957397,
            "FPR": 0.34264150943396227,
            "FNR": 0.5342756183745583,
            "Specificity": 0.6573584905660378,
            "NPV": 0.535341118623233,
            "FDR": 0.4079065588499551,
            "MCC": 0.12523981648562013,
            "Confusion Matrix": [
                [
                    871,
                    454
                ],
                [
                    756,
                    659
                ]
            ]
        },
        "Vulnerability Type Metrics": {
            "Using Predicted CWE": {
                "Per Class Metrics": {
                    "Accuracy": {
                        "CWE-22": 0.9470802919708029,
                        "CWE-78": 0.9901459854014598,
                        "CWE-79": 0.8795620437956204,
                        "CWE-89": 0.9448905109489051,
                        "CWE-90": 0.9784671532846715,
                        "CWE-327": 0.9102189781021898,
                        "CWE-328": 0.9138686131386862,
                        "CWE-330": 0.82007299270073,
                        "CWE-501": 0.954014598540146,
                        "CWE-614": 0.9755474452554744,
                        "CWE-643": 0.9872262773722628
                    },
                    "Precision": {
                        "CWE-22": 1.0,
                        "CWE-78": 0.9745762711864406,
                        "CWE-79": 1.0,
                        "CWE-89": 0.9971830985915493,
                        "CWE-90": 0.0,
                        "CWE-327": 0.0,
                        "CWE-328": 0.0,
                        "CWE-330": 0.0,
                        "CWE-501": 0.0,
                        "CWE-614": 0.0,
                        "CWE-643": 0.0
                    },
                    "Recall": {
                        "CWE-22": 0.458955223880597,
                        "CWE-78": 0.9163346613545816,
                        "CWE-79": 0.27472527472527475,
                        "CWE-89": 0.7023809523809523,
                        "CWE-90": 0.0,
                        "CWE-327": 0.0,
                        "CWE-328": 0.0,
                        "CWE-330": 0.0,
                        "CWE-501": 0.0,
                        "CWE-614": 0.0,
                        "CWE-643": 0.0
                    },
                    "F1-Score": {
                        "CWE-22": 0.629156010230179,
                        "CWE-78": 0.944558521560575,
                        "CWE-79": 0.43103448275862066,
                        "CWE-89": 0.8242142025611175,
                        "CWE-90": 0.0,
                        "CWE-327": 0.0,
                        "CWE-328": 0.0,
                        "CWE-330": 0.0,
                        "CWE-501": 0.0,
                        "CWE-614": 0.0,
                        "CWE-643": 0.0
                    }
                },
                "Macro Precision": 0.3610690336161809,
                "Macro Recall": 0.21385419203103687,
                "Macro F1-Score": 0.257178474282772,
                "Weighted Precision": 0.5365689510065466,
                "Weighted Recall": 0.30364963503649633,
                "Weighted F1-Score": 0.3712491413866306,
                "MCC": 0.3981415685536392,
                "Cohen Kappa": 0.9880746184101251,
                "Confusion Matrix": [
                    [
                        123,
                        6,
                        0,
                        0,
                        0,
                        0,
                        0,
                        0,
                        0,
                        0,
                        0
                    ],
                    [
                        0,
                        230,
                        0,
                        0,
                        0,
                        0,
                        0,
                        0,
                        0,
                        0,
                        0
                    ],
                    [
                        0,
                        0,
                        125,
                        0,
                        0,
                        0,
                        0,
                        0,
                        0,
                        0,
                        0
                    ],
                    [
                        0,
                        0,
                        0,
                        354,
                        0,
                        0,
                        0,
                        0,
                        0,
                        0,
                        0
                    ],
                    [
                        0,
                        0,
                        0,
                        1,
                        0,
                        0,
                        0,
                        0,
                        0,
                        0,
                        0
                    ],
                    [
                        0,
                        0,
                        0,
                        0,
                        0,
                        0,
                        0,
                        0,
                        0,
                        0,
                        0
                    ],
                    [
                        0,
                        0,
                        0,
                        0,
                        0,
                        0,
                        0,
                        0,
                        0,
                        0,
                        0
                    ],
                    [
                        0,
                        0,
                        0,
                        0,
                        0,
                        0,
                        0,
                        0,
                        0,
                        0,
                        0
                    ],
                    [
                        0,
                        0,
                        0,
                        0,
                        0,
                        0,
                        0,
                        0,
                        0,
                        0,
                        0
                    ],
                    [
                        0,
                        0,
                        0,
                        0,
                        0,
                        0,
                        0,
                        0,
                        0,
                        0,
                        0
                    ],
                    [
                        0,
                        0,
                        0,
                        0,
                        0,
                        0,
                        0,
                        0,
                        0,
                        0,
                        0
                    ]
                ]
            },
            "Using Predicted Vulnerability Name": {
                "Per Class Metrics": {
                    "Accuracy": {
                        "CWE-22": 0.9335766423357664,
                        "CWE-78": 0.9813868613138687,
                        "CWE-79": 0.8788321167883212,
                        "CWE-89": 0.9430656934306569,
                        "CWE-90": 0.9784671532846715,
                        "CWE-327": 0.9102189781021898,