{
    "mixtral:8x7b": {
        "Dataset": "owasp",
        "Prompt Type": "simple",
        "Vulnerability Metrics": {
            "Accuracy": 0.593065693430657,
            "Precision": 0.5910194174757282,
            "Recall": 0.688339222614841,
            "F1-Score": 0.6359777995429318,
            "Youden Index": 0.17965997733182215,
            "ROC-AUC Score": 0.5898299886659111,
            "FPR": 0.5086792452830189,
            "FNR": 0.311660777385159,
            "Specificity": 0.4913207547169811,
            "NPV": 0.5961538461538461,
            "FDR": 0.40898058252427183,
            "MCC": 0.18337814564667318,
            "Confusion Matrix": [
                [
                    651,
                    674
                ],
                [
                    441,
                    974
                ]
            ]
        },
        "Vulnerability Type Metrics": {
            "Using Predicted CWE": {
                "Per Class Metrics": {
                    "Accuracy": {
                        "CWE-22": 0.9682481751824817,
                        "CWE-78": 0.9861313868613139,
                        "CWE-79": 0.8631386861313869,
                        "CWE-89": 0.9861313868613139,
                        "CWE-90": 0.9784671532846715,
                        "CWE-327": 0.9288321167883211,
                        "CWE-328": 0.9138686131386862,
                        "CWE-330": 0.8222627737226277,
                        "CWE-501": 0.954014598540146,
                        "CWE-614": 0.9755474452554744,
                        "CWE-643": 0.9872262773722628
                    },
                    "Precision": {
                        "CWE-22": 1.0,
                        "CWE-78": 0.8901098901098901,
                        "CWE-79": 0.9166666666666666,
                        "CWE-89": 0.9330855018587361,
                        "CWE-90": 0.0,
                        "CWE-327": 0.8695652173913043,
                        "CWE-328": 0.0,
                        "CWE-330": 1.0,
                        "CWE-501": 0.0,
                        "CWE-614": 0.0,
                        "CWE-643": 0.0
                    },
                    "Recall": {
                        "CWE-22": 0.6753731343283582,
                        "CWE-78": 0.9681274900398407,
                        "CWE-79": 0.1934065934065934,
                        "CWE-89": 0.996031746031746,
                        "CWE-90": 0.0,
                        "CWE-327": 0.24390243902439024,
                        "CWE-328": 0.0,
                        "CWE-330": 0.012170385395537525,
                        "CWE-501": 0.0,
                        "CWE-614": 0.0,
                        "CWE-643": 0.0
                    },
                    "F1-Score": {
                        "CWE-22": 0.8062360801781737,
                        "CWE-78": 0.9274809160305344,
                        "CWE-79": 0.3194192377495463,
                        "CWE-89": 0.963531669865643,
                        "CWE-90": 0.0,
                        "CWE-327": 0.38095238095238093,
                        "CWE-328": 0.0,
                        "CWE-330": 0.02404809619238477,
                        "CWE-501": 0.0,
                        "CWE-614": 0.0,
                        "CWE-643": 0.0
                    }
                },
                "Macro Precision": 0.5099479341842361,
                "Macro Recall": 0.28081925347513326,
                "Macro F1-Score": 0.3110607619062421,
                "Weighted Precision": 0.7612003840021824,
                "Weighted Recall": 0.39416058394160586,
                "Weighted F1-Score": 0.4326257997579831,
                "MCC": 0.45709600401117956,
                "Cohen Kappa": 0.9001171330950661,
                "Confusion Matrix": [
                    [
                        181,
                        21,
                        0,
                        0,
                        0,
                        0,
                        0,
                        0,
                        0,
                        0,
                        0
                    ],
                    [
                        0,
                        243,
                        0,
                        0,
                        0,
                        0,
                        0,
                        0,
                        0,
                        0,
                        0
                    ],
                    [
                        0,
                        5,
                        88,
                        0,
                        0,
                        0,
                        0,
                        0,
                        0,
                        0,
                        0
                    ],
                    [
                        0,
                        0,
                        0,
                        502,
                        0,
                        0,
                        0,
                        0,
                        0,
                        0,
                        0
                    ],
                    [
                        0,
                        1,
                        0,
                        36,
                        0,
                        0,
                        0,
                        0,
                        0,
                        0,
                        0
                    ],
                    [
                        0,
                        0,
                        0,
                        0,
                        0,
                        60,
                        0,
                        0,
                        0,
                        0,
                        0
                    ],
                    [
                        0,
                        0,
                        0,
                        0,
                        0,
                        0,
                        0,
                        0,
                        0,
                        0,
                        0
                    ],
                    [
                        0,
                        0,
                        2,
                        0,
                        0,
                        9,
                        0,
                        6,
                        0,
                        0,
                        0
                    ],
                    [
                        0,
                        3,
                        6,
                        0,
                        0,
                        0,
                        0,
                        0,
                        0,
                        0,
                        0
                    ],
                    [
                        0,
                        0,
                        0,
                        0,
                        0,
                        0,
                        0,
                        0,
                        0,
                        0,
                        0
                    ],
                    [
                        0,
                        0,
                        0,
                        0,
                        0,
                        0,
                        0,
                        0,
                        0,
                        0,
                        0
                    ]
                ]
            },
            "Using Predicted Vulnerability Name": {
                "Per Class Metrics": {
                    "Accuracy": {
                        "CWE-22": 0.9091240875912409,
                        "CWE-78": 0.9131386861313868,
                        "CWE-79": 0.8481751824817518,
                        "CWE-89": 0.9883211678832117,