{
    "deepcoder:14b": {
        "Dataset": "owasp",
        "Prompt Type": "simple",
        "Vulnerability Metrics": {
            "Accuracy": 0.6463503649635036,
            "Precision": 0.6512890094979648,
            "Recall": 0.6784452296819788,
            "F1-Score": 0.6645898234683282,
            "Youden Index": 0.2905207013800921,
            "ROC-AUC Score": 0.6452603506900458,
            "FPR": 0.3879245283018868,
            "FNR": 0.3215547703180212,
            "Specificity": 0.6120754716981132,
            "NPV": 0.6406003159557662,
            "FDR": 0.3487109905020353,
            "MCC": 0.2912042093723575,
            "Confusion Matrix": [
                [
                    811,
                    514
                ],
                [
                    455,
                    960
                ]
            ]
        },
        "Vulnerability Type Metrics": {
            "Using Predicted CWE": {
                "Per Class Metrics": {
                    "Accuracy": {
                        "CWE-22": 0.9025547445255474,
                        "CWE-78": 0.9583941605839416,
                        "CWE-79": 0.887956204379562,
                        "CWE-89": 0.9605839416058394,
                        "CWE-90": 0.9784671532846715,
                        "CWE-327": 0.9094890510948905,
                        "CWE-328": 0.9138686131386862,
                        "CWE-330": 0.8715328467153285,
                        "CWE-501": 0.954014598540146,
                        "CWE-614": 0.9755474452554744,
                        "CWE-643": 0.9872262773722628
                    },
                    "Precision": {
                        "CWE-22": 0.6666666666666666,
                        "CWE-78": 0.9790209790209791,
                        "CWE-79": 0.87,
                        "CWE-89": 0.9974874371859297,
                        "CWE-90": 0.0,
                        "CWE-327": 0.42857142857142855,
                        "CWE-328": 0.0,
                        "CWE-330": 1.0,
                        "CWE-501": 0.0,
                        "CWE-614": 0.0,
                        "CWE-643": 0.5
                    },
                    "Recall": {
                        "CWE-22": 0.007462686567164179,
                        "CWE-78": 0.5577689243027888,
                        "CWE-79": 0.3824175824175824,
                        "CWE-89": 0.7876984126984127,
                        "CWE-90": 0.0,
                        "CWE-327": 0.024390243902439025,
                        "CWE-328": 0.0,
                        "CWE-330": 0.28600405679513186,
                        "CWE-501": 0.0,
                        "CWE-614": 0.0,
                        "CWE-643": 0.02857142857142857
                    },
                    "F1-Score": {
                        "CWE-22": 0.014760147601476014,
                        "CWE-78": 0.7106598984771574,
                        "CWE-79": 0.5312977099236641,
                        "CWE-89": 0.8802660753880266,
                        "CWE-90": 0.0,
                        "CWE-327": 0.046153846153846156,
                        "CWE-328": 0.0,
                        "CWE-330": 0.444794952681388,
                        "CWE-501": 0.0,
                        "CWE-614": 0.0,
                        "CWE-643": 0.05405405405405406
                    }
                },
                "Macro Precision": 0.49470422831318217,
                "Macro Recall": 0.18857393956863158,
                "Macro F1-Score": 0.24381697129814658,
                "Weighted Precision": 0.7076325445880337,
                "Weighted Recall": 0.31423357664233575,
                "Weighted F1-Score": 0.4015531254757142,
                "MCC": 0.38869678316507883,
                "Cohen Kappa": 0.9372193247419268,
                "Confusion Matrix": [
                    [
                        2,
                        0,
                        0,
                        0,
                        0,
                        0,
                        0,
                        0,
                        0,
                        0,
                        0
                    ],
                    [
                        0,
                        140,
                        0,
                        0,
                        0,
                        0,
                        0,
                        0,
                        0,
                        0,
                        0
                    ],
                    [
                        0,
                        1,
                        174,
                        0,
                        0,
                        0,
                        0,
                        0,
                        0,
                        0,
                        1
                    ],
                    [
                        0,
                        0,
                        0,
                        397,
                        0,
                        0,
                        0,
                        0,
                        0,
                        0,
                        0
                    ],
                    [
                        0,
                        0,
                        0,
                        0,
                        0,
                        0,
                        0,
                        0,
                        0,
                        0,
                        0
                    ],
                    [
                        0,
                        0,
                        1,
                        1,
                        0,
                        6,
                        0,
                        0,
                        0,
                        0,
                        0
                    ],
                    [
                        0,
                        2,
                        0,
                        0,
                        0,
                        0,
                        0,
                        0,
                        0,
                        0,
                        0
                    ],
                    [
                        1,
                        0,
                        23,
                        0,
                        0,
                        8,
                        0,
                        141,
                        0,
                        0,
                        0
                    ],
                    [
                        0,
                        0,
                        0,
                        0,
                        0,
                        0,
                        0,
                        0,
                        0,
                        0,
                        0
                    ],
                    [
                        0,
                        0,
                        2,
                        0,
                        0,
                        0,
                        0,
                        0,
                        0,
                        0,
                        0
                    ],
                    [
                        0,
                        0,
                        0,
                        0,
                        0,
                        0,
                        0,
                        0,
                        0,
                        0,
                        1
                    ]
                ]
            },
            "Using Predicted Vulnerability Name": {
                "Per Class Metrics": {
                    "Accuracy": {
                        "CWE-22": 0.9441605839416058,
                        "CWE-78": 0.9354014598540146,
                        "CWE-79": 0.8868613138686131,