{
    "deepcoder:14b": {
        "Dataset": "owasp",
        "Prompt Type": "vulnerability_specific",
        "Vulnerability Metrics": {
            "Accuracy": 0.6503649635036496,
            "Precision": 0.653252850435949,
            "Recall": 0.688339222614841,
            "F1-Score": 0.6703372333103923,
            "Youden Index": 0.29815054336955793,
            "ROC-AUC Score": 0.649075271684779,
            "FPR": 0.390188679245283,
            "FNR": 0.311660777385159,
            "Specificity": 0.609811320754717,
            "NPV": 0.6469175340272217,
            "FDR": 0.34674714956405095,
            "MCC": 0.29915875924188395,
            "Confusion Matrix": [
                [
                    808,
                    517
                ],
                [
                    441,
                    974
                ]
            ]
        },
        "Vulnerability Type Metrics": {
            "Using Predicted CWE": {
                "Per Class Metrics": {
                    "Accuracy": {
                        "CWE-22": 0.9291970802919708,
                        "CWE-78": 0.9759124087591241,
                        "CWE-79": 0.8956204379562044,
                        "CWE-89": 0.9777372262773723,
                        "CWE-90": 0.9945255474452555,
                        "CWE-327": 0.9313868613138686,
                        "CWE-328": 0.9124087591240876,
                        "CWE-330": 0.8700729927007299,
                        "CWE-501": 0.9503649635036496,
                        "CWE-614": 0.9762773722627737,
                        "CWE-643": 0.995985401459854
                    },
                    "Precision": {
                        "CWE-22": 0.6170886075949367,
                        "CWE-78": 0.9468599033816425,
                        "CWE-79": 0.782608695652174,
                        "CWE-89": 1.0,
                        "CWE-90": 1.0,
                        "CWE-327": 0.8295454545454546,
                        "CWE-328": 0.0,
                        "CWE-330": 1.0,
                        "CWE-501": 0.1875,
                        "CWE-614": 0.6666666666666666,
                        "CWE-643": 0.9615384615384616
                    },
                    "Recall": {
                        "CWE-22": 0.7276119402985075,
                        "CWE-78": 0.7808764940239044,
                        "CWE-79": 0.5142857142857142,
                        "CWE-89": 0.878968253968254,
                        "CWE-90": 0.7457627118644068,
                        "CWE-327": 0.2967479674796748,
                        "CWE-328": 0.0,
                        "CWE-330": 0.2778904665314402,
                        "CWE-501": 0.023809523809523808,
                        "CWE-614": 0.05970149253731343,
                        "CWE-643": 0.7142857142857143
                    },
                    "F1-Score": {
                        "CWE-22": 0.6678082191780822,
                        "CWE-78": 0.8558951965065502,
                        "CWE-79": 0.6206896551724138,
                        "CWE-89": 0.9355860612460402,
                        "CWE-90": 0.8543689320388349,
                        "CWE-327": 0.437125748502994,
                        "CWE-328": 0.0,
                        "CWE-330": 0.43492063492063493,
                        "CWE-501": 0.04225352112676056,
                        "CWE-614": 0.1095890410958904,
                        "CWE-643": 0.819672131147541
                    }
                },
                "Macro Precision": 0.7265279808526669,
                "Macro Recall": 0.45635820718949577,
                "Macro F1-Score": 0.5252644673577948,
                "Weighted Precision": 0.7741395013666674,
                "Weighted Recall": 0.49416058394160584,
                "Weighted F1-Score": 0.5698769975101401,
                "MCC": 0.5103545506801247,
                "Cohen Kappa": 0.8241078283183184,
                "Confusion Matrix": [
                    [
                        195,
                        0,
                        0,
                        0,
                        0,
                        0,
                        0,
                        0,
                        0,
                        0,
                        0
                    ],
                    [
                        4,
                        196,
                        0,
                        0,
                        0,
                        0,
                        0,
                        0,
                        0,
                        0,
                        0
                    ],
                    [
                        18,
                        4,
                        234,
                        0,
                        0,
                        0,
                        0,
                        0,
                        1,
                        0,
                        0
                    ],
                    [
                        1,
                        0,
                        0,
                        443,
                        0,
                        0,
                        0,
                        0,
                        0,
                        0,
                        0
                    ],
                    [
                        1,
                        0,
                        0,
                        0,
                        44,
                        0,
                        0,
                        0,
                        2,
                        0,
                        1
                    ],
                    [
                        20,
                        1,
                        0,
                        0,
                        0,
                        73,
                        0,
                        0,
                        2,
                        2,
                        0
                    ],
                    [
                        35,
                        3,
                        0,
                        0,
                        0,
                        7,
                        0,
                        0,
                        2,
                        0,
                        0
                    ],
                    [
                        38,
                        3,
                        64,
                        0,
                        0,
                        8,
                        4,
                        137,
                        3,
                        0,
                        0
                    ],
                    [
                        1,
                        0,
                        1,
                        0,
                        0,
                        0,
                        0,
                        0,
                        3,
                        0,
                        0
                    ],
                    [
                        3,
                        0,
                        0,
                        0,
                        0,
                        0,
                        0,
                        0,
                        3,
                        4,
                        0
                    ],
                    [
                        0,
                        0,
                        0,
                        0,
                        0,
                        0,
                        0,
                        0,
                        0,
                        0,
                        25
                    ]
                ]
            },
            "Using Predicted Vulnerability Name": {
                "Per Class Metrics": {
                    "Accuracy": {
                        "CWE-22": 0.9569343065693431,