{
  "mixtral:8x22b": {
    "Dataset": "owasp",
    "Prompt Type": "few_shot",
    "Vulnerability Metrics": {
      "Accuracy": 0.5313868613138686,
      "Precision": 0.5838668373879642,
      "Recall": 0.32226148409893995,
      "F1-Score": 0.41530054644808745,
      "Youden Index": 0.07697846523101548,
      "ROC-AUC Score": 0.5384892326155077,
      "FPR": 0.24528301886792453,
      "FNR": 0.67773851590106,
      "Specificity": 0.7547169811320755,
      "NPV": 0.5104645227156712,
      "FDR": 0.41613316261203587,
      "MCC": 0.08521433754910081,
      "Confusion Matrix": [
        [
          1000,
          325
        ],
        [
          959,
          456
        ]
      ]
    },
    "Vulnerability Type Metrics": {
      "Using Predicted CWE": {
        "Per Class Metrics": {
          "Accuracy": {
            "CWE-22": 0.9138686131386862,
            "CWE-78": 0.9295620437956205,
            "CWE-79": 0.8343065693430657,
            "CWE-89": 0.8693430656934307,
            "CWE-90": 0.9784671532846715,
            "CWE-327": 0.9102189781021898,
            "CWE-328": 0.9138686131386862,
            "CWE-330": 0.82007299270073,
            "CWE-501": 0.954014598540146,
            "CWE-614": 0.9755474452554744,
            "CWE-643": 0.9872262773722628
          },
          "Precision": {
            "CWE-22": 1.0,
            "CWE-78": 1.0,
            "CWE-79": 1.0,
            "CWE-89": 0.9802631578947368,
            "CWE-90": 0.0,
            "CWE-327": 0.0,
            "CWE-328": 0.0,
            "CWE-330": 0.0,
            "CWE-501": 0.0,
            "CWE-614": 0.0,
            "CWE-643": 0.0
          },
          "Recall": {
            "CWE-22": 0.11940298507462686,
            "CWE-78": 0.23107569721115537,
            "CWE-79": 0.002197802197802198,
            "CWE-89": 0.29563492063492064,
            "CWE-90": 0.0,
            "CWE-327": 0.0,
            "CWE-328": 0.0,
            "CWE-330": 0.0,
            "CWE-501": 0.0,
            "CWE-614": 0.0,
            "CWE-643": 0.0
          },
          "F1-Score": {
            "CWE-22": 0.21333333333333335,
            "CWE-78": 0.37540453074433655,
            "CWE-79": 0.0043859649122807015,
            "CWE-89": 0.45426829268292684,
            "CWE-90": 0.0,
            "CWE-327": 0.0,
            "CWE-328": 0.0,
            "CWE-330": 0.0,
            "CWE-501": 0.0,
            "CWE-614": 0.0,
            "CWE-643": 0.0
          }
        },
        "Macro Precision": 0.3618421052631579,
        "Macro Recall": 0.05893740046531864,
        "Macro F1-Score": 0.09521746560662522,
        "Weighted Precision": 0.5357856319631195,
        "Weighted Recall": 0.08759124087591241,
        "Weighted F1-Score": 0.13954259273629369,
        "MCC": 0.19552277568135742,
        "Cohen Kappa": 0.9772251554250367,
        "Confusion Matrix": [
          [
            32,
            0,
            0,
            0,
            0,
            0,
            0,
            0,
            0,
            0,
            0
          ],
          [
            0,
            58,
            0,
            0,
            0,
            0,
            0,
            0,
            0,
            0,
            0
          ],
          [
            0,
            0,
            1,
            3,
            0,
            0,
            0,
            0,
            0,
            0,
            0
          ],
          [
            0,
            0,
            0,
            149,
            0,
            0,
            0,
            0,
            0,
            0,
            0
          ],
          [
            0,
            0,
            0,
            0,
            0,
            0,
            0,
            0,
            0,
            0,
            0
          ],
          [
            0,
            0,
            0,
            0,
            0,
            0,
            0,
            0,
            0,
            0,
            0
          ],
          [
            0,
            0,
            0,
            0,
            0,
            0,
            0,
            0,
            0,
            0,
            0
          ],
          [
            0,
            0,
            0,
            0,
            0,
            0,
            0,
            0,
            0,
            0,
            0
          ],
          [
            0,
            0,
            0,
            0,
            0,
            0,
            0,
            0,
            0,
            0,
            0
          ],
          [
            0,
            0,
            0,
            0,
            0,
            0,
            0,
            0,
            0,
            0,
            0
          ],
          [
            0,
            0,
            0,
            0,
            0,
            0,
            0,
            0,
            0,
            0,
            0
          ]
        ]
      },
      "Using Predicted Vulnerability Name": {
        "Per Class Metrics": {
          "Accuracy": {
            "CWE-22": 0.9116788321167884,
            "CWE-78": 0.9277372262773723,
            "CWE-79": 0.833941605839416,
            "CWE-89": 0.8653284671532847,
            "CWE-90": 0.9784671532846715,
            "CWE-327": 0.9102189781021898,
            "CWE-328": 0.9138686131386862,
            "CWE-330": 0.82007299270073,
            "CWE-501": 0.954014598540146,
            "CWE-614": 0.9755474452554744,
            "CWE-643": 0.9872262773722628
          },
          "Precision": {
            "CWE-22": 1.0,
            "CWE-78": 1.0,
            "CWE-79": 0.0,
            "CWE-89": 0.9787234042553191,
            "CWE-90": 0.0,
            "CWE-327": 0.0,
            "CWE-328": 0.0,
            "CWE-330": 0.0,
            "CWE-501": 0.0,
            "CWE-614": 0.0,
            "CWE-643": 0.0
          },
          "Recall": {
            "CWE-22": 0.09701492537313433,
            "CWE-78": 0.21115537848605578,
            "CWE-79": 0.0,
            "CWE-89": 0.27380952380952384,
            "CWE-90": 0.0,
            "CWE-327": 0.0,
            "CWE-328": 0.0,
            "CWE-330": 0.0,
            "CWE-501": 0.0,
            "CWE-614": 0.0,
            "CWE-643": 0.0
          },
          "F1-Score": {
            "CWE-22": 0.17687074829931973,
            "CWE-78": 0.34868421052631576,
            "CWE-79": 0.0,
            "CWE-89": 0.42790697674418604,
            "CWE-90": 0.0,
            "CWE-327": 0.0,
            "CWE-328": 0.0,
            "CWE-330": 0.0,
            "CWE-501": 0.0,
            "CWE-614": 0.0,
            "CWE-643": 0.0
          }
        },
        "Macro Precision": 0.27079303675048355,
        "Macro Recall": 0.052907257060792176,
        "Macro F1-Score": 0.08667835777907468,
        "Weighted Precision": 0.36944401304550395,
        "Weighted Recall": 0.0791970802919708,
        "Weighted F1-Score": 0.1279511728705813,
        "MCC": 0.1849841637307062,
        "Cohen Kappa": 0.9740739285854578,