{
  "mixtral:8x22b": {
    "Dataset": "owasp",
    "Prompt Type": "simple",
    "Vulnerability Metrics": {
      "Accuracy": 0.5777372262773722,
      "Precision": 0.5732954545454545,
      "Recall": 0.7130742049469965,
      "F1-Score": 0.6355905511811024,
      "Youden Index": 0.14628175211680783,
      "ROC-AUC Score": 0.5731408760584039,
      "FPR": 0.5667924528301886,
      "FNR": 0.28692579505300353,
      "Specificity": 0.4332075471698113,
      "NPV": 0.5857142857142857,
      "FDR": 0.42670454545454545,
      "MCC": 0.15251302701354175,
      "Confusion Matrix": [
        [
          574,
          751
        ],
        [
          406,
          1009
        ]
      ]
    },
    "Vulnerability Type Metrics": {
      "Using Predicted CWE": {
        "Per Class Metrics": {
          "Accuracy": {
            "CWE-22": 0.9178832116788321,
            "CWE-78": 0.9985401459854014,
            "CWE-79": 0.8441605839416059,
            "CWE-89": 0.9967153284671533,
            "CWE-90": 0.9784671532846715,
            "CWE-327": 0.9113138686131387,
            "CWE-328": 0.9138686131386862,
            "CWE-330": 0.82007299270073,
            "CWE-501": 0.954014598540146,
            "CWE-614": 0.9755474452554744,
            "CWE-643": 0.9872262773722628
          },
          "Precision": {
            "CWE-22": 1.0,
            "CWE-78": 1.0,
            "CWE-79": 0.7692307692307693,
            "CWE-89": 0.9843444227005871,
            "CWE-90": 0.0,
            "CWE-327": 0.5365853658536586,
            "CWE-328": 0.0,
            "CWE-330": 0.0,
            "CWE-501": 0.0,
            "CWE-614": 0.0,
            "CWE-643": 0.0
          },
          "Recall": {
            "CWE-22": 0.16044776119402984,
            "CWE-78": 0.9840637450199203,
            "CWE-79": 0.08791208791208792,
            "CWE-89": 0.998015873015873,
            "CWE-90": 0.0,
            "CWE-327": 0.08943089430894309,
            "CWE-328": 0.0,
            "CWE-330": 0.0,
            "CWE-501": 0.0,
            "CWE-614": 0.0,
            "CWE-643": 0.0
          },
          "F1-Score": {
            "CWE-22": 0.2765273311897106,
            "CWE-78": 0.9919678714859438,
            "CWE-79": 0.15779092702169625,
            "CWE-89": 0.9911330049261083,
            "CWE-90": 0.0,
            "CWE-327": 0.15331010452961671,
            "CWE-328": 0.0,
            "CWE-330": 0.0,
            "CWE-501": 0.0,
            "CWE-614": 0.0,
            "CWE-643": 0.0
          }
        },
        "Macro Precision": 0.3900145961622741,
        "Macro Recall": 0.21089730558644126,
        "Macro F1-Score": 0.23370265810482505,
        "Weighted Precision": 0.5463903609639036,
        "Weighted Recall": 0.31204379562043794,
        "Weighted F1-Score": 0.3401946906911425,
        "MCC": 0.398633256540891,
        "Cohen Kappa": 0.9268079174914928,
        "Confusion Matrix": [
          [
            43,
            0,
            0,
            0,
            0,
            0,
            0,
            0,
            0,
            0,
            0
          ],
          [
            0,
            247,
            0,
            0,
            0,
            0,
            0,
            0,
            0,
            0,
            0
          ],
          [
            0,
            0,
            40,
            0,
            0,
            0,
            0,
            0,
            0,
            0,
            0
          ],
          [
            0,
            0,
            0,
            503,
            0,
            0,
            0,
            0,
            0,
            0,
            0
          ],
          [
            0,
            0,
            0,
            8,
            0,
            0,
            0,
            0,
            0,
            0,
            0
          ],
          [
            0,
            0,
            0,
            0,
            0,
            22,
            0,
            0,
            0,
            0,
            0
          ],
          [
            0,
            0,
            0,
            0,
            0,
            14,
            0,
            0,
            0,
            0,
            0
          ],
          [
            0,
            0,
            10,
            0,
            0,
            5,
            0,
            0,
            0,
            0,
            0
          ],
          [
            0,
            0,
            1,
            0,
            0,
            0,
            0,
            0,
            0,
            0,
            0
          ],
          [
            0,
            0,
            1,
            0,
            0,
            0,
            0,
            0,
            0,
            0,
            0
          ],
          [
            0,
            0,
            0,
            0,
            0,
            0,
            0,
            0,
            0,
            0,
            0
          ]
        ]
      },
      "Using Predicted Vulnerability Name": {
        "Per Class Metrics": {
          "Accuracy": {
            "CWE-22": 0.908029197080292,
            "CWE-78": 0.9985401459854014,
            "CWE-79": 0.833941605839416,
            "CWE-89": 0.8164233576642336,
            "CWE-90": 0.9784671532846715,
            "CWE-327": 0.9102189781021898,
            "CWE-328": 0.9138686131386862,
            "CWE-330": 0.82007299270073,
            "CWE-501": 0.954014598540146,
            "CWE-614": 0.9755474452554744,
            "CWE-643": 0.9872262773722628
          },
          "Precision": {
            "CWE-22": 1.0,
            "CWE-78": 1.0,
            "CWE-79": 0.0,
            "CWE-89": 1.0,
            "CWE-90": 0.0,
            "CWE-327": 0.0,
            "CWE-328": 0.0,
            "CWE-330": 0.0,
            "CWE-501": 0.0,
            "CWE-614": 0.0,
            "CWE-643": 0.0
          },
          "Recall": {
            "CWE-22": 0.05970149253731343,
            "CWE-78": 0.9840637450199203,
            "CWE-79": 0.0,
            "CWE-89": 0.001984126984126984,
            "CWE-90": 0.0,
            "CWE-327": 0.0,
            "CWE-328": 0.0,
            "CWE-330": 0.0,
            "CWE-501": 0.0,
            "CWE-614": 0.0,
            "CWE-643": 0.0
          },
          "F1-Score": {
            "CWE-22": 0.11267605633802817,
            "CWE-78": 0.9919678714859438,
            "CWE-79": 0.0,
            "CWE-89": 0.0039603960396039604,
            "CWE-90": 0.0,
            "CWE-327": 0.0,
            "CWE-328": 0.0,
            "CWE-330": 0.0,
            "CWE-501": 0.0,
            "CWE-614": 0.0,
            "CWE-643": 0.0
          }
        },
        "Macro Precision": 0.2727272727272727,
        "Macro Recall": 0.09506812404921461,
        "Macro F1-Score": 0.10078221126032508,
        "Weighted Precision": 0.37335766423357664,
        "Weighted Recall": 0.09635036496350365,
        "Weighted F1-Score": 0.10261940089252695,
        "MCC": 0.2240389387441505,
        "Cohen Kappa": 1.0,