{
  "mixtral:8x22b": {
    "Dataset": "owasp",
    "Prompt Type": "chain_of_thought",
    "Vulnerability Metrics": {
      "Accuracy": 0.5682481751824817,
      "Precision": 0.5683962264150944,
      "Recall": 0.6812720848056537,
      "F1-Score": 0.6197364191578271,
      "Youden Index": 0.1288192546169744,
      "ROC-AUC Score": 0.5644096273084872,
      "FPR": 0.5524528301886793,
      "FNR": 0.3187279151943463,
      "Specificity": 0.44754716981132076,
      "NPV": 0.5680076628352491,
      "FDR": 0.43160377358490565,
      "MCC": 0.13255733604778563,
      "Confusion Matrix": [
        [
          593,
          732
        ],
        [
          451,
          964
        ]
      ]
    },
    "Vulnerability Type Metrics": {
      "Using Predicted CWE": {
        "Per Class Metrics": {
          "Accuracy": {
            "CWE-22": 0.9375912408759124,
            "CWE-78": 0.9978102189781022,
            "CWE-79": 0.8394160583941606,
            "CWE-89": 0.9916058394160584,
            "CWE-90": 0.9784671532846715,
            "CWE-327": 0.910948905109489,
            "CWE-328": 0.9138686131386862,
            "CWE-330": 0.82007299270073,
            "CWE-501": 0.954014598540146,
            "CWE-614": 0.9755474452554744,
            "CWE-643": 0.9872262773722628
          },
          "Precision": {
            "CWE-22": 0.98989898989899,
            "CWE-78": 1.0,
            "CWE-79": 0.7419354838709677,
            "CWE-89": 0.9669902912621359,
            "CWE-90": 0.0,
            "CWE-327": 1.0,
            "CWE-328": 0.0,
            "CWE-330": 0.0,
            "CWE-501": 0.0,
            "CWE-614": 0.0,
            "CWE-643": 0.0
          },
          "Recall": {
            "CWE-22": 0.3656716417910448,
            "CWE-78": 0.9760956175298805,
            "CWE-79": 0.05054945054945055,
            "CWE-89": 0.9880952380952381,
            "CWE-90": 0.0,
            "CWE-327": 0.008130081300813009,
            "CWE-328": 0.0,
            "CWE-330": 0.0,
            "CWE-501": 0.0,
            "CWE-614": 0.0,
            "CWE-643": 0.0
          },
          "F1-Score": {
            "CWE-22": 0.5340599455040872,
            "CWE-78": 0.9879032258064516,
            "CWE-79": 0.09465020576131687,
            "CWE-89": 0.9774288518155054,
            "CWE-90": 0.0,
            "CWE-327": 0.016129032258064516,
            "CWE-328": 0.0,
            "CWE-330": 0.0,
            "CWE-501": 0.0,
            "CWE-614": 0.0,
            "CWE-643": 0.0
          }
        },
        "Macro Precision": 0.4271658877301903,
        "Macro Recall": 0.21714018447876612,
        "Macro F1-Score": 0.23728829646776595,
        "Weighted Precision": 0.5792834603103416,
        "Weighted Recall": 0.31605839416058396,
        "Weighted F1-Score": 0.3396895992497856,
        "MCC": 0.40604769885887565,
        "Cohen Kappa": 0.9505237333333333,
        "Confusion Matrix": [
          [
            98,
            0,
            0,
            0,
            0,
            0,
            0,
            0,
            0,
            0,
            0
          ],
          [
            0,
            245,
            0,
            0,
            0,
            0,
            0,
            0,
            0,
            0,
            0
          ],
          [
            0,
            0,
            23,
            0,
            0,
            0,
            0,
            0,
            0,
            0,
            0
          ],
          [
            0,
            0,
            0,
            498,
            0,
            0,
            0,
            0,
            0,
            0,
            0
          ],
          [
            0,
            0,
            0,
            17,
            0,
            0,
            0,
            0,
            0,
            0,
            0
          ],
          [
            0,
            0,
            0,
            0,
            0,
            2,
            0,
            0,
            0,
            0,
            0
          ],
          [
            1,
            0,
            0,
            0,
            0,
            0,
            0,
            0,
            0,
            0,
            0
          ],
          [
            0,
            0,
            6,
            0,
            0,
            0,
            0,
            0,
            0,
            0,
            0
          ],
          [
            0,
            0,
            2,
            0,
            0,
            0,
            0,
            0,
            0,
            0,
            0
          ],
          [
            0,
            0,
            0,
            0,
            0,
            0,
            0,
            0,
            0,
            0,
            0
          ],
          [
            0,
            0,
            0,
            0,
            0,
            0,
            0,
            0,
            0,
            0,
            0
          ]
        ]
      },
      "Using Predicted Vulnerability Name": {
        "Per Class Metrics": {
          "Accuracy": {
            "CWE-22": 0.9116788321167884,
            "CWE-78": 0.997080291970803,
            "CWE-79": 0.833941605839416,
            "CWE-89": 0.8160583941605839,
            "CWE-90": 0.9784671532846715,
            "CWE-327": 0.9102189781021898,
            "CWE-328": 0.9138686131386862,
            "CWE-330": 0.82007299270073,
            "CWE-501": 0.954014598540146,
            "CWE-614": 0.9755474452554744,
            "CWE-643": 0.9872262773722628
          },
          "Precision": {
            "CWE-22": 1.0,
            "CWE-78": 1.0,
            "CWE-79": 0.0,
            "CWE-89": 0.0,
            "CWE-90": 0.0,
            "CWE-327": 0.0,
            "CWE-328": 0.0,
            "CWE-330": 0.0,
            "CWE-501": 0.0,
            "CWE-614": 0.0,
            "CWE-643": 0.0
          },
          "Recall": {
            "CWE-22": 0.09701492537313433,
            "CWE-78": 0.9681274900398407,
            "CWE-79": 0.0,
            "CWE-89": 0.0,
            "CWE-90": 0.0,
            "CWE-327": 0.0,
            "CWE-328": 0.0,
            "CWE-330": 0.0,
            "CWE-501": 0.0,
            "CWE-614": 0.0,
            "CWE-643": 0.0
          },
          "F1-Score": {
            "CWE-22": 0.17687074829931973,
            "CWE-78": 0.9838056680161943,
            "CWE-79": 0.0,
            "CWE-89": 0.0,
            "CWE-90": 0.0,
            "CWE-327": 0.0,
            "CWE-328": 0.0,
            "CWE-330": 0.0,
            "CWE-501": 0.0,
            "CWE-614": 0.0,
            "CWE-643": 0.0
          }
        },
        "Macro Precision": 0.18181818181818182,
        "Macro Recall": 0.09683112867390681,
        "Macro F1-Score": 0.10551603784686492,
        "Weighted Precision": 0.1894160583941606,
        "Weighted Recall": 0.09817518248175182,
        "Weighted F1-Score": 0.10742211066287681,
        "MCC": 0.22606766122836047,
        "Cohen Kappa": 1.0,