{
  "mixtral:8x22b": {
    "Dataset": "owasp",
    "Prompt Type": "vulnerability_specific",
    "Vulnerability Metrics": {
      "Accuracy": 0.572992700729927,
      "Precision": 0.5850104094378904,
      "Recall": 0.5957597173144876,
      "F1-Score": 0.5903361344537815,
      "Youden Index": 0.14443896259750644,
      "ROC-AUC Score": 0.5722194812987533,
      "FPR": 0.45132075471698113,
      "FNR": 0.4042402826855124,
      "Specificity": 0.5486792452830188,
      "NPV": 0.5596612779060816,
      "FDR": 0.41498959056210966,
      "MCC": 0.14455527813675334,
      "Confusion Matrix": [
        [
          727,
          598
        ],
        [
          572,
          843
        ]
      ]
    },
    "Vulnerability Type Metrics": {
      "Using Predicted CWE": {
        "Per Class Metrics": {
          "Accuracy": {
            "CWE-22": 0.9529197080291971,
            "CWE-78": 0.9886861313868613,
            "CWE-79": 0.8828467153284671,
            "CWE-89": 0.9934306569343065,
            "CWE-90": 0.9850364963503649,
            "CWE-327": 0.8952554744525547,
            "CWE-328": 0.9156934306569343,
            "CWE-330": 0.8222627737226277,
            "CWE-501": 0.954014598540146,
            "CWE-614": 0.9864963503649635,
            "CWE-643": 0.9937956204379562
          },
          "Precision": {
            "CWE-22": 0.6814621409921671,
            "CWE-78": 0.9014598540145985,
            "CWE-79": 0.8988095238095238,
            "CWE-89": 0.9727626459143969,
            "CWE-90": 1.0,
            "CWE-327": 0.23376623376623376,
            "CWE-328": 1.0,
            "CWE-330": 1.0,
            "CWE-501": 0.0,
            "CWE-614": 0.875,
            "CWE-643": 0.9090909090909091
          },
          "Recall": {
            "CWE-22": 0.9738805970149254,
            "CWE-78": 0.9840637450199203,
            "CWE-79": 0.33186813186813185,
            "CWE-89": 0.9920634920634921,
            "CWE-90": 0.3050847457627119,
            "CWE-327": 0.07317073170731707,
            "CWE-328": 0.0211864406779661,
            "CWE-330": 0.012170385395537525,
            "CWE-501": 0.0,
            "CWE-614": 0.5223880597014925,
            "CWE-643": 0.5714285714285714
          },
          "F1-Score": {
            "CWE-22": 0.8018433179723502,
            "CWE-78": 0.940952380952381,
            "CWE-79": 0.48475120385232745,
            "CWE-89": 0.9823182711198428,
            "CWE-90": 0.4675324675324675,
            "CWE-327": 0.11145510835913312,
            "CWE-328": 0.04149377593360996,
            "CWE-330": 0.02404809619238477,
            "CWE-501": 0.0,
            "CWE-614": 0.6542056074766355,
            "CWE-643": 0.7017543859649122
          }
        },
        "Macro Precision": 0.7702137552352571,
        "Macro Recall": 0.4352095364218242,
        "Macro F1-Score": 0.47366860139600403,
        "Weighted Precision": 0.819006809978989,
        "Weighted Recall": 0.46021897810218976,
        "Weighted F1-Score": 0.4787471011775525,
        "MCC": 0.48901556360734244,
        "Cohen Kappa": 0.7953345449486462,
        "Confusion Matrix": [
          [
            261,
            0,
            0,
            0,
            0,
            0,
            0,
            0,
            0,
            0,
            0
          ],
          [
            1,
            247,
            0,
            0,
            0,
            0,
            0,
            0,
            0,
            0,
            0
          ],
          [
            0,
            16,
            151,
            0,
            0,
            0,
            0,
            0,
            0,
            0,
            0
          ],
          [
            0,
            0,
            0,
            500,
            0,
            0,
            0,
            0,
            0,
            0,
            0
          ],
          [
            1,
            3,
            1,
            13,
            18,
            0,
            0,
            0,
            0,
            0,
            0
          ],
          [
            19,
            0,
            3,
            0,
            0,
            18,
            0,
            0,
            0,
            0,
            0
          ],
          [
            44,
            2,
            1,
            0,
            0,
            45,
            5,
            0,
            0,
            1,
            0
          ],
          [
            52,
            3,
            0,
            1,
            0,
            14,
            0,
            6,
            0,
            1,
            2
          ],
          [
            0,
            1,
            12,
            0,
            0,
            0,
            0,
            0,
            0,
            3,
            0
          ],
          [
            2,
            0,
            0,
            0,
            0,
            0,
            0,
            0,
            0,
            35,
            0
          ],
          [
            3,
            2,
            0,
            0,
            0,
            0,
            0,
            0,
            0,
            0,
            20
          ]
        ]
      },
      "Using Predicted Vulnerability Name": {
        "Per Class Metrics": {
          "Accuracy": {
            "CWE-22": 0.9346715328467153,
            "CWE-78": 0.9091240875912409,
            "CWE-79": 0.8846715328467153,
            "CWE-89": 0.9233576642335767,
            "CWE-90": 0.9784671532846715,
            "CWE-327": 0.8937956204379562,
            "CWE-328": 0.9156934306569343,
            "CWE-330": 0.8211678832116789,
            "CWE-501": 0.954014598540146,
            "CWE-614": 0.977007299270073,
            "CWE-643": 0.9945255474452555
          },
          "Precision": {
            "CWE-22": 0.9158878504672897,
            "CWE-78": 1.0,
            "CWE-79": 0.9263803680981595,
            "CWE-89": 1.0,
            "CWE-90": 0.0,
            "CWE-327": 0.09090909090909091,
            "CWE-328": 1.0,
            "CWE-330": 1.0,
            "CWE-501": 0.0,
            "CWE-614": 0.7,
            "CWE-643": 1.0
          },
          "Recall": {
            "CWE-22": 0.3656716417910448,
            "CWE-78": 0.00796812749003984,
            "CWE-79": 0.33186813186813185,
            "CWE-89": 0.5833333333333334,
            "CWE-90": 0.0,
            "CWE-327": 0.02032520325203252,
            "CWE-328": 0.0211864406779661,
            "CWE-330": 0.006085192697768763,
            "CWE-501": 0.0,
            "CWE-614": 0.1044776119402985,
            "CWE-643": 0.5714285714285714
          },
          "F1-Score": {
            "CWE-22": 0.5226666666666666,
            "CWE-78": 0.015810276679841896,
            "CWE-79": 0.4886731391585761,
            "CWE-89": 0.7368421052631579,
            "CWE-90": 0.0,
            "CWE-327": 0.03322259136212625,
            "CWE-328": 0.04149377593360996,
            "CWE-330": 0.012096774193548387,
            "CWE-501": 0.0,
            "CWE-614": 0.18181818181818182,
            "CWE-643": 0.7272727272727273
          }
        },
        "Macro Precision": 0.693925209952231,
        "Macro Recall": 0.18294038677083524,
        "Macro F1-Score": 0.25089965803167597,
        "Weighted Precision": 0.8230746889684425,
        "Weighted Recall": 0.21350364963503649,
        "Weighted F1-Score": 0.2917237618220032,
        "MCC": 0.2989836347221733,
        "Cohen Kappa": 0.8435422602089269,