{
    "gemma2:9b": {
        "Dataset": "owasp",
        "Prompt Type": "vulnerability_specific",
        "Vulnerability Metrics": {
            "Accuracy": 0.5660583941605839,
            "Precision": 0.552803738317757,
            "Recall": 0.8360424028268552,
            "F1-Score": 0.6655414908579466,
            "Youden Index": 0.11377825188345891,
            "ROC-AUC Score": 0.5568891259417295,
            "FPR": 0.7222641509433962,
            "FNR": 0.16395759717314487,
            "Specificity": 0.27773584905660376,
            "NPV": 0.6133333333333333,
            "FDR": 0.44719626168224297,
            "MCC": 0.1374874015519168,
            "Confusion Matrix": [
                [
                    368,
                    957
                ],
                [
                    232,
                    1183
                ]
            ]
        },
        "Vulnerability Type Metrics": {
            "Using Predicted CWE": {
                "Per Class Metrics": {
                    "Accuracy": {
                        "CWE-22": 0.9894160583941606,
                        "CWE-78": 0.9635036496350365,
                        "CWE-79": 0.9208029197080292,
                        "CWE-89": 0.9908759124087592,
                        "CWE-90": 0.9854014598540146,
                        "CWE-327": 0.9226277372262773,
                        "CWE-328": 0.9156934306569343,
                        "CWE-330": 0.9642335766423358,
                        "CWE-501": 0.9510948905109489,
                        "CWE-614": 0.9777372262773723,
                        "CWE-643": 0.9864963503649635
                    },
                    "Precision": {
                        "CWE-22": 0.9377289377289377,
                        "CWE-78": 0.7150997150997151,
                        "CWE-79": 0.7916666666666666,
                        "CWE-89": 0.9527410207939508,
                        "CWE-90": 1.0,
                        "CWE-327": 0.6133333333333333,
                        "CWE-328": 1.0,
                        "CWE-330": 1.0,
                        "CWE-501": 0.3333333333333333,
                        "CWE-614": 0.875,
                        "CWE-643": 0.0
                    },
                    "Recall": {
                        "CWE-22": 0.9552238805970149,
                        "CWE-78": 1.0,
                        "CWE-79": 0.7098901098901099,
                        "CWE-89": 1.0,
                        "CWE-90": 0.3220338983050847,
                        "CWE-327": 0.37398373983739835,
                        "CWE-328": 0.0211864406779661,
                        "CWE-330": 0.8012170385395537,
                        "CWE-501": 0.06349206349206349,
                        "CWE-614": 0.1044776119402985,
                        "CWE-643": 0.0
                    },
                    "F1-Score": {
                        "CWE-22": 0.9463955637707948,
                        "CWE-78": 0.8338870431893688,
                        "CWE-79": 0.7485515643105446,
                        "CWE-89": 0.9757986447241046,
                        "CWE-90": 0.48717948717948717,
                        "CWE-327": 0.46464646464646464,
                        "CWE-328": 0.04149377593360996,
                        "CWE-330": 0.8896396396396397,
                        "CWE-501": 0.10666666666666667,
                        "CWE-614": 0.18666666666666668,
                        "CWE-643": 0.0
                    }
                },
                "Macro Precision": 0.7471730006323579,
                "Macro Recall": 0.48650043484358996,
                "Macro F1-Score": 0.5164477742479406,
                "Weighted Precision": 0.8433197779616308,
                "Weighted Recall": 0.6788321167883211,
                "Weighted F1-Score": 0.698069816718727,
                "MCC": 0.659289700922436,
                "Cohen Kappa": 0.83333139097411,
                "Confusion Matrix": [
                    [
                        256,
                        4,
                        0,
                        0,
                        0,
                        0,
                        0,
                        0,
                        0,
                        1,
                        2
                    ],
                    [
                        0,
                        251,
                        0,
                        0,
                        0,
                        0,
                        0,
                        0,
                        0,
                        0,
                        0
                    ],
                    [
                        0,
                        1,
                        323,
                        0,
                        0,
                        0,
                        0,
                        0,
                        0,
                        0,
                        0
                    ],
                    [
                        0,
                        0,
                        0,
                        504,
                        0,
                        0,
                        0,
                        0,
                        0,
                        0,
                        0
                    ],
                    [
                        0,
                        0,
                        39,
                        0,
                        19,
                        0,
                        0,
                        0,
                        0,
                        0,
                        0
                    ],
                    [
                        17,
                        7,
                        1,
                        4,
                        0,
                        92,
                        0,
                        0,
                        0,
                        0,
                        0
                    ],
                    [
                        0,
                        67,
                        9,
                        19,
                        0,
                        58,
                        5,
                        0,
                        1,
                        0,
                        0
                    ],
                    [
                        0,
                        0,
                        0,
                        0,
                        0,
                        0,
                        0,
                        395,
                        0,
                        0,
                        0
                    ],
                    [
                        0,
                        12,
                        11,
                        1,
                        0,
                        0,
                        0,
                        0,
                        8,
                        0,
                        0
                    ],
                    [
                        0,
                        2,
                        0,
                        0,
                        0,
                        0,
                        0,
                        0,
                        15,
                        7,
                        0
                    ],
                    [
                        0,
                        7,
                        25,
                        1,
                        0,
                        0,
                        0,
                        0,
                        0,
                        0,
                        0
                    ]
                ]
            },
            "Using Predicted Vulnerability Name": {
                "Per Class Metrics": {
                    "Accuracy": {
                        "CWE-22": 0.9956204379562044,