{
    "gemma2:9b": {
        "Dataset": "owasp",
        "Prompt Type": "simple",
        "Vulnerability Metrics": {
            "Accuracy": 0.5357664233576642,
            "Precision": 0.5268494179496808,
            "Recall": 0.9915194346289753,
            "F1-Score": 0.6880823933300637,
            "Youden Index": 0.04057603840256019,
            "ROC-AUC Score": 0.5202880192012801,
            "FPR": 0.9509433962264151,
            "FNR": 0.008480565371024734,
            "Specificity": 0.04905660377358491,
            "NPV": 0.8441558441558441,
            "FDR": 0.4731505820503192,
            "MCC": 0.12269443248471254,
            "Confusion Matrix": [
                [
                    65,
                    1260
                ],
                [
                    12,
                    1403
                ]
            ]
        },
        "Vulnerability Type Metrics": {
            "Using Predicted CWE": {
                "Per Class Metrics": {
                    "Accuracy": {
                        "CWE-22": 0.9021897810218978,
                        "CWE-78": 0.9131386861313868,
                        "CWE-79": 0.910948905109489,
                        "CWE-89": 0.9894160583941606,
                        "CWE-90": 0.9755474452554744,
                        "CWE-327": 0.9142335766423357,
                        "CWE-328": 0.9138686131386862,
                        "CWE-330": 0.9766423357664233,
                        "CWE-501": 0.954014598540146,
                        "CWE-614": 0.9755474452554744,
                        "CWE-643": 0.9872262773722628
                    },
                    "Precision": {
                        "CWE-22": 0.0,
                        "CWE-78": 0.5132924335378323,
                        "CWE-79": 0.6822107081174439,
                        "CWE-89": 0.9455909943714822,
                        "CWE-90": 0.0,
                        "CWE-327": 1.0,
                        "CWE-328": 0.0,
                        "CWE-330": 1.0,
                        "CWE-501": 0.0,
                        "CWE-614": 0.0,
                        "CWE-643": 0.0
                    },
                    "Recall": {
                        "CWE-22": 0.0,
                        "CWE-78": 1.0,
                        "CWE-79": 0.8681318681318682,
                        "CWE-89": 1.0,
                        "CWE-90": 0.0,
                        "CWE-327": 0.044715447154471545,
                        "CWE-328": 0.0,
                        "CWE-330": 0.8701825557809331,
                        "CWE-501": 0.0,
                        "CWE-614": 0.0,
                        "CWE-643": 0.0
                    },
                    "F1-Score": {
                        "CWE-22": 0.0,
                        "CWE-78": 0.6783783783783783,
                        "CWE-79": 0.7640232108317214,
                        "CWE-89": 0.9720347155255545,
                        "CWE-90": 0.0,
                        "CWE-327": 0.08560311284046693,
                        "CWE-328": 0.0,
                        "CWE-330": 0.93058568329718,
                        "CWE-501": 0.0,
                        "CWE-614": 0.0,
                        "CWE-643": 0.0
                    }
                },
                "Macro Precision": 0.37646310327515986,
                "Macro Recall": 0.34391180646066116,
                "Macro F1-Score": 0.31187500917030014,
                "Weighted Precision": 0.603948954078343,
                "Weighted Recall": 0.5802919708029197,
                "Weighted F1-Score": 0.5429365467702738,
                "MCC": 0.5577950846866636,
                "Cohen Kappa": 0.72199308478893,
                "Confusion Matrix": [
                    [
                        0,
                        96,
                        7,
                        0,
                        7,
                        0,
                        0,
                        0,
                        0,
                        0,
                        0
                    ],
                    [
                        0,
                        251,
                        0,
                        0,
                        0,
                        0,
                        0,
                        0,
                        0,
                        0,
                        0
                    ],
                    [
                        0,
                        0,
                        395,
                        0,
                        0,
                        0,
                        0,
                        0,
                        0,
                        0,
                        0
                    ],
                    [
                        0,
                        0,
                        0,
                        504,
                        0,
                        0,
                        0,
                        0,
                        0,
                        0,
                        0
                    ],
                    [
                        0,
                        4,
                        13,
                        9,
                        0,
                        0,
                        0,
                        0,
                        0,
                        0,
                        0
                    ],
                    [
                        0,
                        42,
                        15,
                        5,
                        0,
                        11,
                        0,
                        0,
                        0,
                        0,
                        0
                    ],
                    [
                        0,
                        55,
                        10,
                        9,
                        0,
                        0,
                        0,
                        0,
                        0,
                        0,
                        0
                    ],
                    [
                        0,
                        14,
                        8,
                        2,
                        0,
                        0,
                        0,
                        429,
                        0,
                        0,
                        0
                    ],
                    [
                        0,
                        5,
                        81,
                        3,
                        1,
                        0,
                        0,
                        0,
                        0,
                        0,
                        0
                    ],
                    [
                        0,
                        5,
                        48,
                        1,
                        0,
                        0,
                        0,
                        0,
                        0,
                        0,
                        0
                    ],
                    [
                        0,
                        17,
                        2,
                        0,
                        0,
                        0,
                        0,
                        0,
                        0,
                        0,
                        0
                    ]
                ]
            },
            "Using Predicted Vulnerability Name": {
                "Per Class Metrics": {
                    "Accuracy": {
                        "CWE-22": 0.9051094890510949,
                        "CWE-78": 0.9824817518248176,
                        "CWE-79": 0.766058394160584,
                        "CWE-89": 0.9562043795620438,
                        "CWE-90": 0.9795620437956204,