{
    "gemma2:9b": {
        "Dataset": "owasp",
        "Prompt Type": "few_shot",
        "Vulnerability Metrics": {
            "Accuracy": 0.5711678832116789,
            "Precision": 0.558027079303675,
            "Recall": 0.815547703180212,
            "F1-Score": 0.6626471432672983,
            "Youden Index": 0.12573638242549512,
            "ROC-AUC Score": 0.5628681912127476,
            "FPR": 0.689811320754717,
            "FNR": 0.18445229681978798,
            "Specificity": 0.31018867924528304,
            "NPV": 0.6116071428571429,
            "FDR": 0.44197292069632493,
            "MCC": 0.14604517599039,
            "Confusion Matrix": [
                [
                    411,
                    914
                ],
                [
                    261,
                    1154
                ]
            ]
        },
        "Vulnerability Type Metrics": {
            "Using Predicted CWE": {
                "Per Class Metrics": {
                    "Accuracy": {
                        "CWE-22": 0.9025547445255474,
                        "CWE-78": 0.964963503649635,
                        "CWE-79": 0.9357664233576642,
                        "CWE-89": 0.9215328467153284,
                        "CWE-90": 0.9766423357664233,
                        "CWE-327": 0.9102189781021898,
                        "CWE-328": 0.9138686131386862,
                        "CWE-330": 0.9072992700729927,
                        "CWE-501": 0.954014598540146,
                        "CWE-614": 0.9755474452554744,
                        "CWE-643": 0.9872262773722628
                    },
                    "Precision": {
                        "CWE-22": 1.0,
                        "CWE-78": 0.7272727272727273,
                        "CWE-79": 0.8163265306122449,
                        "CWE-89": 0.7049645390070922,
                        "CWE-90": 0.0,
                        "CWE-327": 0.0,
                        "CWE-328": 0.0,
                        "CWE-330": 1.0,
                        "CWE-501": 0.0,
                        "CWE-614": 0.0,
                        "CWE-643": 0.0
                    },
                    "Recall": {
                        "CWE-22": 0.0037313432835820895,
                        "CWE-78": 0.9880478087649402,
                        "CWE-79": 0.7912087912087912,
                        "CWE-89": 0.9861111111111112,
                        "CWE-90": 0.0,
                        "CWE-327": 0.0,
                        "CWE-328": 0.0,
                        "CWE-330": 0.4847870182555781,
                        "CWE-501": 0.0,
                        "CWE-614": 0.0,
                        "CWE-643": 0.0
                    },
                    "F1-Score": {
                        "CWE-22": 0.007434944237918215,
                        "CWE-78": 0.8378378378378378,
                        "CWE-79": 0.8035714285714286,
                        "CWE-89": 0.8221670802315963,
                        "CWE-90": 0.0,
                        "CWE-327": 0.0,
                        "CWE-328": 0.0,
                        "CWE-330": 0.6530054644808743,
                        "CWE-501": 0.0,
                        "CWE-614": 0.0,
                        "CWE-643": 0.0
                    }
                },
                "Macro Precision": 0.3862330724447331,
                "Macro Recall": 0.29580782478400025,
                "Macro F1-Score": 0.2840015232145141,
                "Weighted Precision": 0.6095898370925549,
                "Weighted Recall": 0.4908759124087591,
                "Weighted F1-Score": 0.47964188495578647,
                "MCC": 0.4827070760061115,
                "Cohen Kappa": 0.7143849371636124,
                "Confusion Matrix": [
                    [
                        1,
                        38,
                        4,
                        2,
                        4,
                        0,
                        0,
                        0,
                        0,
                        0,
                        0
                    ],
                    [
                        0,
                        248,
                        0,
                        0,
                        0,
                        0,
                        0,
                        0,
                        0,
                        0,
                        0
                    ],
                    [
                        0,
                        0,
                        360,
                        0,
                        0,
                        0,
                        0,
                        0,
                        0,
                        0,
                        0
                    ],
                    [
                        0,
                        0,
                        0,
                        497,
                        0,
                        0,
                        0,
                        0,
                        0,
                        0,
                        0
                    ],
                    [
                        0,
                        2,
                        1,
                        41,
                        0,
                        0,
                        0,
                        0,
                        0,
                        0,
                        0
                    ],
                    [
                        0,
                        12,
                        5,
                        25,
                        0,
                        0,
                        0,
                        0,
                        0,
                        0,
                        0
                    ],
                    [
                        0,
                        24,
                        10,
                        130,
                        0,
                        0,
                        0,
                        0,
                        0,
                        0,
                        0
                    ],
                    [
                        0,
                        4,
                        3,
                        1,
                        0,
                        0,
                        0,
                        239,
                        0,
                        0,
                        0
                    ],
                    [
                        0,
                        2,
                        39,
                        4,
                        0,
                        0,
                        0,
                        0,
                        0,
                        0,
                        0
                    ],
                    [
                        0,
                        1,
                        19,
                        1,
                        1,
                        0,
                        0,
                        0,
                        0,
                        0,
                        0
                    ],
                    [
                        0,
                        10,
                        0,
                        4,
                        0,
                        0,
                        0,
                        0,
                        0,
                        0,
                        0
                    ]
                ]
            },
            "Using Predicted Vulnerability Name": {
                "Per Class Metrics": {
                    "Accuracy": {
                        "CWE-22": 0.9645985401459855,
                        "CWE-78": 0.9956204379562044,
                        "CWE-79": 0.9354014598540146,
                        "CWE-89": 0.9237226277372262,
                        "CWE-90": 0.9784671532846715,