{
    "gemma2:9b": {
        "Dataset": "owasp",
        "Prompt Type": "chain_of_thought",
        "Vulnerability Metrics": {
            "Accuracy": 0.5463503649635036,
            "Precision": 0.5349309504467912,
            "Recall": 0.9307420494699646,
            "F1-Score": 0.6793912819190095,
            "Youden Index": 0.0665911060737383,
            "ROC-AUC Score": 0.533295553036869,
            "FPR": 0.8641509433962264,
            "FNR": 0.06925795053003533,
            "Specificity": 0.13584905660377358,
            "NPV": 0.6474820143884892,
            "FDR": 0.46506904955320877,
            "MCC": 0.11021379718788045,
            "Confusion Matrix": [
                [
                    180,
                    1145
                ],
                [
                    98,
                    1317
                ]
            ]
        },
        "Vulnerability Type Metrics": {
            "Using Predicted CWE": {
                "Per Class Metrics": {
                    "Accuracy": {
                        "CWE-22": 0.9021897810218978,
                        "CWE-78": 0.8989051094890511,
                        "CWE-79": 0.7047445255474453,
                        "CWE-89": 0.8894160583941606,
                        "CWE-90": 0.9766423357664233,
                        "CWE-327": 0.9102189781021898,
                        "CWE-328": 0.9138686131386862,
                        "CWE-330": 0.8244525547445255,
                        "CWE-501": 0.954014598540146,
                        "CWE-614": 0.9755474452554744,
                        "CWE-643": 0.9872262773722628
                    },
                    "Precision": {
                        "CWE-22": 0.0,
                        "CWE-78": 0.46596858638743455,
                        "CWE-79": 0.3226452905811623,
                        "CWE-89": 0.6245353159851301,
                        "CWE-90": 0.0,
                        "CWE-327": 0.0,
                        "CWE-328": 0.0,
                        "CWE-330": 1.0,
                        "CWE-501": 0.0,
                        "CWE-614": 0.0,
                        "CWE-643": 0.0
                    },
                    "Recall": {
                        "CWE-22": 0.0,
                        "CWE-78": 0.7091633466135459,
                        "CWE-79": 0.7076923076923077,
                        "CWE-89": 1.0,
                        "CWE-90": 0.0,
                        "CWE-327": 0.0,
                        "CWE-328": 0.0,
                        "CWE-330": 0.02434077079107505,
                        "CWE-501": 0.0,
                        "CWE-614": 0.0,
                        "CWE-643": 0.0
                    },
                    "F1-Score": {
                        "CWE-22": 0.0,
                        "CWE-78": 0.5624012638230648,
                        "CWE-79": 0.44322092222986925,
                        "CWE-89": 0.7688787185354691,
                        "CWE-90": 0.0,
                        "CWE-327": 0.0,
                        "CWE-328": 0.0,
                        "CWE-330": 0.047524752475247525,
                        "CWE-501": 0.0,
                        "CWE-614": 0.0,
                        "CWE-643": 0.0
                    }
                },
                "Macro Precision": 0.21937719935942973,
                "Macro Recall": 0.22192694773608446,
                "Macro F1-Score": 0.16563869609669551,
                "Weighted Precision": 0.39106843855991985,
                "Weighted Recall": 0.3708029197080292,
                "Weighted F1-Score": 0.2750995671337056,
                "MCC": 0.30594587504820864,
                "Cohen Kappa": 0.35102080271255676,
                "Confusion Matrix": [
                    [
                        0,
                        125,
                        17,
                        22,
                        5,
                        0,
                        0,
                        0,
                        0,
                        0,
                        0
                    ],
                    [
                        0,
                        178,
                        0,
                        58,
                        0,
                        0,
                        0,
                        0,
                        0,
                        0,
                        0
                    ],
                    [
                        0,
                        0,
                        322,
                        0,
                        0,
                        0,
                        0,
                        0,
                        0,
                        0,
                        0
                    ],
                    [
                        0,
                        0,
                        0,
                        504,
                        0,
                        0,
                        0,
                        0,
                        0,
                        0,
                        0
                    ],
                    [
                        0,
                        0,
                        5,
                        45,
                        0,
                        0,
                        0,
                        0,
                        0,
                        0,
                        0
                    ],
                    [
                        0,
                        8,
                        115,
                        48,
                        0,
                        0,
                        0,
                        0,
                        0,
                        0,
                        0
                    ],
                    [
                        0,
                        14,
                        62,
                        107,
                        0,
                        0,
                        0,
                        0,
                        0,
                        0,
                        0
                    ],
                    [
                        0,
                        38,
                        325,
                        5,
                        0,
                        0,
                        0,
                        12,
                        0,
                        0,
                        0
                    ],
                    [
                        0,
                        2,
                        86,
                        8,
                        0,
                        0,
                        0,
                        0,
                        0,
                        0,
                        0
                    ],
                    [
                        0,
                        2,
                        64,
                        0,
                        0,
                        0,
                        0,
                        0,
                        0,
                        0,
                        0
                    ],
                    [
                        0,
                        15,
                        2,
                        10,
                        0,
                        0,
                        0,
                        0,
                        0,
                        0,
                        0
                    ]
                ]
            },
            "Using Predicted Vulnerability Name": {
                "Per Class Metrics": {
                    "Accuracy": {
                        "CWE-22": 0.904014598540146,
                        "CWE-78": 0.9572992700729926,
                        "CWE-79": 0.6354014598540146,
                        "CWE-89": 0.8908759124087591,
                        "CWE-90": 0.9784671532846715,