{
    "deepcoder:14b": {
        "Dataset": "owasp",
        "Prompt Type": "vulnerability_specific",
        "Vulnerability Metrics": {
            "Accuracy": 0.7124087591240876,
            "Precision": 0.7166551485832757,
            "Recall": 0.7328621908127209,
            "F1-Score": 0.7246680642907058,
            "Youden Index": 0.42342822854856976,
            "ROC-AUC Score": 0.711714114274285,
            "FPR": 0.30943396226415093,
            "FNR": 0.26713780918727914,
            "Specificity": 0.690566037735849,
            "NPV": 0.7076566125290024,
            "FDR": 0.2833448514167243,
            "MCC": 0.42386976462127596,
            "Confusion Matrix": [
                [
                    915,
                    410
                ],
                [
                    378,
                    1037
                ]
            ]
        },
        "Vulnerability Type Metrics": {
            "Using Predicted CWE": {
                "Per Class Metrics": {
                    "Accuracy": {
                        "CWE-22": 0.9507299270072993,
                        "CWE-78": 0.9638686131386861,
                        "CWE-79": 0.9310218978102189,
                        "CWE-89": 0.9627737226277372,
                        "CWE-90": 0.9872262773722628,
                        "CWE-327": 0.9397810218978102,
                        "CWE-328": 0.9135036496350365,
                        "CWE-330": 0.8908759124087591,
                        "CWE-501": 0.9507299270072993,
                        "CWE-614": 0.9773722627737226,
                        "CWE-643": 0.9948905109489051
                    },
                    "Precision": {
                        "CWE-22": 0.7692307692307693,
                        "CWE-78": 0.975,
                        "CWE-79": 0.9523809523809523,
                        "CWE-89": 0.9950738916256158,
                        "CWE-90": 1.0,
                        "CWE-327": 0.8403361344537815,
                        "CWE-328": 0.0,
                        "CWE-330": 1.0,
                        "CWE-501": 0.32,
                        "CWE-614": 1.0,
                        "CWE-643": 0.9565217391304348
                    },
                    "Recall": {
                        "CWE-22": 0.7089552238805971,
                        "CWE-78": 0.6215139442231076,
                        "CWE-79": 0.6153846153846154,
                        "CWE-89": 0.8015873015873016,
                        "CWE-90": 0.4067796610169492,
                        "CWE-327": 0.4065040650406504,
                        "CWE-328": 0.0,
                        "CWE-330": 0.3935091277890467,
                        "CWE-501": 0.06349206349206349,
                        "CWE-614": 0.07462686567164178,
                        "CWE-643": 0.6285714285714286
                    },
                    "F1-Score": {
                        "CWE-22": 0.7378640776699029,
                        "CWE-78": 0.7591240875912408,
                        "CWE-79": 0.7476635514018691,
                        "CWE-89": 0.8879120879120879,
                        "CWE-90": 0.5783132530120482,
                        "CWE-327": 0.547945205479452,
                        "CWE-328": 0.0,
                        "CWE-330": 0.5647743813682679,
                        "CWE-501": 0.10596026490066225,
                        "CWE-614": 0.1388888888888889,
                        "CWE-643": 0.7586206896551724
                    }
                },
                "Macro Precision": 0.8007766806201413,
                "Macro Recall": 0.4291749360597637,
                "Macro F1-Score": 0.529733317079963,
                "Weighted Precision": 0.8340329820480603,
                "Weighted Recall": 0.5047445255474453,
                "Weighted F1-Score": 0.6104158294006059,
                "MCC": 0.5328221998148538,
                "Cohen Kappa": 0.9074806564378199,
                "Confusion Matrix": [
                    [
                        190,
                        0,
                        0,
                        0,
                        0,
                        0,
                        0,
                        0,
                        0,
                        0,
                        0
                    ],
                    [
                        6,
                        156,
                        0,
                        0,
                        0,
                        0,
                        0,
                        0,
                        1,
                        0,
                        0
                    ],
                    [
                        0,
                        1,
                        280,
                        0,
                        0,
                        0,
                        0,
                        0,
                        0,
                        0,
                        0
                    ],
                    [
                        1,
                        0,
                        0,
                        404,
                        0,
                        0,
                        0,
                        0,
                        0,
                        0,
                        0
                    ],
                    [
                        1,
                        2,
                        0,
                        2,
                        24,
                        0,
                        0,
                        0,
                        11,
                        0,
                        1
                    ],
                    [
                        16,
                        0,
                        0,
                        0,
                        0,
                        100,
                        0,
                        0,
                        0,
                        0,
                        0
                    ],
                    [
                        15,
                        0,
                        0,
                        0,
                        0,
                        4,
                        0,
                        0,
                        2,
                        0,
                        0
                    ],
                    [
                        12,
                        1,
                        14,
                        0,
                        0,
                        15,
                        1,
                        194,
                        2,
                        0,
                        0
                    ],
                    [
                        1,
                        0,
                        0,
                        0,
                        0,
                        0,
                        0,
                        0,
                        8,
                        0,
                        0
                    ],
                    [
                        5,
                        0,
                        0,
                        0,
                        0,
                        0,
                        0,
                        0,
                        1,
                        5,
                        0
                    ],
                    [
                        0,
                        0,
                        0,
                        0,
                        0,
                        0,
                        0,
                        0,
                        0,
                        0,
                        22
                    ]
                ]
            },
            "Using Predicted Vulnerability Name": {
                "Per Class Metrics": {
                    "Accuracy": {
                        "CWE-22": 0.9613138686131387,