{
    "deepcoder:14b": {
        "Dataset": "owasp",
        "Prompt Type": "simple",
        "Vulnerability Metrics": {
            "Accuracy": 0.7047445255474453,
            "Precision": 0.7003968253968254,
            "Recall": 0.7484098939929329,
            "F1-Score": 0.7236077895456099,
            "Youden Index": 0.40652310154010274,
            "ROC-AUC Score": 0.7032615507700514,
            "FPR": 0.3418867924528302,
            "FNR": 0.25159010600706716,
            "Specificity": 0.6581132075471698,
            "NPV": 0.7100977198697068,
            "FDR": 0.2996031746031746,
            "MCC": 0.4085039971738891,
            "Confusion Matrix": [
                [
                    872,
                    453
                ],
                [
                    356,
                    1059
                ]
            ]
        },
        "Vulnerability Type Metrics": {
            "Using Predicted CWE": {
                "Per Class Metrics": {
                    "Accuracy": {
                        "CWE-22": 0.9021897810218978,
                        "CWE-78": 0.9328467153284672,
                        "CWE-79": 0.9215328467153284,
                        "CWE-89": 0.9583941605839416,
                        "CWE-90": 0.9784671532846715,
                        "CWE-327": 0.9094890510948905,
                        "CWE-328": 0.9138686131386862,
                        "CWE-330": 0.9116788321167884,
                        "CWE-501": 0.954014598540146,
                        "CWE-614": 0.9755474452554744,
                        "CWE-643": 0.9872262773722628
                    },
                    "Precision": {
                        "CWE-22": 0.0,
                        "CWE-78": 1.0,
                        "CWE-79": 0.9761904761904762,
                        "CWE-89": 0.9974489795918368,
                        "CWE-90": 0.0,
                        "CWE-327": 0.4,
                        "CWE-328": 0.0,
                        "CWE-330": 0.9960474308300395,
                        "CWE-501": 0.0,
                        "CWE-614": 0.0,
                        "CWE-643": 0.0
                    },
                    "Recall": {
                        "CWE-22": 0.0,
                        "CWE-78": 0.26693227091633465,
                        "CWE-79": 0.5406593406593406,
                        "CWE-89": 0.7757936507936508,
                        "CWE-90": 0.0,
                        "CWE-327": 0.016260162601626018,
                        "CWE-328": 0.0,
                        "CWE-330": 0.5111561866125761,
                        "CWE-501": 0.0,
                        "CWE-614": 0.0,
                        "CWE-643": 0.0
                    },
                    "F1-Score": {
                        "CWE-22": 0.0,
                        "CWE-78": 0.42138364779874216,
                        "CWE-79": 0.695898161244696,
                        "CWE-89": 0.8727678571428571,
                        "CWE-90": 0.0,
                        "CWE-327": 0.03125,
                        "CWE-328": 0.0,
                        "CWE-330": 0.675603217158177,
                        "CWE-501": 0.0,
                        "CWE-614": 0.0,
                        "CWE-643": 0.0
                    }
                },
                "Macro Precision": 0.3972442624193047,
                "Macro Recall": 0.19189105559850256,
                "Macro F1-Score": 0.24517298939495202,
                "Weighted Precision": 0.6523110714526138,
                "Weighted Recall": 0.35036496350364965,
                "Weighted F1-Score": 0.43906417701562117,
                "MCC": 0.4201144632921053,
                "Cohen Kappa": 0.9794360755418088,
                "Confusion Matrix": [
                    [
                        0,
                        0,
                        0,
                        0,
                        0,
                        0,
                        0,
                        0,
                        0,
                        0,
                        0
                    ],
                    [
                        0,
                        67,
                        0,
                        0,
                        0,
                        0,
                        0,
                        0,
                        0,
                        0,
                        0
                    ],
                    [
                        0,
                        0,
                        246,
                        0,
                        0,
                        0,
                        0,
                        0,
                        0,
                        0,
                        0
                    ],
                    [
                        0,
                        0,
                        0,
                        391,
                        0,
                        0,
                        0,
                        0,
                        0,
                        0,
                        0
                    ],
                    [
                        0,
                        0,
                        0,
                        0,
                        0,
                        0,
                        0,
                        0,
                        0,
                        0,
                        0
                    ],
                    [
                        0,
                        0,
                        0,
                        0,
                        0,
                        4,
                        0,
                        0,
                        0,
                        0,
                        0
                    ],
                    [
                        0,
                        0,
                        0,
                        0,
                        0,
                        4,
                        0,
                        1,
                        0,
                        0,
                        0
                    ],
                    [
                        0,
                        0,
                        6,
                        0,
                        0,
                        2,
                        0,
                        252,
                        0,
                        0,
                        0
                    ],
                    [
                        0,
                        0,
                        0,
                        0,
                        0,
                        0,
                        0,
                        0,
                        0,
                        0,
                        0
                    ],
                    [
                        0,
                        0,
                        0,
                        0,
                        0,
                        0,
                        0,
                        0,
                        0,
                        0,
                        0
                    ],
                    [
                        0,
                        0,
                        0,
                        1,
                        0,
                        0,
                        0,
                        0,
                        0,
                        0,
                        0
                    ]
                ]
            },
            "Using Predicted Vulnerability Name": {
                "Per Class Metrics": {
                    "Accuracy": {
                        "CWE-22": 0.9525547445255474,
                        "CWE-78": 0.9317518248175183,
                        "CWE-79": 0.9218978102189781,
                        "CWE-89": 0.9335766423357664,
                        "CWE-90": 0.9886861313868613,