{
    "deepcoder:14b": {
        "Dataset": "owasp",
        "Prompt Type": "few_shot",
        "Vulnerability Metrics": {
            "Accuracy": 0.6784671532846716,
            "Precision": 0.7552581261950286,
            "Recall": 0.558303886925795,
            "F1-Score": 0.642015440877692,
            "Youden Index": 0.36509633975598366,
            "ROC-AUC Score": 0.6825481698779918,
            "FPR": 0.1932075471698113,
            "FNR": 0.4416961130742049,
            "Specificity": 0.8067924528301886,
            "NPV": 0.6310507674144038,
            "FDR": 0.2447418738049713,
            "MCC": 0.3755528765327028,
            "Confusion Matrix": [
                [
                    1069,
                    256
                ],
                [
                    625,
                    790
                ]
            ]
        },
        "Vulnerability Type Metrics": {
            "Using Predicted CWE": {
                "Per Class Metrics": {
                    "Accuracy": {
                        "CWE-22": 0.9029197080291971,
                        "CWE-78": 0.9295620437956205,
                        "CWE-79": 0.916058394160584,
                        "CWE-89": 0.9423357664233577,
                        "CWE-90": 0.9795620437956204,
                        "CWE-327": 0.9102189781021898,
                        "CWE-328": 0.9138686131386862,
                        "CWE-330": 0.8332116788321168,
                        "CWE-501": 0.954014598540146,
                        "CWE-614": 0.9755474452554744,
                        "CWE-643": 0.987956204379562
                    },
                    "Precision": {
                        "CWE-22": 1.0,
                        "CWE-78": 1.0,
                        "CWE-79": 0.987012987012987,
                        "CWE-89": 0.9650537634408602,
                        "CWE-90": 1.0,
                        "CWE-327": 0.0,
                        "CWE-328": 0.0,
                        "CWE-330": 1.0,
                        "CWE-501": 0.0,
                        "CWE-614": 0.0,
                        "CWE-643": 0.75
                    },
                    "Recall": {
                        "CWE-22": 0.007462686567164179,
                        "CWE-78": 0.23107569721115537,
                        "CWE-79": 0.5010989010989011,
                        "CWE-89": 0.7123015873015873,
                        "CWE-90": 0.05084745762711865,
                        "CWE-327": 0.0,
                        "CWE-328": 0.0,
                        "CWE-330": 0.07302231237322515,
                        "CWE-501": 0.0,
                        "CWE-614": 0.0,
                        "CWE-643": 0.08571428571428572
                    },
                    "F1-Score": {
                        "CWE-22": 0.014814814814814815,
                        "CWE-78": 0.37540453074433655,
                        "CWE-79": 0.6647230320699709,
                        "CWE-89": 0.819634703196347,
                        "CWE-90": 0.0967741935483871,
                        "CWE-327": 0.0,
                        "CWE-328": 0.0,
                        "CWE-330": 0.13610586011342155,
                        "CWE-501": 0.0,
                        "CWE-614": 0.0,
                        "CWE-643": 0.15384615384615385
                    }
                },
                "Macro Precision": 0.6092787954958042,
                "Macro Recall": 0.1510475388994034,
                "Macro F1-Score": 0.20557302621213014,
                "Weighted Precision": 0.7418715349872638,
                "Weighted Recall": 0.2514598540145985,
                "Weighted F1-Score": 0.32552418227367935,
                "MCC": 0.34319166450607963,
                "Cohen Kappa": 0.960942686435052,
                "Confusion Matrix": [
                    [
                        2,
                        0,
                        0,
                        0,
                        0,
                        0,
                        0,
                        0,
                        0,
                        0,
                        1
                    ],
                    [
                        0,
                        58,
                        0,
                        2,
                        0,
                        0,
                        0,
                        0,
                        0,
                        0,
                        0
                    ],
                    [
                        0,
                        0,
                        228,
                        0,
                        0,
                        0,
                        0,
                        0,
                        0,
                        0,
                        0
                    ],
                    [
                        0,
                        0,
                        0,
                        359,
                        0,
                        0,
                        0,
                        0,
                        0,
                        0,
                        0
                    ],
                    [
                        0,
                        0,
                        0,
                        3,
                        3,
                        0,
                        0,
                        0,
                        0,
                        0,
                        0
                    ],
                    [
                        0,
                        0,
                        0,
                        3,
                        0,
                        0,
                        0,
                        0,
                        0,
                        0,
                        0
                    ],
                    [
                        0,
                        0,
                        0,
                        3,
                        0,
                        0,
                        0,
                        0,
                        0,
                        0,
                        0
                    ],
                    [
                        0,
                        0,
                        3,
                        0,
                        0,
                        0,
                        0,
                        36,
                        0,
                        0,
                        0
                    ],
                    [
                        0,
                        0,
                        0,
                        0,
                        0,
                        0,
                        0,
                        0,
                        0,
                        0,
                        0
                    ],
                    [
                        0,
                        0,
                        0,
                        0,
                        0,
                        0,
                        0,
                        0,
                        0,
                        0,
                        0
                    ],
                    [
                        0,
                        0,
                        0,
                        2,
                        0,
                        0,
                        0,
                        0,
                        0,
                        0,
                        3
                    ]
                ]
            },
            "Using Predicted Vulnerability Name": {
                "Per Class Metrics": {
                    "Accuracy": {
                        "CWE-22": 0.9547445255474453,
                        "CWE-78": 0.9332116788321168,
                        "CWE-79": 0.9156934306569343,
                        "CWE-89": 0.9445255474452555,