{
    "deepcoder:14b": {
        "Dataset": "owasp",
        "Prompt Type": "chain_of_thought",
        "Vulnerability Metrics": {
            "Accuracy": 0.6985401459854015,
            "Precision": 0.7212622088655146,
            "Recall": 0.6784452296819788,
            "F1-Score": 0.6991988346686089,
            "Youden Index": 0.39844522968197893,
            "ROC-AUC Score": 0.6992226148409894,
            "FPR": 0.28,
            "FNR": 0.3215547703180212,
            "Specificity": 0.72,
            "NPV": 0.6770759403832506,
            "FDR": 0.2787377911344853,
            "MCC": 0.39839168586771306,
            "Confusion Matrix": [
                [
                    954,
                    371
                ],
                [
                    455,
                    960
                ]
            ]
        },
        "Vulnerability Type Metrics": {
            "Using Predicted CWE": {
                "Per Class Metrics": {
                    "Accuracy": {
                        "CWE-22": 0.9014598540145985,
                        "CWE-78": 0.9423357664233577,
                        "CWE-79": 0.9259124087591241,
                        "CWE-89": 0.9536496350364964,
                        "CWE-90": 0.9784671532846715,
                        "CWE-327": 0.9116788321167884,
                        "CWE-328": 0.9138686131386862,
                        "CWE-330": 0.852919708029197,
                        "CWE-501": 0.954014598540146,
                        "CWE-614": 0.9755474452554744,
                        "CWE-643": 0.9872262773722628
                    },
                    "Precision": {
                        "CWE-22": 0.0,
                        "CWE-78": 0.979381443298969,
                        "CWE-79": 0.95,
                        "CWE-89": 0.994750656167979,
                        "CWE-90": 0.0,
                        "CWE-327": 0.8333333333333334,
                        "CWE-328": 0.0,
                        "CWE-330": 1.0,
                        "CWE-501": 0.0,
                        "CWE-614": 0.0,
                        "CWE-643": 0.0
                    },
                    "Recall": {
                        "CWE-22": 0.0,
                        "CWE-78": 0.3784860557768924,
                        "CWE-79": 0.5846153846153846,
                        "CWE-89": 0.751984126984127,
                        "CWE-90": 0.0,
                        "CWE-327": 0.02032520325203252,
                        "CWE-328": 0.0,
                        "CWE-330": 0.18255578093306288,
                        "CWE-501": 0.0,
                        "CWE-614": 0.0,
                        "CWE-643": 0.0
                    },
                    "F1-Score": {
                        "CWE-22": 0.0,
                        "CWE-78": 0.5459770114942529,
                        "CWE-79": 0.7238095238095238,
                        "CWE-89": 0.8564971751412429,
                        "CWE-90": 0.0,
                        "CWE-327": 0.03968253968253968,
                        "CWE-328": 0.0,
                        "CWE-330": 0.30874785591766724,
                        "CWE-501": 0.0,
                        "CWE-614": 0.0,
                        "CWE-643": 0.0
                    }
                },
                "Macro Precision": 0.43249685752729833,
                "Macro Recall": 0.17436059559649997,
                "Macro F1-Score": 0.22497400964047512,
                "Weighted Precision": 0.6851930923272638,
                "Weighted Recall": 0.30474452554744524,
                "Weighted F1-Score": 0.3868696121236831,
                "MCC": 0.3852741461546843,
                "Cohen Kappa": 0.9636888097056079,
                "Confusion Matrix": [
                    [
                        0,
                        0,
                        0,
                        0,
                        0,
                        0,
                        0,
                        0,
                        0,
                        0,
                        0
                    ],
                    [
                        0,
                        95,
                        0,
                        0,
                        0,
                        0,
                        0,
                        0,
                        0,
                        0,
                        0
                    ],
                    [
                        0,
                        0,
                        266,
                        0,
                        0,
                        0,
                        0,
                        0,
                        0,
                        0,
                        0
                    ],
                    [
                        0,
                        0,
                        0,
                        379,
                        0,
                        0,
                        0,
                        0,
                        0,
                        0,
                        0
                    ],
                    [
                        0,
                        0,
                        0,
                        0,
                        0,
                        0,
                        0,
                        0,
                        0,
                        0,
                        0
                    ],
                    [
                        1,
                        1,
                        0,
                        1,
                        0,
                        5,
                        0,
                        0,
                        0,
                        0,
                        0
                    ],
                    [
                        1,
                        0,
                        0,
                        0,
                        0,
                        0,
                        0,
                        0,
                        0,
                        0,
                        0
                    ],
                    [
                        0,
                        1,
                        14,
                        0,
                        0,
                        1,
                        0,
                        90,
                        0,
                        0,
                        0
                    ],
                    [
                        0,
                        0,
                        0,
                        1,
                        0,
                        0,
                        0,
                        0,
                        0,
                        0,
                        0
                    ],
                    [
                        0,
                        0,
                        0,
                        0,
                        0,
                        0,
                        0,
                        0,
                        0,
                        0,
                        0
                    ],
                    [
                        0,
                        0,
                        0,
                        0,
                        0,
                        0,
                        0,
                        0,
                        0,
                        0,
                        0
                    ]
                ]
            },
            "Using Predicted Vulnerability Name": {
                "Per Class Metrics": {
                    "Accuracy": {
                        "CWE-22": 0.9521897810218978,
                        "CWE-78": 0.9375912408759124,
                        "CWE-79": 0.9251824817518248,
                        "CWE-89": 0.9317518248175183,
                        "CWE-90": 0.9850364963503649,