{
    "psyche/Meta-Llama-3-70B-Instruct-awq": {
        "Vulnerability Metrics": {
            "Accuracy": 0.5255474452554745,
            "Precision": 0.5075757575757576,
            "Recall": 1.0,
            "F1-Score": 0.6733668341708543,
            "ROC-AUC Score": 0.5357142857142857,
            "Confusion Matrix": [
                [
                    5,
                    65
                ],
                [
                    0,
                    67
                ]
            ],
            "FPR": 0.9285714285714286,
            "FNR": 0.0,
            "Specificity": 0.07142857142857142,
            "NPV": 1.0,
            "FDR": 0.49242424242424243,
            "MCC": 0.1904085377692168
        },
        "Vulnerability Type Metrics": {
            "Using Predicted CWE": {
                "Per Class Metrics": {
                    "Accuracy": {
                        "CWE-78": 1.0,
                        "CWE-89": 1.0,
                        "CWE-330": 0.9562043795620438,
                        "CWE-22": 1.0,
                        "CWE-328": 0.9562043795620438,
                        "CWE-79": 0.9781021897810219,
                        "CWE-501": 0.9854014598540146,
                        "CWE-327": 0.9343065693430657,
                        "CWE-614": 0.9781021897810219,
                        "CWE-90": 1.0,
                        "CWE-643": 1.0
                    },
                    "Precision": {
                        "CWE-78": 1.0,
                        "CWE-89": 1.0,
                        "CWE-330": 0.8275862068965517,
                        "CWE-22": 1.0,
                        "CWE-328": 0.7142857142857143,
                        "CWE-79": 0.9545454545454546,
                        "CWE-501": 1.0,
                        "CWE-327": 1.0,
                        "CWE-614": 0.5,
                        "CWE-90": 1.0,
                        "CWE-643": 1.0
                    },
                    "Recall": {
                        "CWE-78": 1.0,
                        "CWE-89": 1.0,
                        "CWE-330": 0.96,
                        "CWE-22": 1.0,
                        "CWE-328": 0.8333333333333334,
                        "CWE-79": 0.9130434782608695,
                        "CWE-501": 0.6666666666666666,
                        "CWE-327": 0.25,
                        "CWE-614": 0.6666666666666666,
                        "CWE-90": 1.0,
                        "CWE-643": 1.0
                    },
                    "F1-Score": {
                        "CWE-78": 1.0,
                        "CWE-89": 1.0,
                        "CWE-330": 0.8888888888888888,
                        "CWE-22": 1.0,
                        "CWE-328": 0.7692307692307693,
                        "CWE-79": 0.9333333333333333,
                        "CWE-501": 0.8,
                        "CWE-327": 0.4,
                        "CWE-614": 0.5714285714285714,
                        "CWE-90": 1.0,
                        "CWE-643": 1.0
                    }
                },
                "Macro Precision": 0.9087652159752473,
                "Macro Recall": 0.8445191040843215,
                "Macro F1-Score": 0.8511710511710512,
                "Weighted Precision": 0.9249315999882324,
                "Weighted Recall": 0.8759124087591241,
                "Weighted F1-Score": 0.8776200279849915,
                "MCC": 0.8607939339711482,
                "Cohen Kappa": 0.8948067472439899,
                "Confusion Matrix": [
                    [
                        13,
                        0,
                        0,
                        0,
                        0,
                        0,
                        0,
                        0,
                        0,
                        0,
                        0
                    ],
                    [
                        0,
                        25,
                        0,
                        0,
                        0,
                        0,
                        0,
                        0,
                        0,
                        0,
                        0
                    ],
                    [
                        0,
                        0,
                        24,
                        0,
                        0,
                        0,
                        0,
                        0,
                        0,
                        0,
                        0
                    ],
                    [
                        0,
                        0,
                        0,
                        13,
                        0,
                        0,
                        0,
                        0,
                        0,
                        0,
                        0
                    ],
                    [
                        0,
                        0,
                        0,
                        0,
                        10,
                        1,
                        0,
                        0,
                        1,
                        0,
                        0
                    ],
                    [
                        0,
                        0,
                        0,
                        0,
                        0,
                        21,
                        0,
                        0,
                        0,
                        0,
                        0
                    ],
                    [
                        0,
                        0,
                        0,
                        0,
                        0,
                        0,
                        4,
                        0,
                        1,
                        0,
                        0
                    ],
                    [
                        0,
                        0,
                        5,
                        0,
                        4,
                        0,
                        0,
                        3,
                        0,
                        0,
                        0
                    ],
                    [
                        0,
                        0,
                        0,
                        0,
                        0,
                        0,
                        0,
                        0,
                        2,
                        0,
                        0
                    ],
                    [
                        0,
                        0,
                        0,
                        0,
                        0,
                        0,
                        0,
                        0,
                        0,
                        3,
                        0
                    ],
                    [
                        0,
                        0,
                        0,
                        0,
                        0,
                        0,
                        0,
                        0,
                        0,
                        0,
                        2
                    ]
                ]
            },
            "Using Predicted Vulnerability Name": {
                "Per Class Metrics": {
                    "Accuracy": {
                        "CWE-78": 1.0,
                        "CWE-89": 0.8175182481751825,
                        "CWE-330": 0.9197080291970803,
                        "CWE-22": 1.0,
                        "CWE-328": 0.9562043795620438,
                        "CWE-79": 0.7956204379562044,
                        "CWE-501": 0.9854014598540146,
                        "CWE-327": 0.9124087591240876,
                        "CWE-614": 0.9781021897810219,
                        "CWE-90": 1.0,