{
    "psyche/Meta-Llama-3-70B-Instruct-awq": {
        "Vulnerability Metrics": {
            "Accuracy": 0.5182481751824818,
            "Precision": 0.5037593984962406,
            "Recall": 1.0,
            "F1-Score": 0.67,
            "ROC-AUC Score": 0.5285714285714286,
            "Confusion Matrix": [
                [
                    4,
                    66
                ],
                [
                    0,
                    67
                ]
            ],
            "FPR": 0.9428571428571428,
            "FNR": 0.0,
            "Specificity": 0.05714285714285714,
            "NPV": 1.0,
            "FDR": 0.49624060150375937,
            "MCC": 0.16966511527901756
        },
        "Vulnerability Type Metrics": {
            "Using Predicted CWE": "Not Evaluated",
            "Using Predicted Vulnerability Name": {
                "Per Class Metrics": {
                    "Accuracy": {
                        "CWE-78": 1.0,
                        "CWE-89": 1.0,
                        "CWE-330": 0.8175182481751825,
                        "CWE-22": 0.9927007299270073,
                        "CWE-328": 0.9124087591240876,
                        "CWE-79": 0.948905109489051,
                        "CWE-501": 0.9562043795620438,
                        "CWE-327": 0.9124087591240876,
                        "CWE-614": 0.9781021897810219,
                        "CWE-90": 1.0,
                        "CWE-643": 1.0
                    },
                    "Precision": {
                        "CWE-78": 1.0,
                        "CWE-89": 1.0,
                        "CWE-330": 0.0,
                        "CWE-22": 0.9285714285714286,
                        "CWE-328": 0.0,
                        "CWE-79": 0.8636363636363636,
                        "CWE-501": 0.0,
                        "CWE-327": 0.0,
                        "CWE-614": 0.0,
                        "CWE-90": 1.0,
                        "CWE-643": 1.0
                    },
                    "Recall": {
                        "CWE-78": 1.0,
                        "CWE-89": 1.0,
                        "CWE-330": 0.0,
                        "CWE-22": 1.0,
                        "CWE-328": 0.0,
                        "CWE-79": 0.8260869565217391,
                        "CWE-501": 0.0,
                        "CWE-327": 0.0,
                        "CWE-614": 0.0,
                        "CWE-90": 1.0,
                        "CWE-643": 1.0
                    },
                    "F1-Score": {
                        "CWE-78": 1.0,
                        "CWE-89": 1.0,
                        "CWE-330": 0.0,
                        "CWE-22": 0.9629629629629629,
                        "CWE-328": 0.0,
                        "CWE-79": 0.8444444444444444,
                        "CWE-501": 0.0,
                        "CWE-327": 0.0,
                        "CWE-614": 0.0,
                        "CWE-90": 1.0,
                        "CWE-643": 1.0
                    }
                },
                "Macro Precision": 0.5265643447461629,
                "Macro Recall": 0.5296442687747036,
                "Macro F1-Score": 0.5279461279461279,
                "Weighted Precision": 0.5469712768982842,
                "Weighted Recall": 0.5474452554744526,
                "Weighted F1-Score": 0.5470127061367936,
                "MCC": 0.5828172278088853,
                "Cohen Kappa": 0.9346297062474141,
                "Confusion Matrix": [
                    [
                        13,
                        0,
                        0,
                        0,
                        0,
                        0,
                        0,
                        0,
                        0,
                        0,
                        0
                    ],
                    [
                        0,
                        25,
                        0,
                        0,
                        0,
                        0,
                        0,
                        0,
                        0,
                        0,
                        0
                    ],
                    [
                        0,
                        0,
                        0,
                        0,
                        0,
                        0,
                        0,
                        0,
                        0,
                        0,
                        0
                    ],
                    [
                        0,
                        0,
                        0,
                        13,
                        0,
                        0,
                        0,
                        0,
                        0,
                        0,
                        0
                    ],
                    [
                        0,
                        0,
                        0,
                        1,
                        0,
                        0,
                        0,
                        0,
                        0,
                        0,
                        0
                    ],
                    [
                        0,
                        0,
                        0,
                        0,
                        0,
                        19,
                        0,
                        0,
                        0,
                        0,
                        0
                    ],
                    [
                        0,
                        0,
                        0,
                        0,
                        0,
                        2,
                        0,
                        0,
                        0,
                        0,
                        0
                    ],
                    [
                        0,
                        0,
                        0,
                        0,
                        0,
                        0,
                        0,
                        0,
                        0,
                        0,
                        0
                    ],
                    [
                        0,
                        0,
                        0,
                        0,
                        0,
                        1,
                        0,
                        0,
                        0,
                        0,
                        0
                    ],
                    [
                        0,
                        0,
                        0,
                        0,
                        0,
                        0,
                        0,
                        0,
                        0,
                        3,
                        0
                    ],
                    [
                        0,
                        0,
                        0,
                        0,
                        0,
                        0,
                        0,
                        0,
                        0,
                        0,
                        2
                    ]
                ]
            }
        }
    }
}