{
    "psyche/Meta-Llama-3-70B-Instruct-awq": {
        "Vulnerability Metrics": {
            "Accuracy": 0.5328467153284672,
            "Precision": 0.5114503816793893,
            "Recall": 1.0,
            "F1-Score": 0.6767676767676768,
            "ROC-AUC Score": 0.5428571428571429,
            "Confusion Matrix": [
                [
                    6,
                    64
                ],
                [
                    0,
                    67
                ]
            ],
            "FPR": 0.9142857142857143,
            "FNR": 0.0,
            "Specificity": 0.08571428571428572,
            "NPV": 1.0,
            "FDR": 0.48854961832061067,
            "MCC": 0.2093767039189118
        },
        "Vulnerability Type Metrics": {
            "Using Predicted CWE": {
                "Per Class Metrics": {
                    "Accuracy": {
                        "CWE-78": 1.0,
                        "CWE-89": 0.948905109489051,
                        "CWE-330": 0.9927007299270073,
                        "CWE-22": 0.9781021897810219,
                        "CWE-328": 0.9124087591240876,
                        "CWE-79": 0.8029197080291971,
                        "CWE-501": 0.9562043795620438,
                        "CWE-327": 0.9124087591240876,
                        "CWE-614": 0.9781021897810219,
                        "CWE-90": 0.9854014598540146,
                        "CWE-643": 0.9854014598540146
                    },
                    "Precision": {
                        "CWE-78": 1.0,
                        "CWE-89": 0.78125,
                        "CWE-330": 1.0,
                        "CWE-22": 1.0,
                        "CWE-328": 0.0,
                        "CWE-79": 0.0,
                        "CWE-501": 0.0,
                        "CWE-327": 0.0,
                        "CWE-614": 0.0,
                        "CWE-90": 1.0,
                        "CWE-643": 0.0
                    },
                    "Recall": {
                        "CWE-78": 1.0,
                        "CWE-89": 1.0,
                        "CWE-330": 0.96,
                        "CWE-22": 0.7692307692307693,
                        "CWE-328": 0.0,
                        "CWE-79": 0.0,
                        "CWE-501": 0.0,
                        "CWE-327": 0.0,
                        "CWE-614": 0.0,
                        "CWE-90": 0.3333333333333333,
                        "CWE-643": 0.0
                    },
                    "F1-Score": {
                        "CWE-78": 1.0,
                        "CWE-89": 0.8771929824561403,
                        "CWE-330": 0.9795918367346939,
                        "CWE-22": 0.8695652173913043,
                        "CWE-328": 0.0,
                        "CWE-79": 0.0,
                        "CWE-501": 0.0,
                        "CWE-327": 0.0,
                        "CWE-614": 0.0,
                        "CWE-90": 0.5,
                        "CWE-643": 0.0
                    }
                },
                "Macro Precision": 0.4346590909090909,
                "Macro Recall": 0.3693240093240093,
                "Macro F1-Score": 0.3842136396892853,
                "Weighted Precision": 0.5367244525547445,
                "Weighted Recall": 0.5328467153284672,
                "Weighted F1-Score": 0.5271822504077213,
                "MCC": 0.5049867895346911,
                "Cohen Kappa": 0.8291420118343196,
                "Confusion Matrix": [
                    [
                        13,
                        0,
                        0,
                        0,
                        0,
                        0,
                        0,
                        0,
                        0,
                        0,
                        0
                    ],
                    [
                        0,
                        25,
                        0,
                        0,
                        0,
                        0,
                        0,
                        0,
                        0,
                        0,
                        0
                    ],
                    [
                        0,
                        0,
                        24,
                        0,
                        0,
                        0,
                        0,
                        0,
                        0,
                        0,
                        0
                    ],
                    [
                        0,
                        0,
                        0,
                        10,
                        0,
                        0,
                        0,
                        0,
                        0,
                        0,
                        0
                    ],
                    [
                        0,
                        5,
                        0,
                        0,
                        0,
                        2,
                        0,
                        0,
                        0,
                        0,
                        0
                    ],
                    [
                        0,
                        0,
                        0,
                        0,
                        0,
                        0,
                        0,
                        0,
                        0,
                        0,
                        0
                    ],
                    [
                        0,
                        0,
                        0,
                        0,
                        0,
                        0,
                        0,
                        0,
                        0,
                        0,
                        0
                    ],
                    [
                        0,
                        0,
                        0,
                        0,
                        0,
                        0,
                        0,
                        0,
                        0,
                        0,
                        0
                    ],
                    [
                        0,
                        0,
                        0,
                        0,
                        0,
                        0,
                        0,
                        0,
                        0,
                        0,
                        0
                    ],
                    [
                        0,
                        2,
                        0,
                        0,
                        0,
                        0,
                        0,
                        0,
                        0,
                        1,
                        0
                    ],
                    [
                        0,
                        0,
                        0,
                        0,
                        0,
                        2,
                        0,
                        0,
                        0,
                        0,
                        0
                    ]
                ]
            },
            "Using Predicted Vulnerability Name": {
                "Per Class Metrics": {
                    "Accuracy": {
                        "CWE-78": 1.0,
                        "CWE-89": 0.8175182481751825,
                        "CWE-330": 0.8175182481751825,
                        "CWE-22": 0.9051094890510949,
                        "CWE-328": 0.9124087591240876,
                        "CWE-79": 0.6715328467153284,
                        "CWE-501": 0.9562043795620438,
                        "CWE-327": 0.9124087591240876,
                        "CWE-614": 0.9781021897810219,
                        "CWE-90": 0.9781021897810219,