{
    "mistral-nemo:12b": {
        "Dataset": "owasp",
        "Prompt Type": "few_shot",
        "Vulnerability Metrics": {
            "Accuracy": 0.5678832116788322,
            "Precision": 0.5646334639059877,
            "Recall": 0.7130742049469965,
            "F1-Score": 0.6302311055590256,
            "Youden Index": 0.12590439362624162,
            "ROC-AUC Score": 0.5629521968131208,
            "FPR": 0.5871698113207547,
            "FNR": 0.28692579505300353,
            "Specificity": 0.41283018867924526,
            "NPV": 0.5739769150052466,
            "FDR": 0.4353665360940123,
            "MCC": 0.13210471493146095,
            "Confusion Matrix": [
                [
                    547,
                    778
                ],
                [
                    406,
                    1009
                ]
            ]
        },
        "Vulnerability Type Metrics": {
            "Using Predicted CWE": {
                "Per Class Metrics": {
                    "Accuracy": {
                        "CWE-22": 0.9503649635036496,
                        "CWE-78": 1.0,
                        "CWE-79": 0.9569343065693431,
                        "CWE-89": 0.9813868613138687,
                        "CWE-90": 0.9901459854014598,
                        "CWE-327": 0.9164233576642336,
                        "CWE-328": 0.9138686131386862,
                        "CWE-330": 0.8204379562043795,
                        "CWE-501": 0.954014598540146,
                        "CWE-614": 0.9781021897810219,
                        "CWE-643": 0.9872262773722628
                    },
                    "Precision": {
                        "CWE-22": 1.0,
                        "CWE-78": 1.0,
                        "CWE-79": 1.0,
                        "CWE-89": 0.9347408829174664,
                        "CWE-90": 0.9705882352941176,
                        "CWE-327": 1.0,
                        "CWE-328": 0.0,
                        "CWE-330": 1.0,
                        "CWE-501": 0.0,
                        "CWE-614": 1.0,
                        "CWE-643": 0.0
                    },
                    "Recall": {
                        "CWE-22": 0.4925373134328358,
                        "CWE-78": 1.0,
                        "CWE-79": 0.7406593406593407,
                        "CWE-89": 0.9662698412698413,
                        "CWE-90": 0.559322033898305,
                        "CWE-327": 0.06910569105691057,
                        "CWE-328": 0.0,
                        "CWE-330": 0.002028397565922921,
                        "CWE-501": 0.0,
                        "CWE-614": 0.1044776119402985,
                        "CWE-643": 0.0
                    },
                    "F1-Score": {
                        "CWE-22": 0.66,
                        "CWE-78": 1.0,
                        "CWE-79": 0.851010101010101,
                        "CWE-89": 0.9502439024390243,
                        "CWE-90": 0.7096774193548387,
                        "CWE-327": 0.12927756653992395,
                        "CWE-328": 0.0,
                        "CWE-330": 0.004048582995951417,
                        "CWE-501": 0.0,
                        "CWE-614": 0.1891891891891892,
                        "CWE-643": 0.0
                    }
                },
                "Macro Precision": 0.7186662834737804,
                "Macro Recall": 0.3576727481657686,
                "Macro F1-Score": 0.4084951601390027,
                "Weighted Precision": 0.8424723032382322,
                "Weighted Recall": 0.46167883211678834,
                "Weighted F1-Score": 0.5045099996322266,
                "MCC": 0.5171469310012776,
                "Cohen Kappa": 0.9633134634751261,
                "Confusion Matrix": [
                    [
                        132,
                        0,
                        0,
                        2,
                        1,
                        0,
                        0,
                        0,
                        0,
                        0,
                        0
                    ],
                    [
                        0,
                        251,
                        0,
                        0,
                        0,
                        0,
                        0,
                        0,
                        0,
                        0,
                        0
                    ],
                    [
                        0,
                        0,
                        337,
                        0,
                        0,
                        0,
                        0,
                        0,
                        0,
                        0,
                        0
                    ],
                    [
                        0,
                        0,
                        0,
                        487,
                        0,
                        0,
                        0,
                        0,
                        0,
                        0,
                        0
                    ],
                    [
                        0,
                        0,
                        0,
                        4,
                        33,
                        0,
                        0,
                        0,
                        0,
                        0,
                        0
                    ],
                    [
                        0,
                        0,
                        0,
                        2,
                        0,
                        17,
                        0,
                        0,
                        0,
                        0,
                        0
                    ],
                    [
                        0,
                        0,
                        0,
                        5,
                        0,
                        0,
                        0,
                        0,
                        0,
                        0,
                        0
                    ],
                    [
                        0,
                        0,
                        0,
                        15,
                        0,
                        0,
                        0,
                        1,
                        0,
                        0,
                        0
                    ],
                    [
                        0,
                        0,
                        0,
                        5,
                        0,
                        0,
                        0,
                        0,
                        0,
                        0,
                        0
                    ],
                    [
                        0,
                        0,
                        0,
                        0,
                        0,
                        0,
                        0,
                        0,
                        0,
                        7,
                        0
                    ],
                    [
                        0,
                        0,
                        0,
                        1,
                        0,
                        0,
                        0,
                        0,
                        0,
                        0,
                        0
                    ]
                ]
            },
            "Using Predicted Vulnerability Name": {
                "Per Class Metrics": {
                    "Accuracy": {
                        "CWE-22": 0.9645985401459855,
                        "CWE-78": 1.0,
                        "CWE-79": 0.9507299270072993,
                        "CWE-89": 0.9813868613138687,
                        "CWE-90": 0.9886861313868613,