{
    "mistral-nemo:12b": {
        "Dataset": "owasp",
        "Prompt Type": "vulnerability_specific_self_reflection",
        "Vulnerability Metrics": {
            "Accuracy": 0.5416058394160584,
            "Precision": 0.5551700208188758,
            "Recall": 0.5653710247349824,
            "F1-Score": 0.5602240896358543,
            "Youden Index": 0.081597439829322,
            "ROC-AUC Score": 0.540798719914661,
            "FPR": 0.48377358490566036,
            "FNR": 0.43462897526501765,
            "Specificity": 0.5162264150943396,
            "NPV": 0.5265588914549654,
            "FDR": 0.4448299791811242,
            "MCC": 0.08166314959380813,
            "Confusion Matrix": [
                [
                    684,
                    641
                ],
                [
                    615,
                    800
                ]
            ]
        },
        "Vulnerability Type Metrics": {
            "Using Predicted CWE": {
                "Per Class Metrics": {
                    "Accuracy": {
                        "CWE-22": 0.9937956204379562,
                        "CWE-78": 0.9996350364963503,
                        "CWE-79": 0.9656934306569344,
                        "CWE-89": 1.0,
                        "CWE-90": 0.9963503649635036,
                        "CWE-327": 0.9102189781021898,
                        "CWE-328": 0.9138686131386862,
                        "CWE-330": 0.82007299270073,
                        "CWE-501": 0.9554744525547445,
                        "CWE-614": 0.972992700729927,
                        "CWE-643": 0.9894160583941606
                    },
                    "Precision": {
                        "CWE-22": 0.9883268482490273,
                        "CWE-78": 1.0,
                        "CWE-79": 0.9972451790633609,
                        "CWE-89": 1.0,
                        "CWE-90": 1.0,
                        "CWE-327": 0.0,
                        "CWE-328": 0.0,
                        "CWE-330": 0.0,
                        "CWE-501": 1.0,
                        "CWE-614": 0.0,
                        "CWE-643": 1.0
                    },
                    "Recall": {
                        "CWE-22": 0.9477611940298507,
                        "CWE-78": 0.9960159362549801,
                        "CWE-79": 0.7956043956043956,
                        "CWE-89": 1.0,
                        "CWE-90": 0.8305084745762712,
                        "CWE-327": 0.0,
                        "CWE-328": 0.0,
                        "CWE-330": 0.0,
                        "CWE-501": 0.031746031746031744,
                        "CWE-614": 0.0,
                        "CWE-643": 0.17142857142857143
                    },
                    "F1-Score": {
                        "CWE-22": 0.9676190476190476,
                        "CWE-78": 0.998003992015968,
                        "CWE-79": 0.8850855745721271,
                        "CWE-89": 1.0,
                        "CWE-90": 0.9074074074074074,
                        "CWE-327": 0.0,
                        "CWE-328": 0.0,
                        "CWE-330": 0.0,
                        "CWE-501": 0.06153846153846154,
                        "CWE-614": 0.0,
                        "CWE-643": 0.2926829268292683
                    }
                },
                "Macro Precision": 0.6350520024829444,
                "Macro Recall": 0.43391496396728185,
                "Macro F1-Score": 0.4647579463620255,
                "Weighted Precision": 0.6181088145272148,
                "Weighted Recall": 0.5215328467153285,
                "Weighted F1-Score": 0.5430911054080796,
                "MCC": 0.5713137737614811,
                "Cohen Kappa": 0.9898324733086377,
                "Confusion Matrix": [
                    [
                        254,
                        0,
                        0,
                        0,
                        0,
                        0,
                        0,
                        0,
                        0,
                        0,
                        0
                    ],
                    [
                        0,
                        250,
                        0,
                        0,
                        0,
                        0,
                        0,
                        0,
                        0,
                        0,
                        0
                    ],
                    [
                        0,
                        0,
                        362,
                        0,
                        0,
                        0,
                        0,
                        0,
                        0,
                        0,
                        0
                    ],
                    [
                        0,
                        0,
                        0,
                        504,
                        0,
                        0,
                        0,
                        0,
                        0,
                        0,
                        0
                    ],
                    [
                        0,
                        0,
                        0,
                        0,
                        49,
                        0,
                        0,
                        0,
                        0,
                        0,
                        0
                    ],
                    [
                        3,
                        0,
                        0,
                        0,
                        0,
                        0,
                        0,
                        0,
                        0,
                        0,
                        0
                    ],
                    [
                        0,
                        0,
                        0,
                        0,
                        0,
                        0,
                        0,
                        0,
                        0,
                        0,
                        0
                    ],
                    [
                        0,
                        0,
                        0,
                        0,
                        0,
                        0,
                        0,
                        0,
                        0,
                        0,
                        0
                    ],
                    [
                        0,
                        0,
                        1,
                        0,
                        0,
                        0,
                        0,
                        0,
                        4,
                        0,
                        0
                    ],
                    [
                        0,
                        0,
                        0,
                        0,
                        0,
                        0,
                        0,
                        0,
                        0,
                        0,
                        0
                    ],
                    [
                        0,
                        0,
                        0,
                        0,
                        0,
                        0,
                        0,
                        0,
                        0,
                        7,
                        6
                    ]
                ]
            },
            "Using Predicted Vulnerability Name": {
                "Per Class Metrics": {
                    "Accuracy": {
                        "CWE-22": 0.9937956204379562,
                        "CWE-78": 0.9996350364963503,
                        "CWE-79": 0.9656934306569344,
                        "CWE-89": 1.0,
                        "CWE-90": 0.9963503649635036,