{
    "mistral-nemo:12b": {
        "Dataset": "owasp",
        "Prompt Type": "chain_of_thought",
        "Vulnerability Metrics": {
            "Accuracy": 0.5003649635036497,
            "Precision": 0.5450980392156862,
            "Recall": 0.19646643109540637,
            "F1-Score": 0.2888311688311688,
            "Youden Index": 0.021372091472764865,
            "ROC-AUC Score": 0.5106860457363824,
            "FPR": 0.1750943396226415,
            "FNR": 0.8035335689045936,
            "Specificity": 0.8249056603773585,
            "NPV": 0.49013452914798206,
            "FDR": 0.4549019607843137,
            "MCC": 0.02744073019962772,
            "Confusion Matrix": [
                [
                    1093,
                    232
                ],
                [
                    1137,
                    278
                ]
            ]
        },
        "Vulnerability Type Metrics": {
            "Using Predicted CWE": {
                "Per Class Metrics": {
                    "Accuracy": {
                        "CWE-22": 0.9317518248175183,
                        "CWE-78": 0.9715328467153285,
                        "CWE-79": 0.8565693430656934,
                        "CWE-89": 0.8135036496350365,
                        "CWE-90": 0.9784671532846715,
                        "CWE-327": 0.9102189781021898,
                        "CWE-328": 0.9138686131386862,
                        "CWE-330": 0.82007299270073,
                        "CWE-501": 0.954014598540146,
                        "CWE-614": 0.9755474452554744,
                        "CWE-643": 0.9872262773722628
                    },
                    "Precision": {
                        "CWE-22": 1.0,
                        "CWE-78": 1.0,
                        "CWE-79": 1.0,
                        "CWE-89": 0.34782608695652173,
                        "CWE-90": 0.0,
                        "CWE-327": 0.0,
                        "CWE-328": 0.0,
                        "CWE-330": 0.0,
                        "CWE-501": 0.0,
                        "CWE-614": 0.0,
                        "CWE-643": 0.0
                    },
                    "Recall": {
                        "CWE-22": 0.30223880597014924,
                        "CWE-78": 0.6892430278884463,
                        "CWE-79": 0.13626373626373625,
                        "CWE-89": 0.015873015873015872,
                        "CWE-90": 0.0,
                        "CWE-327": 0.0,
                        "CWE-328": 0.0,
                        "CWE-330": 0.0,
                        "CWE-501": 0.0,
                        "CWE-614": 0.0,
                        "CWE-643": 0.0
                    },
                    "F1-Score": {
                        "CWE-22": 0.46418338108882523,
                        "CWE-78": 0.8160377358490566,
                        "CWE-79": 0.23984526112185686,
                        "CWE-89": 0.030360531309297913,
                        "CWE-90": 0.0,
                        "CWE-327": 0.0,
                        "CWE-328": 0.0,
                        "CWE-330": 0.0,
                        "CWE-501": 0.0,
                        "CWE-614": 0.0,
                        "CWE-643": 0.0
                    }
                },
                "Macro Precision": 0.3043478260869565,
                "Macro Recall": 0.10396532599957706,
                "Macro F1-Score": 0.1409479008517306,
                "Weighted Precision": 0.41945414154236754,
                "Weighted Recall": 0.11824817518248175,
                "Weighted F1-Score": 0.16556858373001804,
                "MCC": 0.2348680833650668,
                "Cohen Kappa": 0.9316559816136446,
                "Confusion Matrix": [
                    [
                        81,
                        0,
                        0,
                        0,
                        0,
                        0,
                        0,
                        0,
                        0,
                        0,
                        0
                    ],
                    [
                        0,
                        173,
                        0,
                        0,
                        0,
                        0,
                        0,
                        0,
                        0,
                        0,
                        0
                    ],
                    [
                        0,
                        0,
                        62,
                        0,
                        0,
                        0,
                        0,
                        0,
                        0,
                        0,
                        0
                    ],
                    [
                        0,
                        0,
                        0,
                        8,
                        0,
                        0,
                        0,
                        0,
                        0,
                        0,
                        0
                    ],
                    [
                        0,
                        0,
                        0,
                        12,
                        0,
                        0,
                        0,
                        0,
                        0,
                        0,
                        0
                    ],
                    [
                        0,
                        0,
                        0,
                        0,
                        0,
                        0,
                        0,
                        0,
                        0,
                        0,
                        0
                    ],
                    [
                        0,
                        0,
                        0,
                        0,
                        0,
                        0,
                        0,
                        0,
                        0,
                        0,
                        0
                    ],
                    [
                        0,
                        0,
                        0,
                        0,
                        0,
                        0,
                        0,
                        0,
                        0,
                        0,
                        0
                    ],
                    [
                        0,
                        0,
                        0,
                        0,
                        0,
                        0,
                        0,
                        0,
                        0,
                        0,
                        0
                    ],
                    [
                        0,
                        0,
                        0,
                        0,
                        0,
                        0,
                        0,
                        0,
                        0,
                        0,
                        0
                    ],
                    [
                        0,
                        0,
                        0,
                        3,
                        0,
                        0,
                        0,
                        0,
                        0,
                        0,
                        0
                    ]
                ]
            },
            "Using Predicted Vulnerability Name": {
                "Per Class Metrics": {
                    "Accuracy": {
                        "CWE-22": 0.9339416058394161,
                        "CWE-78": 0.9693430656934306,
                        "CWE-79": 0.8543795620437956,
                        "CWE-89": 0.8156934306569343,
                        "CWE-90": 0.9784671532846715,
                        "CWE-327": 0.9102189781021898,