{
    "mistral-nemo:12b": {
        "Dataset": "owasp",
        "Prompt Type": "simple_self_reflection",
        "Vulnerability Metrics": {
            "Accuracy": 0.5660583941605839,
            "Precision": 0.5906902086677368,
            "Recall": 0.5201413427561837,
            "F1-Score": 0.5531754979331078,
            "Youden Index": 0.13523568237882522,
            "ROC-AUC Score": 0.5676178411894126,
            "FPR": 0.3849056603773585,
            "FNR": 0.47985865724381627,
            "Specificity": 0.6150943396226415,
            "NPV": 0.5455153949129853,
            "FDR": 0.40930979133226325,
            "MCC": 0.1357197765399675,
            "Confusion Matrix": [
                [
                    815,
                    510
                ],
                [
                    679,
                    736
                ]
            ]
        },
        "Vulnerability Type Metrics": {
            "Using Predicted CWE": {
                "Per Class Metrics": {
                    "Accuracy": {
                        "CWE-22": 0.9259124087591241,
                        "CWE-78": 0.9927007299270073,
                        "CWE-79": 0.9532846715328467,
                        "CWE-89": 0.9912408759124087,
                        "CWE-90": 0.9766423357664233,
                        "CWE-327": 0.9102189781021898,
                        "CWE-328": 0.9138686131386862,
                        "CWE-330": 0.82007299270073,
                        "CWE-501": 0.954014598540146,
                        "CWE-614": 0.9755474452554744,
                        "CWE-643": 0.9872262773722628
                    },
                    "Precision": {
                        "CWE-22": 1.0,
                        "CWE-78": 0.9914893617021276,
                        "CWE-79": 0.990990990990991,
                        "CWE-89": 0.9897959183673469,
                        "CWE-90": 0.0,
                        "CWE-327": 0.0,
                        "CWE-328": 0.0,
                        "CWE-330": 0.0,
                        "CWE-501": 0.0,
                        "CWE-614": 0.0,
                        "CWE-643": 0.0
                    },
                    "Recall": {
                        "CWE-22": 0.24253731343283583,
                        "CWE-78": 0.9282868525896414,
                        "CWE-79": 0.7252747252747253,
                        "CWE-89": 0.9623015873015873,
                        "CWE-90": 0.0,
                        "CWE-327": 0.0,
                        "CWE-328": 0.0,
                        "CWE-330": 0.0,
                        "CWE-501": 0.0,
                        "CWE-614": 0.0,
                        "CWE-643": 0.0
                    },
                    "F1-Score": {
                        "CWE-22": 0.39039039039039036,
                        "CWE-78": 0.9588477366255144,
                        "CWE-79": 0.8375634517766497,
                        "CWE-89": 0.9758551307847082,
                        "CWE-90": 0.0,
                        "CWE-327": 0.0,
                        "CWE-328": 0.0,
                        "CWE-330": 0.0,
                        "CWE-501": 0.0,
                        "CWE-614": 0.0,
                        "CWE-643": 0.0
                    }
                },
                "Macro Precision": 0.3611160246418605,
                "Macro Recall": 0.2598545889635263,
                "Macro F1-Score": 0.28751424632520567,
                "Weighted Precision": 0.5352634574982765,
                "Weighted Recall": 0.4062043795620438,
                "Weighted F1-Score": 0.44460502298959753,
                "MCC": 0.47508917458645644,
                "Cohen Kappa": 0.9804218557812802,
                "Confusion Matrix": [
                    [
                        65,
                        2,
                        2,
                        2,
                        1,
                        0,
                        0,
                        0,
                        0,
                        0,
                        0
                    ],
                    [
                        0,
                        233,
                        1,
                        0,
                        4,
                        0,
                        0,
                        0,
                        0,
                        0,
                        0
                    ],
                    [
                        0,
                        0,
                        330,
                        0,
                        0,
                        0,
                        0,
                        0,
                        0,
                        0,
                        0
                    ],
                    [
                        0,
                        0,
                        0,
                        485,
                        0,
                        0,
                        0,
                        0,
                        0,
                        0,
                        0
                    ],
                    [
                        0,
                        0,
                        0,
                        1,
                        0,
                        0,
                        0,
                        0,
                        0,
                        0,
                        0
                    ],
                    [
                        0,
                        0,
                        0,
                        0,
                        0,
                        0,
                        0,
                        0,
                        0,
                        0,
                        0
                    ],
                    [
                        0,
                        0,
                        0,
                        0,
                        0,
                        0,
                        0,
                        0,
                        0,
                        0,
                        0
                    ],
                    [
                        0,
                        0,
                        0,
                        0,
                        0,
                        0,
                        0,
                        0,
                        0,
                        0,
                        0
                    ],
                    [
                        0,
                        0,
                        0,
                        2,
                        0,
                        0,
                        0,
                        0,
                        0,
                        0,
                        0
                    ],
                    [
                        0,
                        0,
                        0,
                        0,
                        0,
                        0,
                        0,
                        0,
                        0,
                        0,
                        0
                    ],
                    [
                        0,
                        0,
                        0,
                        0,
                        0,
                        0,
                        0,
                        0,
                        0,
                        0,
                        0
                    ]
                ]
            },
            "Using Predicted Vulnerability Name": {
                "Per Class Metrics": {
                    "Accuracy": {
                        "CWE-22": 0.9277372262773723,
                        "CWE-78": 0.9956204379562044,
                        "CWE-79": 0.9529197080291971,
                        "CWE-89": 0.9992700729927008,
                        "CWE-90": 0.9784671532846715,