{
    "mistral-nemo:12b": {
        "Dataset": "owasp",
        "Prompt Type": "simple",
        "Vulnerability Metrics": {
            "Accuracy": 0.5642335766423358,
            "Precision": 0.588897827835881,
            "Recall": 0.5173144876325089,
            "F1-Score": 0.5507900677200903,
            "Youden Index": 0.1316541102740183,
            "ROC-AUC Score": 0.5658270551370091,
            "FPR": 0.38566037735849057,
            "FNR": 0.4826855123674912,
            "Specificity": 0.6143396226415094,
            "NPV": 0.5437541750167001,
            "FDR": 0.41110217216411904,
            "MCC": 0.1321521146695091,
            "Confusion Matrix": [
                [
                    814,
                    511
                ],
                [
                    683,
                    732
                ]
            ]
        },
        "Vulnerability Type Metrics": {
            "Using Predicted CWE": {
                "Per Class Metrics": {
                    "Accuracy": {
                        "CWE-22": 0.9251824817518248,
                        "CWE-78": 0.9923357664233576,
                        "CWE-79": 0.954014598540146,
                        "CWE-89": 0.9908759124087592,
                        "CWE-90": 0.9759124087591241,
                        "CWE-327": 0.9102189781021898,
                        "CWE-328": 0.9138686131386862,
                        "CWE-330": 0.82007299270073,
                        "CWE-501": 0.954014598540146,
                        "CWE-614": 0.9755474452554744,
                        "CWE-643": 0.9872262773722628
                    },
                    "Precision": {
                        "CWE-22": 1.0,
                        "CWE-78": 0.9914529914529915,
                        "CWE-79": 0.9969788519637462,
                        "CWE-89": 0.9877800407331976,
                        "CWE-90": 0.0,
                        "CWE-327": 0.0,
                        "CWE-328": 0.0,
                        "CWE-330": 0.0,
                        "CWE-501": 0.0,
                        "CWE-614": 0.0,
                        "CWE-643": 0.0
                    },
                    "Recall": {
                        "CWE-22": 0.23507462686567165,
                        "CWE-78": 0.9243027888446215,
                        "CWE-79": 0.7252747252747253,
                        "CWE-89": 0.9623015873015873,
                        "CWE-90": 0.0,
                        "CWE-327": 0.0,
                        "CWE-328": 0.0,
                        "CWE-330": 0.0,
                        "CWE-501": 0.0,
                        "CWE-614": 0.0,
                        "CWE-643": 0.0
                    },
                    "F1-Score": {
                        "CWE-22": 0.3806646525679758,
                        "CWE-78": 0.9567010309278351,
                        "CWE-79": 0.8396946564885496,
                        "CWE-89": 0.9748743718592965,
                        "CWE-90": 0.0,
                        "CWE-327": 0.0,
                        "CWE-328": 0.0,
                        "CWE-330": 0.0,
                        "CWE-501": 0.0,
                        "CWE-614": 0.0,
                        "CWE-643": 0.0
                    }
                },
                "Macro Precision": 0.3614738076499941,
                "Macro Recall": 0.25881397529878236,
                "Macro F1-Score": 0.28653951925851423,
                "Weighted Precision": 0.535883656579466,
                "Weighted Recall": 0.4051094890510949,
                "Weighted F1-Score": 0.4436305977264524,
                "MCC": 0.4740554518630041,
                "Cohen Kappa": 0.9790651112688872,
                "Confusion Matrix": [
                    [
                        63,
                        2,
                        1,
                        3,
                        2,
                        0,
                        0,
                        0,
                        0,
                        0,
                        0
                    ],
                    [
                        0,
                        232,
                        0,
                        0,
                        5,
                        0,
                        0,
                        0,
                        0,
                        0,
                        0
                    ],
                    [
                        0,
                        0,
                        330,
                        0,
                        0,
                        0,
                        0,
                        0,
                        0,
                        0,
                        0
                    ],
                    [
                        0,
                        0,
                        0,
                        485,
                        0,
                        0,
                        0,
                        0,
                        0,
                        0,
                        0
                    ],
                    [
                        0,
                        0,
                        0,
                        1,
                        0,
                        0,
                        0,
                        0,
                        0,
                        0,
                        0
                    ],
                    [
                        0,
                        0,
                        0,
                        0,
                        0,
                        0,
                        0,
                        0,
                        0,
                        0,
                        0
                    ],
                    [
                        0,
                        0,
                        0,
                        0,
                        0,
                        0,
                        0,
                        0,
                        0,
                        0,
                        0
                    ],
                    [
                        0,
                        0,
                        0,
                        0,
                        0,
                        0,
                        0,
                        0,
                        0,
                        0,
                        0
                    ],
                    [
                        0,
                        0,
                        0,
                        2,
                        0,
                        0,
                        0,
                        0,
                        0,
                        0,
                        0
                    ],
                    [
                        0,
                        0,
                        0,
                        0,
                        0,
                        0,
                        0,
                        0,
                        0,
                        0,
                        0
                    ],
                    [
                        0,
                        0,
                        0,
                        0,
                        0,
                        0,
                        0,
                        0,
                        0,
                        0,
                        0
                    ]
                ]
            },
            "Using Predicted Vulnerability Name": {
                "Per Class Metrics": {
                    "Accuracy": {
                        "CWE-22": 0.927007299270073,
                        "CWE-78": 0.9948905109489051,
                        "CWE-79": 0.9525547445255474,
                        "CWE-89": 0.9989051094890511,
                        "CWE-90": 0.9784671532846715,
                        "CWE-327": 0.9102189781021898,