{
    "mistral-nemo:12b": {
        "Dataset": "owasp",
        "Prompt Type": "few_shot_self_reflection",
        "Vulnerability Metrics": {
            "Accuracy": 0.5018248175182481,
            "Precision": 0.5095492742551566,
            "Recall": 0.942756183745583,
            "F1-Score": 0.6615422762211753,
            "Youden Index": -0.026300420028001925,
            "ROC-AUC Score": 0.48684978998599904,
            "FPR": 0.9690566037735849,
            "FNR": 0.05724381625441696,
            "Specificity": 0.030943396226415093,
            "NPV": 0.3360655737704918,
            "FDR": 0.4904507257448434,
            "MCC": -0.06372122364653984,
            "Confusion Matrix": [
                [
                    41,
                    1284
                ],
                [
                    81,
                    1334
                ]
            ]
        },
        "Vulnerability Type Metrics": {
            "Using Predicted CWE": {
                "Per Class Metrics": {
                    "Accuracy": {
                        "CWE-22": 0.945985401459854,
                        "CWE-78": 0.9978102189781022,
                        "CWE-79": 0.9562043795620438,
                        "CWE-89": 0.5963503649635037,
                        "CWE-90": 0.9883211678832117,
                        "CWE-327": 0.9131386861313868,
                        "CWE-328": 0.9138686131386862,
                        "CWE-330": 0.82007299270073,
                        "CWE-501": 0.954014598540146,
                        "CWE-614": 0.9781021897810219,
                        "CWE-643": 0.9872262773722628
                    },
                    "Precision": {
                        "CWE-22": 0.9838709677419355,
                        "CWE-78": 1.0,
                        "CWE-79": 0.9941002949852508,
                        "CWE-89": 0.31281094527363185,
                        "CWE-90": 0.9655172413793104,
                        "CWE-327": 1.0,
                        "CWE-328": 0.0,
                        "CWE-330": 0.0,
                        "CWE-501": 0.0,
                        "CWE-614": 1.0,
                        "CWE-643": 0.0
                    },
                    "Recall": {
                        "CWE-22": 0.4552238805970149,
                        "CWE-78": 0.9760956175298805,
                        "CWE-79": 0.7406593406593407,
                        "CWE-89": 0.998015873015873,
                        "CWE-90": 0.4745762711864407,
                        "CWE-327": 0.032520325203252036,
                        "CWE-328": 0.0,
                        "CWE-330": 0.0,
                        "CWE-501": 0.0,
                        "CWE-614": 0.1044776119402985,
                        "CWE-643": 0.0
                    },
                    "F1-Score": {
                        "CWE-22": 0.6224489795918368,
                        "CWE-78": 0.9879032258064516,
                        "CWE-79": 0.8488664987405542,
                        "CWE-89": 0.47632575757575757,
                        "CWE-90": 0.6363636363636364,
                        "CWE-327": 0.06299212598425197,
                        "CWE-328": 0.0,
                        "CWE-330": 0.0,
                        "CWE-501": 0.0,
                        "CWE-614": 0.1891891891891892,
                        "CWE-643": 0.0
                    }
                },
                "Macro Precision": 0.5687544953981934,
                "Macro Recall": 0.34377899273928186,
                "Macro F1-Score": 0.3476444921137889,
                "Weighted Precision": 0.5454800318366487,
                "Weighted Recall": 0.4562043795620438,
                "Weighted F1-Score": 0.4039414847322707,
                "MCC": 0.43159745063805743,
                "Cohen Kappa": 0.4231565772283373,
                "Confusion Matrix": [
                    [
                        122,
                        0,
                        0,
                        46,
                        1,
                        0,
                        0,
                        0,
                        0,
                        0,
                        0
                    ],
                    [
                        0,
                        245,
                        0,
                        6,
                        0,
                        0,
                        0,
                        0,
                        0,
                        0,
                        0
                    ],
                    [
                        0,
                        0,
                        337,
                        57,
                        0,
                        0,
                        0,
                        0,
                        0,
                        0,
                        0
                    ],
                    [
                        0,
                        0,
                        0,
                        503,
                        0,
                        0,
                        0,
                        0,
                        0,
                        0,
                        0
                    ],
                    [
                        0,
                        0,
                        0,
                        16,
                        28,
                        0,
                        0,
                        0,
                        0,
                        0,
                        0
                    ],
                    [
                        1,
                        0,
                        0,
                        212,
                        0,
                        8,
                        0,
                        0,
                        0,
                        0,
                        0
                    ],
                    [
                        1,
                        0,
                        0,
                        167,
                        0,
                        0,
                        0,
                        0,
                        0,
                        0,
                        0
                    ],
                    [
                        0,
                        0,
                        2,
                        397,
                        0,
                        0,
                        0,
                        0,
                        0,
                        0,
                        0
                    ],
                    [
                        0,
                        0,
                        0,
                        121,
                        0,
                        0,
                        0,
                        0,
                        0,
                        0,
                        0
                    ],
                    [
                        0,
                        0,
                        0,
                        57,
                        0,
                        0,
                        0,
                        0,
                        0,
                        7,
                        0
                    ],
                    [
                        0,
                        0,
                        0,
                        26,
                        0,
                        0,
                        0,
                        0,
                        0,
                        0,
                        0
                    ]
                ]
            },
            "Using Predicted Vulnerability Name": {
                "Per Class Metrics": {
                    "Accuracy": {
                        "CWE-22": 0.9624087591240876,
                        "CWE-78": 0.9978102189781022,
                        "CWE-79": 0.9525547445255474,