{
    "mistral-nemo:12b": {
        "Dataset": "owasp",
        "Prompt Type": "vulnerability_specific",
        "Vulnerability Metrics": {
            "Accuracy": 0.5397810218978102,
            "Precision": 0.5534722222222223,
            "Recall": 0.5632508833922262,
            "F1-Score": 0.5583187390542907,
            "Youden Index": 0.0779678645243016,
            "ROC-AUC Score": 0.5389839322621508,
            "FPR": 0.4852830188679245,
            "FNR": 0.4367491166077738,
            "Specificity": 0.5147169811320754,
            "NPV": 0.5246153846153846,
            "FDR": 0.4465277777777778,
            "MCC": 0.07802771271119935,
            "Confusion Matrix": [
                [
                    682,
                    643
                ],
                [
                    618,
                    797
                ]
            ]
        },
        "Vulnerability Type Metrics": {
            "Using Predicted CWE": {
                "Per Class Metrics": {
                    "Accuracy": {
                        "CWE-22": 0.9948905109489051,
                        "CWE-78": 0.9992700729927008,
                        "CWE-79": 0.9660583941605839,
                        "CWE-89": 1.0,
                        "CWE-90": 0.9963503649635036,
                        "CWE-327": 0.9102189781021898,
                        "CWE-328": 0.9138686131386862,
                        "CWE-330": 0.82007299270073,
                        "CWE-501": 0.9554744525547445,
                        "CWE-614": 0.9726277372262774,
                        "CWE-643": 0.9894160583941606
                    },
                    "Precision": {
                        "CWE-22": 1.0,
                        "CWE-78": 0.9960159362549801,
                        "CWE-79": 0.9972527472527473,
                        "CWE-89": 1.0,
                        "CWE-90": 1.0,
                        "CWE-327": 0.0,
                        "CWE-328": 0.0,
                        "CWE-330": 0.0,
                        "CWE-501": 1.0,
                        "CWE-614": 0.0,
                        "CWE-643": 1.0
                    },
                    "Recall": {
                        "CWE-22": 0.9477611940298507,
                        "CWE-78": 0.9960159362549801,
                        "CWE-79": 0.7978021978021979,
                        "CWE-89": 1.0,
                        "CWE-90": 0.8305084745762712,
                        "CWE-327": 0.0,
                        "CWE-328": 0.0,
                        "CWE-330": 0.0,
                        "CWE-501": 0.031746031746031744,
                        "CWE-614": 0.0,
                        "CWE-643": 0.17142857142857143
                    },
                    "F1-Score": {
                        "CWE-22": 0.9731800766283525,
                        "CWE-78": 0.9960159362549801,
                        "CWE-79": 0.8864468864468864,
                        "CWE-89": 1.0,
                        "CWE-90": 0.9074074074074074,
                        "CWE-327": 0.0,
                        "CWE-328": 0.0,
                        "CWE-330": 0.0,
                        "CWE-501": 0.06153846153846154,
                        "CWE-614": 0.0,
                        "CWE-643": 0.2926829268292683
                    }
                },
                "Macro Precision": 0.6357516985007025,
                "Macro Recall": 0.43411476416708206,
                "Macro F1-Score": 0.46520651773685057,
                "Weighted Precision": 0.6188868613138686,
                "Weighted Recall": 0.5218978102189781,
                "Weighted F1-Score": 0.5436789706203062,
                "MCC": 0.5717692161391363,
                "Cohen Kappa": 0.9907554647080236,
                "Confusion Matrix": [
                    [
                        254,
                        0,
                        0,
                        0,
                        0,
                        0,
                        0,
                        0,
                        0,
                        0,
                        0
                    ],
                    [
                        0,
                        250,
                        0,
                        0,
                        0,
                        0,
                        0,
                        0,
                        0,
                        0,
                        0
                    ],
                    [
                        0,
                        0,
                        363,
                        0,
                        0,
                        0,
                        0,
                        0,
                        0,
                        0,
                        0
                    ],
                    [
                        0,
                        0,
                        0,
                        504,
                        0,
                        0,
                        0,
                        0,
                        0,
                        0,
                        0
                    ],
                    [
                        0,
                        0,
                        0,
                        0,
                        49,
                        0,
                        0,
                        0,
                        0,
                        0,
                        0
                    ],
                    [
                        0,
                        0,
                        0,
                        0,
                        0,
                        0,
                        0,
                        0,
                        0,
                        0,
                        0
                    ],
                    [
                        0,
                        0,
                        0,
                        0,
                        0,
                        0,
                        0,
                        0,
                        0,
                        0,
                        0
                    ],
                    [
                        0,
                        0,
                        0,
                        0,
                        0,
                        0,
                        0,
                        0,
                        0,
                        0,
                        0
                    ],
                    [
                        0,
                        1,
                        1,
                        0,
                        0,
                        0,
                        0,
                        0,
                        4,
                        0,
                        0
                    ],
                    [
                        0,
                        0,
                        0,
                        0,
                        0,
                        0,
                        0,
                        0,
                        0,
                        0,
                        0
                    ],
                    [
                        0,
                        0,
                        0,
                        0,
                        0,
                        0,
                        0,
                        0,
                        0,
                        8,
                        6
                    ]
                ]
            },
            "Using Predicted Vulnerability Name": {
                "Per Class Metrics": {
                    "Accuracy": {
                        "CWE-22": 0.9948905109489051,
                        "CWE-78": 0.9992700729927008,
                        "CWE-79": 0.9660583941605839,
                        "CWE-89": 1.0,
                        "CWE-90": 0.9963503649635036,