{
    "mistral-nemo:12b": {
        "Dataset": "owasp",
        "Prompt Type": "chain_of_thought_self_reflection",
        "Vulnerability Metrics": {
            "Accuracy": 0.5521897810218979,
            "Precision": 0.5736677115987461,
            "Recall": 0.5173144876325089,
            "F1-Score": 0.5440356744704571,
            "Youden Index": 0.10674844989665977,
            "ROC-AUC Score": 0.5533742249483299,
            "FPR": 0.41056603773584904,
            "FNR": 0.4826855123674912,
            "Specificity": 0.5894339622641509,
            "NPV": 0.5334699453551912,
            "FDR": 0.4263322884012539,
            "MCC": 0.1069428763658099,
            "Confusion Matrix": [
                [
                    781,
                    544
                ],
                [
                    683,
                    732
                ]
            ]
        },
        "Vulnerability Type Metrics": {
            "Using Predicted CWE": {
                "Per Class Metrics": {
                    "Accuracy": {
                        "CWE-22": 0.9357664233576642,
                        "CWE-78": 0.9788321167883212,
                        "CWE-79": 0.9547445255474453,
                        "CWE-89": 0.9518248175182482,
                        "CWE-90": 0.9828467153284671,
                        "CWE-327": 0.9102189781021898,
                        "CWE-328": 0.9138686131386862,
                        "CWE-330": 0.82007299270073,
                        "CWE-501": 0.954014598540146,
                        "CWE-614": 0.9755474452554744,
                        "CWE-643": 0.983941605839416
                    },
                    "Precision": {
                        "CWE-22": 1.0,
                        "CWE-78": 1.0,
                        "CWE-79": 0.9940298507462687,
                        "CWE-89": 0.9285714285714286,
                        "CWE-90": 1.0,
                        "CWE-327": 0.0,
                        "CWE-328": 0.0,
                        "CWE-330": 0.0,
                        "CWE-501": 0.0,
                        "CWE-614": 0.0,
                        "CWE-643": 0.15384615384615385
                    },
                    "Recall": {
                        "CWE-22": 0.34328358208955223,
                        "CWE-78": 0.7689243027888446,
                        "CWE-79": 0.7318681318681318,
                        "CWE-89": 0.7996031746031746,
                        "CWE-90": 0.2033898305084746,
                        "CWE-327": 0.0,
                        "CWE-328": 0.0,
                        "CWE-330": 0.0,
                        "CWE-501": 0.0,
                        "CWE-614": 0.0,
                        "CWE-643": 0.05714285714285714
                    },
                    "F1-Score": {
                        "CWE-22": 0.5111111111111111,
                        "CWE-78": 0.8693693693693694,
                        "CWE-79": 0.8430379746835444,
                        "CWE-89": 0.8592750533049041,
                        "CWE-90": 0.3380281690140845,
                        "CWE-327": 0.0,
                        "CWE-328": 0.0,
                        "CWE-330": 0.0,
                        "CWE-501": 0.0,
                        "CWE-614": 0.0,
                        "CWE-643": 0.08333333333333333
                    }
                },
                "Macro Precision": 0.46149522119671377,
                "Macro Recall": 0.2640192617273668,
                "Macro F1-Score": 0.3185595464378497,
                "Weighted Precision": 0.5487840136767036,
                "Weighted Recall": 0.3777372262773723,
                "Weighted F1-Score": 0.4360243516330918,
                "MCC": 0.44594964095091155,
                "Cohen Kappa": 0.942858999803817,
                "Confusion Matrix": [
                    [
                        92,
                        0,
                        2,
                        2,
                        0,
                        0,
                        0,
                        0,
                        0,
                        0,
                        5
                    ],
                    [
                        0,
                        193,
                        0,
                        0,
                        0,
                        0,
                        0,
                        0,
                        0,
                        0,
                        0
                    ],
                    [
                        0,
                        0,
                        333,
                        0,
                        0,
                        0,
                        0,
                        0,
                        0,
                        0,
                        0
                    ],
                    [
                        0,
                        0,
                        0,
                        403,
                        0,
                        0,
                        0,
                        0,
                        0,
                        0,
                        0
                    ],
                    [
                        0,
                        0,
                        0,
                        12,
                        12,
                        0,
                        0,
                        0,
                        0,
                        0,
                        6
                    ],
                    [
                        0,
                        0,
                        0,
                        1,
                        0,
                        0,
                        0,
                        0,
                        0,
                        0,
                        0
                    ],
                    [
                        0,
                        0,
                        0,
                        3,
                        0,
                        0,
                        0,
                        0,
                        0,
                        0,
                        0
                    ],
                    [
                        0,
                        0,
                        0,
                        1,
                        0,
                        0,
                        0,
                        0,
                        0,
                        0,
                        0
                    ],
                    [
                        0,
                        0,
                        0,
                        12,
                        0,
                        0,
                        0,
                        0,
                        0,
                        0,
                        0
                    ],
                    [
                        0,
                        0,
                        0,
                        0,
                        0,
                        0,
                        0,
                        0,
                        0,
                        0,
                        0
                    ],
                    [
                        0,
                        0,
                        0,
                        0,
                        0,
                        0,
                        0,
                        0,
                        0,
                        0,
                        2
                    ]
                ]
            },
            "Using Predicted Vulnerability Name": {
                "Per Class Metrics": {
                    "Accuracy": {
                        "CWE-22": 0.9368613138686132,
                        "CWE-78": 0.9686131386861314,
                        "CWE-79": 0.9514598540145985,
                        "CWE-89": 0.9558394160583942,