{
    "granite3.3:8b": {
        "Dataset": "owasp",
        "Prompt Type": "vulnerability_specific",
        "Vulnerability Metrics": {
            "Accuracy": 0.5058394160583941,
            "Precision": 0.5405046480743692,
            "Recall": 0.2876325088339223,
            "F1-Score": 0.37546125461254615,
            "Youden Index": 0.026500433362224074,
            "ROC-AUC Score": 0.513250216681112,
            "FPR": 0.2611320754716981,
            "FNR": 0.7123674911660778,
            "Specificity": 0.7388679245283019,
            "NPV": 0.49270256668344237,
            "FDR": 0.4594953519256308,
            "MCC": 0.029664888030033955,
            "Confusion Matrix": [
                [
                    979,
                    346
                ],
                [
                    1008,
                    407
                ]
            ]
        },
        "Vulnerability Type Metrics": {
            "Using Predicted CWE": {
                "Per Class Metrics": {
                    "Accuracy": {
                        "CWE-22": 0.9135036496350365,
                        "CWE-78": 0.9923357664233576,
                        "CWE-79": 0.8313868613138686,
                        "CWE-89": 0.9737226277372263,
                        "CWE-90": 0.9791970802919708,
                        "CWE-327": 0.9102189781021898,
                        "CWE-328": 0.9138686131386862,
                        "CWE-330": 0.8204379562043795,
                        "CWE-501": 0.954014598540146,
                        "CWE-614": 0.9755474452554744,
                        "CWE-643": 0.9872262773722628
                    },
                    "Precision": {
                        "CWE-22": 1.0,
                        "CWE-78": 0.9423076923076923,
                        "CWE-79": 0.0,
                        "CWE-89": 0.9778761061946902,
                        "CWE-90": 1.0,
                        "CWE-327": 0.0,
                        "CWE-328": 0.0,
                        "CWE-330": 1.0,
                        "CWE-501": 0.0,
                        "CWE-614": 0.0,
                        "CWE-643": 0.0
                    },
                    "Recall": {
                        "CWE-22": 0.11567164179104478,
                        "CWE-78": 0.9760956175298805,
                        "CWE-79": 0.0,
                        "CWE-89": 0.876984126984127,
                        "CWE-90": 0.03389830508474576,
                        "CWE-327": 0.0,
                        "CWE-328": 0.0,
                        "CWE-330": 0.002028397565922921,
                        "CWE-501": 0.0,
                        "CWE-614": 0.0,
                        "CWE-643": 0.0
                    },
                    "F1-Score": {
                        "CWE-22": 0.20735785953177258,
                        "CWE-78": 0.958904109589041,
                        "CWE-79": 0.0,
                        "CWE-89": 0.9246861924686193,
                        "CWE-90": 0.06557377049180328,
                        "CWE-327": 0.0,
                        "CWE-328": 0.0,
                        "CWE-330": 0.004048582995951417,
                        "CWE-501": 0.0,
                        "CWE-614": 0.0,
                        "CWE-643": 0.0
                    }
                },
                "Macro Precision": 0.4472894362274893,
                "Macro Recall": 0.1822434626323383,
                "Macro F1-Score": 0.19641550137065344,
                "Weighted Precision": 0.5654630614202024,
                "Weighted Recall": 0.26313868613138686,
                "Weighted F1-Score": 0.280351636037069,
                "MCC": 0.3606403950887926,
                "Cohen Kappa": 0.9181507838108663,
                "Confusion Matrix": [
                    [
                        31,
                        0,
                        0,
                        0,
                        0,
                        0,
                        0,
                        0,
                        0,
                        0,
                        0
                    ],
                    [
                        0,
                        245,
                        0,
                        0,
                        0,
                        0,
                        0,
                        0,
                        0,
                        0,
                        0
                    ],
                    [
                        0,
                        0,
                        0,
                        0,
                        0,
                        0,
                        0,
                        0,
                        0,
                        0,
                        0
                    ],
                    [
                        0,
                        11,
                        7,
                        442,
                        0,
                        0,
                        0,
                        0,
                        0,
                        0,
                        0
                    ],
                    [
                        0,
                        4,
                        0,
                        10,
                        2,
                        0,
                        0,
                        0,
                        0,
                        0,
                        0
                    ],
                    [
                        0,
                        0,
                        0,
                        0,
                        0,
                        0,
                        0,
                        0,
                        0,
                        0,
                        0
                    ],
                    [
                        0,
                        0,
                        0,
                        0,
                        0,
                        0,
                        0,
                        0,
                        0,
                        0,
                        0
                    ],
                    [
                        0,
                        0,
                        0,
                        0,
                        0,
                        0,
                        0,
                        1,
                        0,
                        0,
                        0
                    ],
                    [
                        0,
                        0,
                        0,
                        0,
                        0,
                        0,
                        0,
                        0,
                        0,
                        0,
                        0
                    ],
                    [
                        0,
                        0,
                        0,
                        0,
                        0,
                        0,
                        0,
                        0,
                        0,
                        0,
                        0
                    ],
                    [
                        0,
                        0,
                        0,
                        0,
                        0,
                        0,
                        0,
                        0,
                        0,
                        0,
                        0
                    ]
                ]
            },
            "Using Predicted Vulnerability Name": {
                "Per Class Metrics": {
                    "Accuracy": {
                        "CWE-22": 0.9135036496350365,
                        "CWE-78": 0.9923357664233576,
                        "CWE-79": 0.8313868613138686,
                        "CWE-89": 0.9737226277372263,
                        "CWE-90": 0.9791970802919708,