{
  "codegemma:7b-instruct-q4_0": {
    "Dataset": "owasp",
    "Prompt Type": "simple",
    "Vulnerability Metrics": {
      "Accuracy": 0.57007299270073,
      "Precision": 0.5737398879900436,
      "Recall": 0.6515901060070671,
      "F1-Score": 0.6101919258769027,
      "Youden Index": 0.13460897393159543,
      "ROC-AUC Score": 0.5673044869657977,
      "FPR": 0.5169811320754717,
      "FNR": 0.3484098939929329,
      "Specificity": 0.4830188679245283,
      "NPV": 0.5648720211827007,
      "FDR": 0.42626011200995645,
      "MCC": 0.13659577910185447,
      "Confusion Matrix": [
        [
          640,
          685
        ],
        [
          493,
          922
        ]
      ]
    },
    "Vulnerability Type Metrics": {
      "Using Predicted CWE": {
        "Per Class Metrics": {
          "Accuracy": {
            "CWE-22": 0.8751824817518248,
            "CWE-78": 0.9182481751824818,
            "CWE-79": 0.7003649635036496,
            "CWE-89": 0.8558394160583942,
            "CWE-90": 0.9784671532846715,
            "CWE-327": 0.9105839416058394,
            "CWE-328": 0.9138686131386862,
            "CWE-330": 0.82007299270073,
            "CWE-501": 0.954014598540146,
            "CWE-614": 0.9755474452554744,
            "CWE-643": 0.9872262773722628
          },
          "Precision": {
            "CWE-22": 0.38064516129032255,
            "CWE-78": 0.5340050377833753,
            "CWE-79": 0.11554621848739496,
            "CWE-89": 1.0,
            "CWE-90": 0.0,
            "CWE-327": 1.0,
            "CWE-328": 0.0,
            "CWE-330": 0.0,
            "CWE-501": 0.0,
            "CWE-614": 0.0,
            "CWE-643": 0.0
          },
          "Recall": {
            "CWE-22": 0.44029850746268656,
            "CWE-78": 0.8446215139442231,
            "CWE-79": 0.12087912087912088,
            "CWE-89": 0.21626984126984128,
            "CWE-90": 0.0,
            "CWE-327": 0.0040650406504065045,
            "CWE-328": 0.0,
            "CWE-330": 0.0,
            "CWE-501": 0.0,
            "CWE-614": 0.0,
            "CWE-643": 0.0
          },
          "F1-Score": {
            "CWE-22": 0.4083044982698962,
            "CWE-78": 0.654320987654321,
            "CWE-79": 0.11815252416756176,
            "CWE-89": 0.3556280587275693,
            "CWE-90": 0.0,
            "CWE-327": 0.008097165991902834,
            "CWE-328": 0.0,
            "CWE-330": 0.0,
            "CWE-501": 0.0,
            "CWE-614": 0.0,
            "CWE-643": 0.0
          }
        },
        "Macro Precision": 0.27547240159646297,
        "Macro Recall": 0.1478303658369344,
        "Macro F1-Score": 0.14040938498284103,
        "Weighted Precision": 0.37905901354788263,
        "Weighted Recall": 0.18065693430656934,
        "Weighted F1-Score": 0.18563796217755854,
        "MCC": 0.15910767607421053,
        "Cohen Kappa": 0.27498180101127356,
        "Confusion Matrix": [
          [
            118,
            52,
            5,
            0,
            0,
            0,
            0,
            0,
            0,
            0,
            0
          ],
          [
            0,
            212,
            0,
            0,
            0,
            0,
            0,
            0,
            0,
            0,
            0
          ],
          [
            2,
            63,
            55,
            0,
            0,
            0,
            0,
            0,
            0,
            0,
            0
          ],
          [
            3,
            50,
            325,
            109,
            0,
            0,
            0,
            0,
            0,
            0,
            0
          ],
          [
            0,
            1,
            0,
            0,
            0,
            0,
            0,
            0,
            0,
            0,
            0
          ],
          [
            75,
            0,
            0,
            0,
            0,
            1,
            0,
            0,
            0,
            0,
            0
          ],
          [
            112,
            3,
            5,
            0,
            0,
            0,
            0,
            0,
            0,
            0,
            0
          ],
          [
            0,
            1,
            22,
            0,
            0,
            0,
            0,
            0,
            0,
            0,
            0
          ],
          [
            0,
            10,
            29,
            0,
            0,
            0,
            0,
            0,
            0,
            0,
            0
          ],
          [
            0,
            0,
            35,
            0,
            0,
            0,
            0,
            0,
            0,
            0,
            0
          ],
          [
            0,
            5,
            0,
            0,
            0,
            0,
            0,
            0,
            0,
            0,
            0
          ]
        ]
      },
      "Using Predicted Vulnerability Name": {
        "Per Class Metrics": {
          "Accuracy": {
            "CWE-22": 0.9094890510948905,
            "CWE-78": 0.9846715328467154,
            "CWE-79": 0.8102189781021898,
            "CWE-89": 0.9945255474452555,
            "CWE-90": 0.9784671532846715,
            "CWE-327": 0.9102189781021898,
            "CWE-328": 0.9138686131386862,
            "CWE-330": 0.82007299270073,
            "CWE-501": 0.954014598540146,
            "CWE-614": 0.9755474452554744,
            "CWE-643": 0.9872262773722628
          },
          "Precision": {
            "CWE-22": 1.0,
            "CWE-78": 1.0,
            "CWE-79": 0.3890784982935154,
            "CWE-89": 1.0,
            "CWE-90": 0.0,
            "CWE-327": 0.0,
            "CWE-328": 0.0,
            "CWE-330": 0.0,
            "CWE-501": 0.0,
            "CWE-614": 0.0,
            "CWE-643": 0.0
          },
          "Recall": {
            "CWE-22": 0.07462686567164178,
            "CWE-78": 0.8326693227091634,
            "CWE-79": 0.25054945054945055,
            "CWE-89": 0.9702380952380952,
            "CWE-90": 0.0,
            "CWE-327": 0.0,
            "CWE-328": 0.0,
            "CWE-330": 0.0,
            "CWE-501": 0.0,
            "CWE-614": 0.0,
            "CWE-643": 0.0
          },
          "F1-Score": {
            "CWE-22": 0.1388888888888889,
            "CWE-78": 0.908695652173913,
            "CWE-79": 0.3048128342245989,
            "CWE-89": 0.9848942598187311,
            "CWE-90": 0.0,
            "CWE-327": 0.0,
            "CWE-328": 0.0,
            "CWE-330": 0.0,
            "CWE-501": 0.0,
            "CWE-614": 0.0,
            "CWE-643": 0.0
          }
        },
        "Macro Precision": 0.3080980452994105,
        "Macro Recall": 0.1934621576516683,
        "Macro F1-Score": 0.21248105773692105,
        "Weighted Precision": 0.43796741486260937,
        "Weighted Recall": 0.30364963503649633,
        "Weighted F1-Score": 0.3286063421309151,
        "MCC": 0.35396742383319924,
        "Cohen Kappa": 0.7428431358617651,