{
  "codegemma:7b-instruct-q4_0": {
    "Dataset": "owasp",
    "Prompt Type": "vulnerability_specific",
    "Vulnerability Metrics": {
      "Accuracy": 0.5441605839416058,
      "Precision": 0.5801158301158301,
      "Recall": 0.42473498233215545,
      "F1-Score": 0.4904120767033864,
      "Youden Index": 0.09643309553970258,
      "ROC-AUC Score": 0.5482165477698514,
      "FPR": 0.3283018867924528,
      "FNR": 0.5752650176678445,
      "Specificity": 0.6716981132075471,
      "NPV": 0.5223004694835681,
      "FDR": 0.4198841698841699,
      "MCC": 0.09937968003617025,
      "Confusion Matrix": [
        [
          890,
          435
        ],
        [
          814,
          601
        ]
      ]
    },
    "Vulnerability Type Metrics": {
      "Using Predicted CWE": {
        "Per Class Metrics": {
          "Accuracy": {
            "CWE-22": 0.916058394160584,
            "CWE-78": 0.9605839416058394,
            "CWE-79": 0.8288321167883211,
            "CWE-89": 0.9616788321167883,
            "CWE-90": 0.9784671532846715,
            "CWE-327": 0.9102189781021898,
            "CWE-328": 0.9138686131386862,
            "CWE-330": 0.82007299270073,
            "CWE-501": 0.954014598540146,
            "CWE-614": 0.9755474452554744,
            "CWE-643": 0.9872262773722628
          },
          "Precision": {
            "CWE-22": 0.8166666666666667,
            "CWE-78": 0.7423728813559322,
            "CWE-79": 0.0625,
            "CWE-89": 1.0,
            "CWE-90": 0.0,
            "CWE-327": 0.0,
            "CWE-328": 0.0,
            "CWE-330": 0.0,
            "CWE-501": 0.0,
            "CWE-614": 0.0,
            "CWE-643": 0.0
          },
          "Recall": {
            "CWE-22": 0.1828358208955224,
            "CWE-78": 0.8725099601593626,
            "CWE-79": 0.002197802197802198,
            "CWE-89": 0.7916666666666666,
            "CWE-90": 0.0,
            "CWE-327": 0.0,
            "CWE-328": 0.0,
            "CWE-330": 0.0,
            "CWE-501": 0.0,
            "CWE-614": 0.0,
            "CWE-643": 0.0
          },
          "F1-Score": {
            "CWE-22": 0.29878048780487804,
            "CWE-78": 0.8021978021978022,
            "CWE-79": 0.004246284501061571,
            "CWE-89": 0.8837209302325582,
            "CWE-90": 0.0,
            "CWE-327": 0.0,
            "CWE-328": 0.0,
            "CWE-330": 0.0,
            "CWE-501": 0.0,
            "CWE-614": 0.0,
            "CWE-643": 0.0
          }
        },
        "Macro Precision": 0.2383217770929635,
        "Macro Recall": 0.16811002271994127,
        "Macro F1-Score": 0.1808132277033,
        "Weighted Precision": 0.3422042919295641,
        "Weighted Recall": 0.24379562043795622,
        "Weighted F1-Score": 0.26596796619290075,
        "MCC": 0.3262843970477504,
        "Cohen Kappa": 0.784817201472909,
        "Confusion Matrix": [
          [
            49,
            5,
            0,
            0,
            0,
            0,
            0,
            0,
            0,
            0,
            0
          ],
          [
            0,
            219,
            0,
            0,
            0,
            0,
            0,
            0,
            0,
            0,
            0
          ],
          [
            0,
            3,
            1,
            0,
            0,
            0,
            0,
            0,
            0,
            0,
            0
          ],
          [
            0,
            2,
            0,
            399,
            0,
            0,
            0,
            0,
            0,
            0,
            0
          ],
          [
            0,
            9,
            0,
            0,
            0,
            0,
            0,
            0,
            0,
            0,
            0
          ],
          [
            5,
            13,
            0,
            0,
            0,
            0,
            0,
            0,
            0,
            0,
            0
          ],
          [
            6,
            13,
            0,
            0,
            0,
            0,
            0,
            0,
            0,
            0,
            0
          ],
          [
            0,
            26,
            15,
            0,
            0,
            0,
            0,
            0,
            0,
            0,
            0
          ],
          [
            0,
            0,
            0,
            0,
            0,
            0,
            0,
            0,
            0,
            0,
            0
          ],
          [
            0,
            1,
            0,
            0,
            0,
            0,
            0,
            0,
            0,
            0,
            0
          ],
          [
            0,
            4,
            0,
            0,
            0,
            0,
            0,
            0,
            0,
            0,
            0
          ]
        ]
      },
      "Using Predicted Vulnerability Name": {
        "Per Class Metrics": {
          "Accuracy": {
            "CWE-22": 0.92007299270073,
            "CWE-78": 0.9832116788321168,
            "CWE-79": 0.8343065693430657,
            "CWE-89": 0.9598540145985401,
            "CWE-90": 0.9784671532846715,
            "CWE-327": 0.9102189781021898,
            "CWE-328": 0.9138686131386862,
            "CWE-330": 0.82007299270073,
            "CWE-501": 0.954014598540146,
            "CWE-614": 0.9755474452554744,
            "CWE-643": 0.9872262773722628
          },
          "Precision": {
            "CWE-22": 1.0,
            "CWE-78": 0.9555555555555556,
            "CWE-79": 1.0,
            "CWE-89": 1.0,
            "CWE-90": 0.0,
            "CWE-327": 0.0,
            "CWE-328": 0.0,
            "CWE-330": 0.0,
            "CWE-501": 0.0,
            "CWE-614": 0.0,
            "CWE-643": 0.0
          },
          "Recall": {
            "CWE-22": 0.1828358208955224,
            "CWE-78": 0.8565737051792829,
            "CWE-79": 0.002197802197802198,
            "CWE-89": 0.7817460317460317,
            "CWE-90": 0.0,
            "CWE-327": 0.0,
            "CWE-328": 0.0,
            "CWE-330": 0.0,
            "CWE-501": 0.0,
            "CWE-614": 0.0,
            "CWE-643": 0.0
          },
          "F1-Score": {
            "CWE-22": 0.30914826498422715,
            "CWE-78": 0.9033613445378151,
            "CWE-79": 0.0043859649122807015,
            "CWE-89": 0.8775055679287305,
            "CWE-90": 0.0,
            "CWE-327": 0.0,
            "CWE-328": 0.0,
            "CWE-330": 0.0,
            "CWE-501": 0.0,
            "CWE-614": 0.0,
            "CWE-643": 0.0
          }
        },
        "Macro Precision": 0.35959595959595964,
        "Macro Recall": 0.16575939636533085,
        "Macro F1-Score": 0.19040010385118666,
        "Weighted Precision": 0.5353446877534469,
        "Weighted Recall": 0.2405109489051095,
        "Weighted F1-Score": 0.2751291433452308,
        "MCC": 0.3467410842720272,
        "Cohen Kappa": 0.9722976778083281,