{
  "codegemma:7b-instruct-q4_0": {
    "Dataset": "owasp",
    "Prompt Type": "chain_of_thought",
    "Vulnerability Metrics": {
      "Accuracy": 0.541970802919708,
      "Precision": 0.5528401585204755,
      "Recall": 0.5915194346289753,
      "F1-Score": 0.5715261181290543,
      "Youden Index": 0.08057603840256022,
      "ROC-AUC Score": 0.5402880192012801,
      "FPR": 0.510943396226415,
      "FNR": 0.40848056537102473,
      "Specificity": 0.4890566037735849,
      "NPV": 0.5285481239804242,
      "FDR": 0.4471598414795244,
      "MCC": 0.08098114210302859,
      "Confusion Matrix": [
        [
          648,
          677
        ],
        [
          578,
          837
        ]
      ]
    },
    "Vulnerability Type Metrics": {
      "Using Predicted CWE": {
        "Per Class Metrics": {
          "Accuracy": {
            "CWE-22": 0.9222627737226278,
            "CWE-78": 0.9164233576642336,
            "CWE-79": 0.7664233576642335,
            "CWE-89": 0.9547445255474453,
            "CWE-90": 0.9784671532846715,
            "CWE-327": 0.9102189781021898,
            "CWE-328": 0.9138686131386862,
            "CWE-330": 0.82007299270073,
            "CWE-501": 0.954014598540146,
            "CWE-614": 0.9755474452554744,
            "CWE-643": 0.9872262773722628
          },
          "Precision": {
            "CWE-22": 0.9508196721311475,
            "CWE-78": 0.5277777777777778,
            "CWE-79": 0.15867158671586715,
            "CWE-89": 1.0,
            "CWE-90": 0.0,
            "CWE-327": 0.0,
            "CWE-328": 0.0,
            "CWE-330": 0.0,
            "CWE-501": 0.0,
            "CWE-614": 0.0,
            "CWE-643": 0.0
          },
          "Recall": {
            "CWE-22": 0.21641791044776118,
            "CWE-78": 0.8326693227091634,
            "CWE-79": 0.0945054945054945,
            "CWE-89": 0.753968253968254,
            "CWE-90": 0.0,
            "CWE-327": 0.0,
            "CWE-328": 0.0,
            "CWE-330": 0.0,
            "CWE-501": 0.0,
            "CWE-614": 0.0,
            "CWE-643": 0.0
          },
          "F1-Score": {
            "CWE-22": 0.3525835866261398,
            "CWE-78": 0.6460587326120556,
            "CWE-79": 0.1184573002754821,
            "CWE-89": 0.8597285067873304,
            "CWE-90": 0.0,
            "CWE-327": 0.0,
            "CWE-328": 0.0,
            "CWE-330": 0.0,
            "CWE-501": 0.0,
            "CWE-614": 0.0,
            "CWE-643": 0.0
          }
        },
        "Macro Precision": 0.23975173060225388,
        "Macro Recall": 0.17250554378460664,
        "Macro F1-Score": 0.17971164784554616,
        "Weighted Precision": 0.3516377614266749,
        "Weighted Recall": 0.2518248175182482,
        "Weighted F1-Score": 0.2714797015137191,
        "MCC": 0.27042221109937625,
        "Cohen Kappa": 0.5056427794518077,
        "Confusion Matrix": [
          [
            58,
            108,
            2,
            0,
            0,
            0,
            0,
            0,
            0,
            0,
            0
          ],
          [
            0,
            209,
            0,
            0,
            0,
            0,
            0,
            0,
            0,
            0,
            0
          ],
          [
            0,
            18,
            43,
            0,
            0,
            0,
            0,
            0,
            0,
            0,
            0
          ],
          [
            0,
            13,
            84,
            380,
            0,
            0,
            0,
            0,
            0,
            0,
            0
          ],
          [
            0,
            19,
            3,
            0,
            0,
            0,
            0,
            0,
            0,
            0,
            0
          ],
          [
            3,
            7,
            17,
            0,
            0,
            0,
            0,
            0,
            0,
            0,
            0
          ],
          [
            0,
            7,
            58,
            0,
            0,
            0,
            0,
            0,
            0,
            0,
            0
          ],
          [
            0,
            1,
            15,
            0,
            0,
            0,
            0,
            0,
            0,
            0,
            0
          ],
          [
            0,
            8,
            30,
            0,
            0,
            0,
            0,
            0,
            0,
            0,
            0
          ],
          [
            0,
            1,
            18,
            0,
            0,
            0,
            0,
            0,
            0,
            0,
            0
          ],
          [
            0,
            5,
            1,
            0,
            0,
            0,
            0,
            0,
            0,
            0,
            0
          ]
        ]
      },
      "Using Predicted Vulnerability Name": {
        "Per Class Metrics": {
          "Accuracy": {
            "CWE-22": 0.904014598540146,
            "CWE-78": 0.9813868613138687,
            "CWE-79": 0.7510948905109489,
            "CWE-89": 0.9886861313868613,
            "CWE-90": 0.9784671532846715,
            "CWE-327": 0.9102189781021898,
            "CWE-328": 0.9138686131386862,
            "CWE-330": 0.82007299270073,
            "CWE-501": 0.954014598540146,
            "CWE-614": 0.9755474452554744,
            "CWE-643": 0.9872262773722628
          },
          "Precision": {
            "CWE-22": 1.0,
            "CWE-78": 0.9901960784313726,
            "CWE-79": 0.16119402985074627,
            "CWE-89": 0.983640081799591,
            "CWE-90": 0.0,
            "CWE-327": 0.0,
            "CWE-328": 0.0,
            "CWE-330": 0.0,
            "CWE-501": 0.0,
            "CWE-614": 0.0,
            "CWE-643": 0.0
          },
          "Recall": {
            "CWE-22": 0.018656716417910446,
            "CWE-78": 0.8047808764940239,
            "CWE-79": 0.11868131868131868,
            "CWE-89": 0.9543650793650794,
            "CWE-90": 0.0,
            "CWE-327": 0.0,
            "CWE-328": 0.0,
            "CWE-330": 0.0,
            "CWE-501": 0.0,
            "CWE-614": 0.0,
            "CWE-643": 0.0
          },
          "F1-Score": {
            "CWE-22": 0.03663003663003663,
            "CWE-78": 0.8879120879120879,
            "CWE-79": 0.13670886075949368,
            "CWE-89": 0.9687814702920443,
            "CWE-90": 0.0,
            "CWE-327": 0.0,
            "CWE-328": 0.0,
            "CWE-330": 0.0,
            "CWE-501": 0.0,
            "CWE-614": 0.0,
            "CWE-643": 0.0
          }
        },
        "Macro Precision": 0.2850027445528827,
        "Macro Recall": 0.17240763554166658,
        "Macro F1-Score": 0.18454840505396933,
        "Weighted Precision": 0.3962179198888167,
        "Weighted Recall": 0.2708029197080292,
        "Weighted F1-Score": 0.2858215972830452,
        "MCC": 0.30204902401381556,
        "Cohen Kappa": 0.6092802171163713,