{
  "codegemma:7b-instruct-q4_0": {
    "Dataset": "owasp",
    "Prompt Type": "few_shot",
    "Vulnerability Metrics": {
      "Accuracy": 0.5098540145985402,
      "Precision": 0.5149377593360995,
      "Recall": 0.8770318021201413,
      "F1-Score": 0.6488888888888888,
      "Youden Index": -0.005232348823254962,
      "ROC-AUC Score": 0.4973838255883725,
      "FPR": 0.8822641509433963,
      "FNR": 0.12296819787985866,
      "Specificity": 0.11773584905660377,
      "NPV": 0.4727272727272727,
      "FDR": 0.4850622406639004,
      "MCC": -0.008033732318673594,
      "Confusion Matrix": [
        [
          156,
          1169
        ],
        [
          174,
          1241
        ]
      ]
    },
    "Vulnerability Type Metrics": {
      "Using Predicted CWE": {
        "Per Class Metrics": {
          "Accuracy": {
            "CWE-22": 0.9321167883211678,
            "CWE-78": 0.9076642335766424,
            "CWE-79": 0.8452554744525548,
            "CWE-89": 0.8799270072992701,
            "CWE-90": 0.9784671532846715,
            "CWE-327": 0.9102189781021898,
            "CWE-328": 0.9138686131386862,
            "CWE-330": 0.82007299270073,
            "CWE-501": 0.954014598540146,
            "CWE-614": 0.9755474452554744,
            "CWE-643": 0.9872262773722628
          },
          "Precision": {
            "CWE-22": 1.0,
            "CWE-78": 0.49615384615384617,
            "CWE-79": 0.5771144278606966,
            "CWE-89": 0.7397260273972602,
            "CWE-90": 0.0,
            "CWE-327": 0.0,
            "CWE-328": 0.0,
            "CWE-330": 0.0,
            "CWE-501": 0.0,
            "CWE-614": 0.0,
            "CWE-643": 0.0
          },
          "Recall": {
            "CWE-22": 0.30597014925373134,
            "CWE-78": 0.5139442231075697,
            "CWE-79": 0.2549450549450549,
            "CWE-89": 0.5357142857142857,
            "CWE-90": 0.0,
            "CWE-327": 0.0,
            "CWE-328": 0.0,
            "CWE-330": 0.0,
            "CWE-501": 0.0,
            "CWE-614": 0.0,
            "CWE-643": 0.0
          },
          "F1-Score": {
            "CWE-22": 0.4685714285714286,
            "CWE-78": 0.5048923679060665,
            "CWE-79": 0.35365853658536583,
            "CWE-89": 0.6214039125431531,
            "CWE-90": 0.0,
            "CWE-327": 0.0,
            "CWE-328": 0.0,
            "CWE-330": 0.0,
            "CWE-501": 0.0,
            "CWE-614": 0.0,
            "CWE-643": 0.0
          }
        },
        "Macro Precision": 0.25572675467380024,
        "Macro Recall": 0.1464157920927856,
        "Macro F1-Score": 0.17713874960054674,
        "Weighted Precision": 0.3751618970326465,
        "Weighted Recall": 0.21788321167883212,
        "Weighted F1-Score": 0.2651121654268818,
        "MCC": 0.2522198455810337,
        "Cohen Kappa": 0.5463347786761859,
        "Confusion Matrix": [
          [
            82,
            21,
            0,
            0,
            0,
            0,
            0,
            0,
            0,
            0,
            0
          ],
          [
            0,
            129,
            0,
            0,
            0,
            0,
            0,
            0,
            0,
            0,
            0
          ],
          [
            0,
            99,
            116,
            89,
            0,
            0,
            0,
            0,
            0,
            0,
            0
          ],
          [
            0,
            1,
            0,
            270,
            0,
            0,
            0,
            0,
            0,
            0,
            0
          ],
          [
            0,
            0,
            0,
            0,
            0,
            0,
            0,
            0,
            0,
            0,
            0
          ],
          [
            0,
            0,
            0,
            0,
            0,
            0,
            0,
            0,
            0,
            0,
            0
          ],
          [
            0,
            0,
            0,
            0,
            0,
            0,
            0,
            0,
            0,
            0,
            0
          ],
          [
            0,
            0,
            0,
            0,
            0,
            0,
            0,
            0,
            0,
            0,
            0
          ],
          [
            0,
            9,
            78,
            4,
            0,
            0,
            0,
            0,
            0,
            0,
            0
          ],
          [
            0,
            0,
            7,
            0,
            0,
            0,
            0,
            0,
            0,
            0,
            0
          ],
          [
            0,
            1,
            0,
            2,
            0,
            0,
            0,
            0,
            0,
            0,
            0
          ]
        ]
      },
      "Using Predicted Vulnerability Name": {
        "Per Class Metrics": {
          "Accuracy": {
            "CWE-22": 0.9167883211678832,
            "CWE-78": 0.9547445255474453,
            "CWE-79": 0.868978102189781,
            "CWE-89": 0.8755474452554745,
            "CWE-90": 0.9784671532846715,
            "CWE-327": 0.9102189781021898,
            "CWE-328": 0.9138686131386862,
            "CWE-330": 0.82007299270073,
            "CWE-501": 0.954014598540146,
            "CWE-614": 0.9755474452554744,
            "CWE-643": 0.9872262773722628
          },
          "Precision": {
            "CWE-22": 1.0,
            "CWE-78": 1.0,
            "CWE-79": 0.6463414634146342,
            "CWE-89": 0.7308781869688386,
            "CWE-90": 0.0,
            "CWE-327": 0.0,
            "CWE-328": 0.0,
            "CWE-330": 0.0,
            "CWE-501": 0.0,
            "CWE-614": 0.0,
            "CWE-643": 0.0
          },
          "Recall": {
            "CWE-22": 0.14925373134328357,
            "CWE-78": 0.5059760956175299,
            "CWE-79": 0.46593406593406594,
            "CWE-89": 0.5119047619047619,
            "CWE-90": 0.0,
            "CWE-327": 0.0,
            "CWE-328": 0.0,
            "CWE-330": 0.0,
            "CWE-501": 0.0,
            "CWE-614": 0.0,
            "CWE-643": 0.0
          },
          "F1-Score": {
            "CWE-22": 0.2597402597402597,
            "CWE-78": 0.671957671957672,
            "CWE-79": 0.541507024265645,
            "CWE-89": 0.6021003500583431,
            "CWE-90": 0.0,
            "CWE-327": 0.0,
            "CWE-328": 0.0,
            "CWE-330": 0.0,
            "CWE-501": 0.0,
            "CWE-614": 0.0,
            "CWE-643": 0.0
          }
        },
        "Macro Precision": 0.3070199682166793,
        "Macro Recall": 0.1484607867999674,
        "Macro F1-Score": 0.18866411872926545,
        "Weighted Precision": 0.43118539127224564,
        "Weighted Recall": 0.2324817518248175,
        "Weighted F1-Score": 0.2876335904168024,
        "MCC": 0.2807534392012481,
        "Cohen Kappa": 0.6493945212995258,