{
  "llama3.1:8b": {
    "Dataset": "owasp",
    "Prompt Type": "few_shot",
    "Vulnerability Metrics": {
      "Accuracy": 0.5445255474452555,
      "Precision": 0.5365107127240927,
      "Recall": 0.8671378091872791,
      "F1-Score": 0.6628849270664505,
      "Youden Index": 0.06713780918727918,
      "ROC-AUC Score": 0.5335689045936396,
      "FPR": 0.8,
      "FNR": 0.13286219081272085,
      "Specificity": 0.2,
      "NPV": 0.5849889624724062,
      "FDR": 0.4634892872759073,
      "MCC": 0.09031734058119147,
      "Confusion Matrix": [
        [
          265,
          1060
        ],
        [
          188,
          1227
        ]
      ]
    },
    "Vulnerability Type Metrics": {
      "Using Predicted CWE": {
        "Per Class Metrics": {
          "Accuracy": {
            "CWE-22": 0.9255474452554745,
            "CWE-78": 0.9762773722627737,
            "CWE-79": 0.7985401459854015,
            "CWE-89": 0.9635036496350365,
            "CWE-90": 0.9784671532846715,
            "CWE-327": 0.9021897810218978,
            "CWE-328": 0.9138686131386862,
            "CWE-330": 0.8784671532846715,
            "CWE-501": 0.954014598540146,
            "CWE-614": 0.9755474452554744,
            "CWE-643": 0.9872262773722628
          },
          "Precision": {
            "CWE-22": 0.9848484848484849,
            "CWE-78": 0.8229166666666666,
            "CWE-79": 0.27230046948356806,
            "CWE-89": 0.9208333333333333,
            "CWE-90": 0.0,
            "CWE-327": 0.0,
            "CWE-328": 0.0,
            "CWE-330": 1.0,
            "CWE-501": 0.0,
            "CWE-614": 0.0,
            "CWE-643": 0.0
          },
          "Recall": {
            "CWE-22": 0.24253731343283583,
            "CWE-78": 0.9442231075697212,
            "CWE-79": 0.12747252747252746,
            "CWE-89": 0.876984126984127,
            "CWE-90": 0.0,
            "CWE-327": 0.0,
            "CWE-328": 0.0,
            "CWE-330": 0.32454361054766734,
            "CWE-501": 0.0,
            "CWE-614": 0.0,
            "CWE-643": 0.0
          },
          "F1-Score": {
            "CWE-22": 0.38922155688622756,
            "CWE-78": 0.8794063079777366,
            "CWE-79": 0.17365269461077845,
            "CWE-89": 0.8983739837398373,
            "CWE-90": 0.0,
            "CWE-327": 0.0,
            "CWE-328": 0.0,
            "CWE-330": 0.4900459418070444,
            "CWE-501": 0.0,
            "CWE-614": 0.0,
            "CWE-643": 0.0
          }
        },
        "Macro Precision": 0.36371808675745937,
        "Macro Recall": 0.22870551690971624,
        "Macro F1-Score": 0.25733640772923855,
        "Weighted Precision": 0.5662365660174272,
        "Weighted Recall": 0.3510948905109489,
        "Weighted F1-Score": 0.4008859393107942,
        "MCC": 0.3778516416922434,
        "Cohen Kappa": 0.7173135470131857,
        "Confusion Matrix": [
          [
            65,
            0,
            8,
            0,
            0,
            0,
            0,
            0,
            0,
            0,
            0
          ],
          [
            0,
            237,
            0,
            0,
            0,
            0,
            0,
            0,
            0,
            0,
            0
          ],
          [
            0,
            18,
            58,
            11,
            0,
            0,
            0,
            0,
            0,
            0,
            0
          ],
          [
            0,
            33,
            1,
            442,
            0,
            0,
            0,
            0,
            0,
            0,
            0
          ],
          [
            0,
            0,
            0,
            27,
            0,
            0,
            0,
            0,
            0,
            0,
            0
          ],
          [
            0,
            0,
            27,
            0,
            0,
            0,
            0,
            0,
            0,
            0,
            0
          ],
          [
            0,
            0,
            101,
            0,
            0,
            9,
            0,
            0,
            0,
            0,
            0
          ],
          [
            0,
            0,
            8,
            0,
            0,
            13,
            0,
            160,
            0,
            0,
            0
          ],
          [
            0,
            0,
            8,
            0,
            0,
            0,
            0,
            0,
            0,
            0,
            0
          ],
          [
            1,
            0,
            2,
            0,
            0,
            0,
            0,
            0,
            0,
            0,
            0
          ],
          [
            0,
            0,
            0,
            0,
            0,
            0,
            0,
            0,
            0,
            0,
            0
          ]
        ]
      },
      "Using Predicted Vulnerability Name": {
        "Per Class Metrics": {
          "Accuracy": {
            "CWE-22": 0.9372262773722628,
            "CWE-78": 0.9616788321167883,
            "CWE-79": 0.8065693430656934,
            "CWE-89": 0.9653284671532847,
            "CWE-90": 0.9802919708029197,
            "CWE-327": 0.9102189781021898,
            "CWE-328": 0.9138686131386862,
            "CWE-330": 0.8233576642335766,
            "CWE-501": 0.954014598540146,
            "CWE-614": 0.9755474452554744,
            "CWE-643": 0.9890510948905109
          },
          "Precision": {
            "CWE-22": 0.82,
            "CWE-78": 0.7607142857142857,
            "CWE-79": 0.33031674208144796,
            "CWE-89": 0.9305263157894736,
            "CWE-90": 1.0,
            "CWE-327": 0.0,
            "CWE-328": 0.0,
            "CWE-330": 1.0,
            "CWE-501": 0.0,
            "CWE-614": 0.0,
            "CWE-643": 1.0
          },
          "Recall": {
            "CWE-22": 0.458955223880597,
            "CWE-78": 0.848605577689243,
            "CWE-79": 0.16043956043956045,
            "CWE-89": 0.876984126984127,
            "CWE-90": 0.0847457627118644,
            "CWE-327": 0.0,
            "CWE-328": 0.0,
            "CWE-330": 0.018255578093306288,
            "CWE-501": 0.0,
            "CWE-614": 0.0,
            "CWE-643": 0.14285714285714285
          },
          "F1-Score": {
            "CWE-22": 0.5885167464114832,
            "CWE-78": 0.8022598870056498,
            "CWE-79": 0.21597633136094674,
            "CWE-89": 0.9029622063329928,
            "CWE-90": 0.15625,
            "CWE-327": 0.0,
            "CWE-328": 0.0,
            "CWE-330": 0.035856573705179286,
            "CWE-501": 0.0,
            "CWE-614": 0.0,
            "CWE-643": 0.25
          }
        },
        "Macro Precision": 0.5310506675986552,
        "Macro Recall": 0.23553117933234918,
        "Macro F1-Score": 0.268347431346932,
        "Weighted Precision": 0.5901381994595764,
        "Weighted Recall": 0.3175182481751825,
        "Weighted F1-Score": 0.3460211471804409,
        "MCC": 0.3523908379765932,
        "Cohen Kappa": 0.6770082164801461,