{
  "llama3.1:8b": {
    "Dataset": "owasp",
    "Prompt Type": "chain_of_thought",
    "Vulnerability Metrics": {
      "Accuracy": 0.5277372262773723,
      "Precision": 0.5229950589129608,
      "Recall": 0.9724381625441696,
      "F1-Score": 0.680177953534355,
      "Youden Index": 0.025268351223414864,
      "ROC-AUC Score": 0.5126341756117074,
      "FPR": 0.9471698113207547,
      "FNR": 0.02756183745583039,
      "Specificity": 0.052830188679245285,
      "NPV": 0.6422018348623854,
      "FDR": 0.47700494108703917,
      "MCC": 0.06460846022722264,
      "Confusion Matrix": [
        [
          70,
          1255
        ],
        [
          39,
          1376
        ]
      ]
    },
    "Vulnerability Type Metrics": {
      "Using Predicted CWE": {
        "Per Class Metrics": {
          "Accuracy": {
            "CWE-22": 0.9186131386861314,
            "CWE-78": 0.9857664233576642,
            "CWE-79": 0.6748175182481752,
            "CWE-89": 0.9686131386861314,
            "CWE-90": 0.9784671532846715,
            "CWE-327": 0.8981751824817519,
            "CWE-328": 0.9138686131386862,
            "CWE-330": 0.8416058394160584,
            "CWE-501": 0.954014598540146,
            "CWE-614": 0.9755474452554744,
            "CWE-643": 0.9872262773722628
          },
          "Precision": {
            "CWE-22": 1.0,
            "CWE-78": 0.924,
            "CWE-79": 0.04201680672268908,
            "CWE-89": 0.8732142857142857,
            "CWE-90": 0.0,
            "CWE-327": 0.0,
            "CWE-328": 0.0,
            "CWE-330": 1.0,
            "CWE-501": 0.0,
            "CWE-614": 0.0,
            "CWE-643": 0.0
          },
          "Recall": {
            "CWE-22": 0.16791044776119404,
            "CWE-78": 0.9203187250996016,
            "CWE-79": 0.04395604395604396,
            "CWE-89": 0.9702380952380952,
            "CWE-90": 0.0,
            "CWE-327": 0.0,
            "CWE-328": 0.0,
            "CWE-330": 0.11967545638945233,
            "CWE-501": 0.0,
            "CWE-614": 0.0,
            "CWE-643": 0.0
          },
          "F1-Score": {
            "CWE-22": 0.28753993610223644,
            "CWE-78": 0.9221556886227545,
            "CWE-79": 0.04296455424274973,
            "CWE-89": 0.9191729323308271,
            "CWE-90": 0.0,
            "CWE-327": 0.0,
            "CWE-328": 0.0,
            "CWE-330": 0.213768115942029,
            "CWE-501": 0.0,
            "CWE-614": 0.0,
            "CWE-643": 0.0
          }
        },
        "Macro Precision": 0.34902100840336137,
        "Macro Recall": 0.20200897894948974,
        "Macro F1-Score": 0.21687283884005426,
        "Weighted Precision": 0.5299787033061399,
        "Weighted Recall": 0.30802919708029197,
        "Weighted F1-Score": 0.32727061750157627,
        "MCC": 0.29311146785608866,
        "Cohen Kappa": 0.500146816330344,
        "Confusion Matrix": [
          [
            45,
            9,
            20,
            0,
            0,
            0,
            0,
            0,
            0,
            0,
            0
          ],
          [
            0,
            231,
            0,
            0,
            0,
            0,
            0,
            0,
            0,
            0,
            0
          ],
          [
            0,
            1,
            20,
            20,
            0,
            0,
            0,
            0,
            0,
            0,
            0
          ],
          [
            0,
            9,
            1,
            489,
            0,
            0,
            0,
            0,
            0,
            0,
            0
          ],
          [
            0,
            0,
            0,
            46,
            0,
            0,
            0,
            0,
            0,
            0,
            0
          ],
          [
            0,
            0,
            100,
            0,
            0,
            0,
            0,
            0,
            0,
            0,
            0
          ],
          [
            0,
            0,
            186,
            0,
            0,
            0,
            0,
            0,
            0,
            0,
            0
          ],
          [
            0,
            0,
            133,
            0,
            0,
            33,
            0,
            59,
            0,
            0,
            0
          ],
          [
            0,
            0,
            3,
            5,
            0,
            0,
            0,
            0,
            0,
            0,
            0
          ],
          [
            0,
            0,
            13,
            0,
            0,
            0,
            0,
            0,
            0,
            0,
            0
          ],
          [
            0,
            0,
            0,
            0,
            0,
            0,
            0,
            0,
            0,
            0,
            0
          ]
        ]
      },
      "Using Predicted Vulnerability Name": {
        "Per Class Metrics": {
          "Accuracy": {
            "CWE-22": 0.918978102189781,
            "CWE-78": 0.9302919708029197,
            "CWE-79": 0.6744525547445256,
            "CWE-89": 0.9722627737226277,
            "CWE-90": 0.9784671532846715,
            "CWE-327": 0.9102189781021898,
            "CWE-328": 0.9138686131386862,
            "CWE-330": 0.8204379562043795,
            "CWE-501": 0.954014598540146,
            "CWE-614": 0.9755474452554744,
            "CWE-643": 0.9872262773722628
          },
          "Precision": {
            "CWE-22": 1.0,
            "CWE-78": 0.9838709677419355,
            "CWE-79": 0.049484536082474224,
            "CWE-89": 0.8780918727915195,
            "CWE-90": 0.0,
            "CWE-327": 0.0,
            "CWE-328": 0.0,
            "CWE-330": 1.0,
            "CWE-501": 0.0,
            "CWE-614": 0.0,
            "CWE-643": 0.0
          },
          "Recall": {
            "CWE-22": 0.17164179104477612,
            "CWE-78": 0.24302788844621515,
            "CWE-79": 0.05274725274725275,
            "CWE-89": 0.9861111111111112,
            "CWE-90": 0.0,
            "CWE-327": 0.0,
            "CWE-328": 0.0,
            "CWE-330": 0.002028397565922921,
            "CWE-501": 0.0,
            "CWE-614": 0.0,
            "CWE-643": 0.0
          },
          "F1-Score": {
            "CWE-22": 0.2929936305732484,
            "CWE-78": 0.38977635782747605,
            "CWE-79": 0.05106382978723404,
            "CWE-89": 0.9289719626168225,
            "CWE-90": 0.0,
            "CWE-327": 0.0,
            "CWE-328": 0.0,
            "CWE-330": 0.004048582995951417,
            "CWE-501": 0.0,
            "CWE-614": 0.0,
            "CWE-643": 0.0
          }
        },
        "Macro Precision": 0.3555861251469027,
        "Macro Recall": 0.13232331281047982,
        "Macro F1-Score": 0.15153221489097565,
        "Weighted Precision": 0.5376005039079115,
        "Weighted Recall": 0.22956204379562045,
        "Weighted F1-Score": 0.24444818318883255,
        "MCC": 0.22064737306192264,
        "Cohen Kappa": 0.4062234903987044,