{
  "llama3.1:8b": {
    "Dataset": "owasp",
    "Prompt Type": "simple",
    "Vulnerability Metrics": {
      "Accuracy": 0.512043795620438,
      "Precision": 0.5145631067961165,
      "Recall": 0.9738515901060071,
      "F1-Score": 0.6733447349132665,
      "Youden Index": -0.007280485365691036,
      "ROC-AUC Score": 0.4963597573171545,
      "FPR": 0.9811320754716981,
      "FNR": 0.026148409893992933,
      "Specificity": 0.018867924528301886,
      "NPV": 0.4032258064516129,
      "FDR": 0.4854368932038835,
      "MCC": -0.024465007950079706,
      "Confusion Matrix": [
        [
          25,
          1300
        ],
        [
          37,
          1378
        ]
      ]
    },
    "Vulnerability Type Metrics": {
      "Using Predicted CWE": {
        "Per Class Metrics": {
          "Accuracy": {
            "CWE-22": 0.9255474452554745,
            "CWE-78": 0.9828467153284671,
            "CWE-79": 0.6992700729927007,
            "CWE-89": 0.9813868613138687,
            "CWE-90": 0.9784671532846715,
            "CWE-327": 0.8916058394160584,
            "CWE-328": 0.9138686131386862,
            "CWE-330": 0.8532846715328467,
            "CWE-501": 0.954014598540146,
            "CWE-614": 0.9755474452554744,
            "CWE-643": 0.9872262773722628
          },
          "Precision": {
            "CWE-22": 0.9848484848484849,
            "CWE-78": 0.8493150684931506,
            "CWE-79": 0.07390300230946882,
            "CWE-89": 0.9670103092783505,
            "CWE-90": 0.0,
            "CWE-327": 0.06779661016949153,
            "CWE-328": 0.0,
            "CWE-330": 1.0,
            "CWE-501": 0.0,
            "CWE-614": 0.0,
            "CWE-643": 0.0
          },
          "Recall": {
            "CWE-22": 0.24253731343283583,
            "CWE-78": 0.9880478087649402,
            "CWE-79": 0.07032967032967033,
            "CWE-89": 0.9305555555555556,
            "CWE-90": 0.0,
            "CWE-327": 0.016260162601626018,
            "CWE-328": 0.0,
            "CWE-330": 0.1845841784989858,
            "CWE-501": 0.0,
            "CWE-614": 0.0,
            "CWE-643": 0.0
          },
          "F1-Score": {
            "CWE-22": 0.38922155688622756,
            "CWE-78": 0.9134438305709024,
            "CWE-79": 0.07207207207207207,
            "CWE-89": 0.948432760364004,
            "CWE-90": 0.0,
            "CWE-327": 0.02622950819672131,
            "CWE-328": 0.0,
            "CWE-330": 0.3116438356164384,
            "CWE-501": 0.0,
            "CWE-614": 0.0,
            "CWE-643": 0.0
          }
        },
        "Macro Precision": 0.3584430431908133,
        "Macro Recall": 0.22111951719851036,
        "Macro F1-Score": 0.24191305124603327,
        "Weighted Precision": 0.5502899650218855,
        "Weighted Recall": 0.33175182481751825,
        "Weighted F1-Score": 0.36659910682859637,
        "MCC": 0.32415657357555194,
        "Cohen Kappa": 0.5579055559686545,
        "Confusion Matrix": [
          [
            65,
            0,
            33,
            0,
            0,
            0,
            0,
            0,
            0,
            0,
            0
          ],
          [
            0,
            248,
            0,
            0,
            0,
            0,
            0,
            0,
            0,
            0,
            0
          ],
          [
            0,
            20,
            32,
            1,
            0,
            0,
            0,
            0,
            0,
            0,
            0
          ],
          [
            0,
            24,
            1,
            469,
            0,
            0,
            0,
            0,
            0,
            0,
            0
          ],
          [
            0,
            0,
            0,
            15,
            0,
            0,
            0,
            0,
            0,
            0,
            0
          ],
          [
            0,
            0,
            128,
            0,
            0,
            4,
            0,
            0,
            0,
            0,
            0
          ],
          [
            0,
            0,
            193,
            0,
            0,
            1,
            0,
            0,
            0,
            0,
            0
          ],
          [
            0,
            0,
            38,
            0,
            0,
            54,
            0,
            91,
            0,
            0,
            0
          ],
          [
            0,
            0,
            1,
            0,
            0,
            0,
            0,
            0,
            0,
            0,
            0
          ],
          [
            1,
            0,
            7,
            0,
            0,
            0,
            0,
            0,
            0,
            0,
            0
          ],
          [
            0,
            0,
            0,
            0,
            0,
            0,
            0,
            0,
            0,
            0,
            0
          ]
        ]
      },
      "Using Predicted Vulnerability Name": {
        "Per Class Metrics": {
          "Accuracy": {
            "CWE-22": 0.9259124087591241,
            "CWE-78": 0.9525547445255474,
            "CWE-79": 0.7047445255474453,
            "CWE-89": 0.9857664233576642,
            "CWE-90": 0.9784671532846715,
            "CWE-327": 0.9102189781021898,
            "CWE-328": 0.9138686131386862,
            "CWE-330": 0.8222627737226277,
            "CWE-501": 0.954014598540146,
            "CWE-614": 0.9755474452554744,
            "CWE-643": 0.9872262773722628
          },
          "Precision": {
            "CWE-22": 0.9850746268656716,
            "CWE-78": 1.0,
            "CWE-79": 0.11013215859030837,
            "CWE-89": 0.9696969696969697,
            "CWE-90": 0.0,
            "CWE-327": 0.0,
            "CWE-328": 0.0,
            "CWE-330": 1.0,
            "CWE-501": 0.0,
            "CWE-614": 0.0,
            "CWE-643": 0.0
          },
          "Recall": {
            "CWE-22": 0.2462686567164179,
            "CWE-78": 0.4820717131474104,
            "CWE-79": 0.10989010989010989,
            "CWE-89": 0.9523809523809523,
            "CWE-90": 0.0,
            "CWE-327": 0.0,
            "CWE-328": 0.0,
            "CWE-330": 0.012170385395537525,
            "CWE-501": 0.0,
            "CWE-614": 0.0,
            "CWE-643": 0.0
          },
          "F1-Score": {
            "CWE-22": 0.3940298507462687,
            "CWE-78": 0.6505376344086021,
            "CWE-79": 0.11001100110011001,
            "CWE-89": 0.960960960960961,
            "CWE-90": 0.0,
            "CWE-327": 0.0,
            "CWE-328": 0.0,
            "CWE-330": 0.02404809619238477,
            "CWE-501": 0.0,
            "CWE-614": 0.0,
            "CWE-643": 0.0
          }
        },
        "Macro Precision": 0.36953670501390445,
        "Macro Recall": 0.16388925613912983,
        "Macro F1-Score": 0.19450795849166605,
        "Weighted Precision": 0.5645391988634537,
        "Weighted Recall": 0.26386861313868615,
        "Weighted F1-Score": 0.2974890465271092,
        "MCC": 0.2723090418416687,
        "Cohen Kappa": 0.5305734502059352,