{
  "llama3.1:8b": {
    "Dataset": "owasp",
    "Prompt Type": "vulnerability_specific",
    "Vulnerability Metrics": {
      "Accuracy": 0.5364963503649635,
      "Precision": 0.529749692244563,
      "Recall": 0.9123674911660777,
      "F1-Score": 0.670301142263759,
      "Youden Index": 0.04746183078871935,
      "ROC-AUC Score": 0.5237309153943597,
      "FPR": 0.8649056603773585,
      "FNR": 0.08763250883392226,
      "Specificity": 0.1350943396226415,
      "NPV": 0.5907590759075908,
      "FDR": 0.470250307755437,
      "MCC": 0.07562781738616103,
      "Confusion Matrix": [
        [
          179,
          1146
        ],
        [
          124,
          1291
        ]
      ]
    },
    "Vulnerability Type Metrics": {
      "Using Predicted CWE": {
        "Per Class Metrics": {
          "Accuracy": {
            "CWE-22": 0.9124087591240876,
            "CWE-78": 0.9405109489051094,
            "CWE-79": 0.743065693430657,
            "CWE-89": 0.9901459854014598,
            "CWE-90": 0.9784671532846715,
            "CWE-327": 0.9102189781021898,
            "CWE-328": 0.9138686131386862,
            "CWE-330": 0.82007299270073,
            "CWE-501": 0.954014598540146,
            "CWE-614": 0.9755474452554744,
            "CWE-643": 0.9872262773722628
          },
          "Precision": {
            "CWE-22": 0.8333333333333334,
            "CWE-78": 0.6333333333333333,
            "CWE-79": 0.21896162528216703,
            "CWE-89": 0.9667318982387475,
            "CWE-90": 0.0,
            "CWE-327": 0.0,
            "CWE-328": 0.0,
            "CWE-330": 0.0,
            "CWE-501": 0.0,
            "CWE-614": 0.0,
            "CWE-643": 0.0
          },
          "Recall": {
            "CWE-22": 0.13059701492537312,
            "CWE-78": 0.8326693227091634,
            "CWE-79": 0.21318681318681318,
            "CWE-89": 0.9801587301587301,
            "CWE-90": 0.0,
            "CWE-327": 0.0,
            "CWE-328": 0.0,
            "CWE-330": 0.0,
            "CWE-501": 0.0,
            "CWE-614": 0.0,
            "CWE-643": 0.0
          },
          "F1-Score": {
            "CWE-22": 0.22580645161290322,
            "CWE-78": 0.7194492254733219,
            "CWE-79": 0.21603563474387527,
            "CWE-89": 0.9733990147783251,
            "CWE-90": 0.0,
            "CWE-327": 0.0,
            "CWE-328": 0.0,
            "CWE-330": 0.0,
            "CWE-501": 0.0,
            "CWE-614": 0.0,
            "CWE-643": 0.0
          }
        },
        "Macro Precision": 0.24112365365341645,
        "Macro Recall": 0.1960556255436436,
        "Macro F1-Score": 0.19406275696440234,
        "Weighted Precision": 0.35370818110062585,
        "Weighted Recall": 0.30474452554744524,
        "Weighted F1-Score": 0.302915037183504,
        "MCC": 0.3054812107013222,
        "Cohen Kappa": 0.5287669130920035,
        "Confusion Matrix": [
          [
            35,
            29,
            2,
            0,
            0,
            0,
            0,
            0,
            0,
            0,
            0
          ],
          [
            0,
            209,
            0,
            0,
            0,
            0,
            0,
            0,
            0,
            0,
            0
          ],
          [
            7,
            11,
            97,
            0,
            0,
            0,
            0,
            0,
            0,
            0,
            0
          ],
          [
            0,
            3,
            0,
            494,
            0,
            0,
            0,
            0,
            0,
            0,
            0
          ],
          [
            0,
            9,
            0,
            16,
            0,
            0,
            0,
            0,
            0,
            0,
            0
          ],
          [
            0,
            13,
            59,
            0,
            0,
            0,
            0,
            0,
            0,
            0,
            0
          ],
          [
            0,
            15,
            105,
            0,
            0,
            0,
            0,
            0,
            0,
            0,
            0
          ],
          [
            0,
            14,
            120,
            0,
            0,
            0,
            0,
            0,
            0,
            0,
            0
          ],
          [
            0,
            3,
            35,
            0,
            0,
            0,
            0,
            0,
            0,
            0,
            0
          ],
          [
            0,
            1,
            25,
            0,
            0,
            0,
            0,
            0,
            0,
            0,
            0
          ],
          [
            0,
            23,
            0,
            1,
            0,
            0,
            0,
            0,
            0,
            0,
            0
          ]
        ]
      },
      "Using Predicted Vulnerability Name": {
        "Per Class Metrics": {
          "Accuracy": {
            "CWE-22": 0.9124087591240876,
            "CWE-78": 0.9554744525547445,
            "CWE-79": 0.7543795620437956,
            "CWE-89": 0.9901459854014598,
            "CWE-90": 0.9784671532846715,
            "CWE-327": 0.9102189781021898,
            "CWE-328": 0.9138686131386862,
            "CWE-330": 0.82007299270073,
            "CWE-501": 0.954014598540146,
            "CWE-614": 0.9755474452554744,
            "CWE-643": 0.9872262773722628
          },
          "Precision": {
            "CWE-22": 0.8333333333333334,
            "CWE-78": 0.6747967479674797,
            "CWE-79": 0.2354368932038835,
            "CWE-89": 0.9667318982387475,
            "CWE-90": 0.0,
            "CWE-327": 0.0,
            "CWE-328": 0.0,
            "CWE-330": 0.0,
            "CWE-501": 0.0,
            "CWE-614": 0.0,
            "CWE-643": 0.0
          },
          "Recall": {
            "CWE-22": 0.13059701492537312,
            "CWE-78": 0.9920318725099602,
            "CWE-79": 0.21318681318681318,
            "CWE-89": 0.9801587301587301,
            "CWE-90": 0.0,
            "CWE-327": 0.0,
            "CWE-328": 0.0,
            "CWE-330": 0.0,
            "CWE-501": 0.0,
            "CWE-614": 0.0,
            "CWE-643": 0.0
          },
          "F1-Score": {
            "CWE-22": 0.22580645161290322,
            "CWE-78": 0.8032258064516129,
            "CWE-79": 0.223760092272203,
            "CWE-89": 0.9733990147783251,
            "CWE-90": 0.0,
            "CWE-327": 0.0,
            "CWE-328": 0.0,
            "CWE-330": 0.0,
            "CWE-501": 0.0,
            "CWE-614": 0.0,
            "CWE-643": 0.0
          }
        },
        "Macro Precision": 0.24639080661304036,
        "Macro Recall": 0.21054313007098877,
        "Macro F1-Score": 0.20238103319227674,
        "Weighted Precision": 0.3602423285376885,
        "Weighted Recall": 0.3193430656934307,
        "Weighted F1-Score": 0.31187217222034347,
        "MCC": 0.3248257575551492,
        "Cohen Kappa": 0.5574403927271466,