{
    "granite3.3:8b": {
        "Dataset": "owasp",
        "Prompt Type": "vulnerability_specific",
        "Vulnerability Metrics": {
            "Accuracy": 0.5098540145985402,
            "Precision": 0.5407239819004525,
            "Recall": 0.33780918727915193,
            "F1-Score": 0.4158329708568943,
            "Youden Index": 0.03139409293952933,
            "ROC-AUC Score": 0.5156970464697647,
            "FPR": 0.30641509433962266,
            "FNR": 0.662190812720848,
            "Specificity": 0.6935849056603773,
            "NPV": 0.4951508620689655,
            "FDR": 0.4592760180995475,
            "MCC": 0.03355977034735222,
            "Confusion Matrix": [
                [
                    919,
                    406
                ],
                [
                    937,
                    478
                ]
            ]
        },
        "Vulnerability Type Metrics": {
            "Using Predicted CWE": {
                "Per Class Metrics": {
                    "Accuracy": {
                        "CWE-22": 0.960948905109489,
                        "CWE-78": 0.9989051094890511,
                        "CWE-79": 0.8346715328467154,
                        "CWE-89": 0.9781021897810219,
                        "CWE-90": 0.9784671532846715,
                        "CWE-327": 0.908029197080292,
                        "CWE-328": 0.9138686131386862,
                        "CWE-330": 0.8215328467153284,
                        "CWE-501": 0.954014598540146,
                        "CWE-614": 0.9755474452554744,
                        "CWE-643": 0.9872262773722628
                    },
                    "Precision": {
                        "CWE-22": 1.0,
                        "CWE-78": 0.996,
                        "CWE-79": 0.5555555555555556,
                        "CWE-89": 1.0,
                        "CWE-90": 0.0,
                        "CWE-327": 0.0,
                        "CWE-328": 0.0,
                        "CWE-330": 1.0,
                        "CWE-501": 0.0,
                        "CWE-614": 0.0,
                        "CWE-643": 0.0
                    },
                    "Recall": {
                        "CWE-22": 0.6007462686567164,
                        "CWE-78": 0.9920318725099602,
                        "CWE-79": 0.02197802197802198,
                        "CWE-89": 0.8809523809523809,
                        "CWE-90": 0.0,
                        "CWE-327": 0.0,
                        "CWE-328": 0.0,
                        "CWE-330": 0.008113590263691683,
                        "CWE-501": 0.0,
                        "CWE-614": 0.0,
                        "CWE-643": 0.0
                    },
                    "F1-Score": {
                        "CWE-22": 0.7505827505827506,
                        "CWE-78": 0.9940119760479041,
                        "CWE-79": 0.042283298097251586,
                        "CWE-89": 0.9367088607594937,
                        "CWE-90": 0.0,
                        "CWE-327": 0.0,
                        "CWE-328": 0.0,
                        "CWE-330": 0.01609657947686117,
                        "CWE-501": 0.0,
                        "CWE-614": 0.0,
                        "CWE-643": 0.0
                    }
                },
                "Macro Precision": 0.4137777777777778,
                "Macro Recall": 0.22762019403279735,
                "Macro F1-Score": 0.2490621331785692,
                "Weighted Precision": 0.6451729115977292,
                "Weighted Recall": 0.3167883211678832,
                "Weighted F1-Score": 0.3466894026581489,
                "MCC": 0.4104559973741148,
                "Cohen Kappa": 0.9730029962699497,
                "Confusion Matrix": [
                    [
                        161,
                        0,
                        0,
                        0,
                        0,
                        0,
                        0,
                        0,
                        0,
                        0,
                        0
                    ],
                    [
                        0,
                        249,
                        0,
                        0,
                        0,
                        0,
                        0,
                        0,
                        0,
                        0,
                        0
                    ],
                    [
                        0,
                        0,
                        10,
                        0,
                        0,
                        0,
                        0,
                        0,
                        0,
                        0,
                        0
                    ],
                    [
                        0,
                        1,
                        7,
                        444,
                        0,
                        0,
                        0,
                        0,
                        0,
                        0,
                        0
                    ],
                    [
                        0,
                        0,
                        0,
                        0,
                        0,
                        0,
                        0,
                        0,
                        0,
                        0,
                        0
                    ],
                    [
                        0,
                        0,
                        0,
                        0,
                        0,
                        0,
                        0,
                        0,
                        0,
                        0,
                        0
                    ],
                    [
                        0,
                        0,
                        0,
                        0,
                        0,
                        0,
                        0,
                        0,
                        0,
                        0,
                        0
                    ],
                    [
                        0,
                        0,
                        0,
                        0,
                        0,
                        6,
                        0,
                        4,
                        0,
                        0,
                        0
                    ],
                    [
                        0,
                        0,
                        0,
                        0,
                        0,
                        0,
                        0,
                        0,
                        0,
                        0,
                        0
                    ],
                    [
                        0,
                        0,
                        0,
                        0,
                        0,
                        0,
                        0,
                        0,
                        0,
                        0,
                        0
                    ],
                    [
                        0,
                        0,
                        1,
                        0,
                        0,
                        0,
                        0,
                        0,
                        0,
                        0,
                        0
                    ]
                ]
            },
            "Using Predicted Vulnerability Name": {
                "Per Class Metrics": {
                    "Accuracy": {
                        "CWE-22": 0.960948905109489,
                        "CWE-78": 0.9989051094890511,
                        "CWE-79": 0.8346715328467154,
                        "CWE-89": 0.9781021897810219,
                        "CWE-90": 0.9784671532846715,