{
    "granite3.3:8b": {
        "Dataset": "owasp",
        "Prompt Type": "simple",
        "Vulnerability Metrics": {
            "Accuracy": 0.5952554744525548,
            "Precision": 0.6136701337295691,
            "Recall": 0.5837455830388693,
            "F1-Score": 0.5983339369793553,
            "Youden Index": 0.19129275285018998,
            "ROC-AUC Score": 0.595646376425095,
            "FPR": 0.39245283018867927,
            "FNR": 0.41625441696113075,
            "Specificity": 0.6075471698113207,
            "NPV": 0.5774748923959828,
            "FDR": 0.3863298662704309,
            "MCC": 0.1912188752220301,
            "Confusion Matrix": [
                [
                    805,
                    520
                ],
                [
                    589,
                    826
                ]
            ]
        },
        "Vulnerability Type Metrics": {
            "Using Predicted CWE": {
                "Per Class Metrics": {
                    "Accuracy": {
                        "CWE-22": 0.9379562043795621,
                        "CWE-78": 0.9463503649635037,
                        "CWE-79": 0.9744525547445255,
                        "CWE-89": 0.9791970802919708,
                        "CWE-90": 0.9784671532846715,
                        "CWE-327": 0.9102189781021898,
                        "CWE-328": 0.9138686131386862,
                        "CWE-330": 0.82007299270073,
                        "CWE-501": 0.954014598540146,
                        "CWE-614": 0.9755474452554744,
                        "CWE-643": 0.9872262773722628
                    },
                    "Precision": {
                        "CWE-22": 1.0,
                        "CWE-78": 0.9727272727272728,
                        "CWE-79": 0.989821882951654,
                        "CWE-89": 0.9955654101995566,
                        "CWE-90": 0.0,
                        "CWE-327": 0.5,
                        "CWE-328": 0.0,
                        "CWE-330": 0.0,
                        "CWE-501": 0.0,
                        "CWE-614": 0.0,
                        "CWE-643": 0.0
                    },
                    "Recall": {
                        "CWE-22": 0.3656716417910448,
                        "CWE-78": 0.4262948207171315,
                        "CWE-79": 0.8549450549450549,
                        "CWE-89": 0.8908730158730159,
                        "CWE-90": 0.0,
                        "CWE-327": 0.0040650406504065045,
                        "CWE-328": 0.0,
                        "CWE-330": 0.0,
                        "CWE-501": 0.0,
                        "CWE-614": 0.0,
                        "CWE-643": 0.0
                    },
                    "F1-Score": {
                        "CWE-22": 0.5355191256830601,
                        "CWE-78": 0.592797783933518,
                        "CWE-79": 0.9174528301886793,
                        "CWE-89": 0.9403141361256544,
                        "CWE-90": 0.0,
                        "CWE-327": 0.008064516129032258,
                        "CWE-328": 0.0,
                        "CWE-330": 0.0,
                        "CWE-501": 0.0,
                        "CWE-614": 0.0,
                        "CWE-643": 0.0
                    }
                },
                "Macro Precision": 0.40528314235258944,
                "Macro Recall": 0.23107723399787758,
                "Macro F1-Score": 0.27219530836908584,
                "Weighted Precision": 0.5793023609263228,
                "Weighted Recall": 0.381021897810219,
                "Weighted F1-Score": 0.4327206579420781,
                "MCC": 0.45379177455997083,
                "Cohen Kappa": 0.9856435346870727,
                "Confusion Matrix": [
                    [
                        98,
                        0,
                        0,
                        0,
                        0,
                        0,
                        0,
                        0,
                        0,
                        0,
                        0
                    ],
                    [
                        0,
                        107,
                        0,
                        0,
                        0,
                        0,
                        0,
                        0,
                        0,
                        0,
                        0
                    ],
                    [
                        0,
                        0,
                        389,
                        0,
                        0,
                        0,
                        0,
                        0,
                        0,
                        0,
                        0
                    ],
                    [
                        0,
                        0,
                        0,
                        449,
                        0,
                        0,
                        0,
                        0,
                        0,
                        0,
                        0
                    ],
                    [
                        0,
                        3,
                        0,
                        1,
                        0,
                        0,
                        0,
                        0,
                        0,
                        0,
                        0
                    ],
                    [
                        0,
                        0,
                        0,
                        0,
                        0,
                        1,
                        0,
                        0,
                        0,
                        0,
                        0
                    ],
                    [
                        0,
                        0,
                        1,
                        0,
                        0,
                        0,
                        0,
                        0,
                        0,
                        0,
                        0
                    ],
                    [
                        0,
                        0,
                        0,
                        0,
                        0,
                        1,
                        0,
                        0,
                        0,
                        0,
                        0
                    ],
                    [
                        0,
                        0,
                        3,
                        1,
                        0,
                        0,
                        0,
                        0,
                        0,
                        0,
                        0
                    ],
                    [
                        0,
                        0,
                        0,
                        0,
                        0,
                        0,
                        0,
                        0,
                        0,
                        0,
                        0
                    ],
                    [
                        0,
                        0,
                        0,
                        0,
                        0,
                        0,
                        0,
                        0,
                        0,
                        0,
                        0
                    ]
                ]
            },
            "Using Predicted Vulnerability Name": {
                "Per Class Metrics": {
                    "Accuracy": {
                        "CWE-22": 0.910948905109489,
                        "CWE-78": 0.9474452554744526,
                        "CWE-79": 0.9737226277372263,
                        "CWE-89": 0.9901459854014598,
                        "CWE-90": 0.9795620437956204,