{
    "granite3.3:8b": {
        "Dataset": "owasp",
        "Prompt Type": "few_shot",
        "Vulnerability Metrics": {
            "Accuracy": 0.5894160583941606,
            "Precision": 0.590738423028786,
            "Recall": 0.6671378091872792,
            "F1-Score": 0.6266179887155658,
            "Youden Index": 0.17355290352690167,
            "ROC-AUC Score": 0.586776451763451,
            "FPR": 0.4935849056603774,
            "FNR": 0.33286219081272084,
            "Specificity": 0.5064150943396226,
            "NPV": 0.5875656742556917,
            "FDR": 0.409261576971214,
            "MCC": 0.17591246060033464,
            "Confusion Matrix": [
                [
                    671,
                    654
                ],
                [
                    471,
                    944
                ]
            ]
        },
        "Vulnerability Type Metrics": {
            "Using Predicted CWE": {
                "Per Class Metrics": {
                    "Accuracy": {
                        "CWE-22": 0.9697080291970803,
                        "CWE-78": 0.9686131386861314,
                        "CWE-79": 0.9343065693430657,
                        "CWE-89": 0.9594890510948905,
                        "CWE-90": 0.9784671532846715,
                        "CWE-327": 0.9062043795620438,
                        "CWE-328": 0.9138686131386862,
                        "CWE-330": 0.8332116788321168,
                        "CWE-501": 0.954014598540146,
                        "CWE-614": 0.9755474452554744,
                        "CWE-643": 0.9872262773722628
                    },
                    "Precision": {
                        "CWE-22": 1.0,
                        "CWE-78": 1.0,
                        "CWE-79": 0.9757785467128027,
                        "CWE-89": 0.9757869249394673,
                        "CWE-90": 0.0,
                        "CWE-327": 0.0,
                        "CWE-328": 0.0,
                        "CWE-330": 1.0,
                        "CWE-501": 0.0,
                        "CWE-614": 0.0,
                        "CWE-643": 0.0
                    },
                    "Recall": {
                        "CWE-22": 0.6902985074626866,
                        "CWE-78": 0.6573705179282868,
                        "CWE-79": 0.6197802197802198,
                        "CWE-89": 0.7996031746031746,
                        "CWE-90": 0.0,
                        "CWE-327": 0.0,
                        "CWE-328": 0.0,
                        "CWE-330": 0.07302231237322515,
                        "CWE-501": 0.0,
                        "CWE-614": 0.0,
                        "CWE-643": 0.0
                    },
                    "F1-Score": {
                        "CWE-22": 0.8167770419426048,
                        "CWE-78": 0.7932692307692307,
                        "CWE-79": 0.7580645161290323,
                        "CWE-89": 0.8789531079607416,
                        "CWE-90": 0.0,
                        "CWE-327": 0.0,
                        "CWE-328": 0.0,
                        "CWE-330": 0.13610586011342155,
                        "CWE-501": 0.0,
                        "CWE-614": 0.0,
                        "CWE-643": 0.0
                    }
                },
                "Macro Precision": 0.45014231560475176,
                "Macro Recall": 0.25818861201341753,
                "Macro F1-Score": 0.3075608869922755,
                "Weighted Precision": 0.7108670981473784,
                "Weighted Recall": 0.39087591240875913,
                "Weighted F1-Score": 0.4646053775366917,
                "MCC": 0.45833809550361543,
                "Cohen Kappa": 0.9656775865895866,
                "Confusion Matrix": [
                    [
                        185,
                        0,
                        0,
                        0,
                        0,
                        0,
                        0,
                        0,
                        0,
                        0,
                        0
                    ],
                    [
                        0,
                        165,
                        1,
                        0,
                        0,
                        0,
                        0,
                        0,
                        0,
                        0,
                        0
                    ],
                    [
                        0,
                        0,
                        282,
                        0,
                        0,
                        0,
                        0,
                        0,
                        0,
                        0,
                        0
                    ],
                    [
                        0,
                        0,
                        0,
                        403,
                        0,
                        0,
                        0,
                        0,
                        0,
                        0,
                        0
                    ],
                    [
                        0,
                        0,
                        0,
                        10,
                        0,
                        0,
                        0,
                        0,
                        0,
                        0,
                        0
                    ],
                    [
                        0,
                        0,
                        0,
                        0,
                        0,
                        0,
                        0,
                        0,
                        0,
                        0,
                        0
                    ],
                    [
                        0,
                        0,
                        0,
                        0,
                        0,
                        0,
                        0,
                        0,
                        0,
                        0,
                        0
                    ],
                    [
                        0,
                        0,
                        0,
                        0,
                        0,
                        11,
                        0,
                        36,
                        0,
                        0,
                        0
                    ],
                    [
                        0,
                        0,
                        5,
                        0,
                        0,
                        0,
                        0,
                        0,
                        0,
                        0,
                        0
                    ],
                    [
                        0,
                        0,
                        1,
                        0,
                        0,
                        0,
                        0,
                        0,
                        0,
                        0,
                        0
                    ],
                    [
                        0,
                        0,
                        0,
                        0,
                        0,
                        0,
                        0,
                        0,
                        0,
                        0,
                        0
                    ]
                ]
            },
            "Using Predicted Vulnerability Name": {
                "Per Class Metrics": {
                    "Accuracy": {
                        "CWE-22": 0.95,
                        "CWE-78": 0.968978102189781,
                        "CWE-79": 0.9343065693430657,
                        "CWE-89": 0.9587591240875912,
                        "CWE-90": 0.9832116788321168,