{
    "granite3.3:8b": {
        "Dataset": "owasp",
        "Prompt Type": "chain_of_thought",
        "Vulnerability Metrics": {
            "Accuracy": 0.5802919708029197,
            "Precision": 0.5748164878599661,
            "Recall": 0.719434628975265,
            "F1-Score": 0.6390458254865035,
            "Youden Index": 0.15113274218281214,
            "ROC-AUC Score": 0.5755663710914061,
            "FPR": 0.5683018867924529,
            "FNR": 0.280565371024735,
            "Specificity": 0.4316981132075472,
            "NPV": 0.5902992776057792,
            "FDR": 0.42518351214003386,
            "MCC": 0.1579696123070895,
            "Confusion Matrix": [
                [
                    572,
                    753
                ],
                [
                    397,
                    1018
                ]
            ]
        },
        "Vulnerability Type Metrics": {
            "Using Predicted CWE": {
                "Per Class Metrics": {
                    "Accuracy": {
                        "CWE-22": 0.9529197080291971,
                        "CWE-78": 0.9645985401459855,
                        "CWE-79": 0.9401459854014599,
                        "CWE-89": 0.9208029197080292,
                        "CWE-90": 0.9784671532846715,
                        "CWE-327": 0.9098540145985401,
                        "CWE-328": 0.9138686131386862,
                        "CWE-330": 0.82007299270073,
                        "CWE-501": 0.954014598540146,
                        "CWE-614": 0.9755474452554744,
                        "CWE-643": 0.9872262773722628
                    },
                    "Precision": {
                        "CWE-22": 1.0,
                        "CWE-78": 1.0,
                        "CWE-79": 0.9030470914127424,
                        "CWE-89": 0.8560794044665012,
                        "CWE-90": 0.0,
                        "CWE-327": 0.0,
                        "CWE-328": 0.0,
                        "CWE-330": 0.0,
                        "CWE-501": 0.0,
                        "CWE-614": 0.0,
                        "CWE-643": 0.0
                    },
                    "Recall": {
                        "CWE-22": 0.5186567164179104,
                        "CWE-78": 0.6135458167330677,
                        "CWE-79": 0.7164835164835165,
                        "CWE-89": 0.6845238095238095,
                        "CWE-90": 0.0,
                        "CWE-327": 0.0,
                        "CWE-328": 0.0,
                        "CWE-330": 0.0,
                        "CWE-501": 0.0,
                        "CWE-614": 0.0,
                        "CWE-643": 0.0
                    },
                    "F1-Score": {
                        "CWE-22": 0.683046683046683,
                        "CWE-78": 0.7604938271604939,
                        "CWE-79": 0.7990196078431373,
                        "CWE-89": 0.7607497243660419,
                        "CWE-90": 0.0,
                        "CWE-327": 0.0,
                        "CWE-328": 0.0,
                        "CWE-330": 0.0,
                        "CWE-501": 0.0,
                        "CWE-614": 0.0,
                        "CWE-643": 0.0
                    }
                },
                "Macro Precision": 0.34173877235265854,
                "Macro Recall": 0.23029180537802763,
                "Macro F1-Score": 0.273028167492396,
                "Weighted Precision": 0.49684322862916586,
                "Weighted Recall": 0.3518248175182482,
                "Weighted F1-Score": 0.4090920599718641,
                "MCC": 0.41280578639122734,
                "Cohen Kappa": 0.8783792046685793,
                "Confusion Matrix": [
                    [
                        139,
                        0,
                        5,
                        3,
                        0,
                        0,
                        0,
                        0,
                        0,
                        0,
                        0
                    ],
                    [
                        0,
                        154,
                        4,
                        1,
                        0,
                        0,
                        0,
                        0,
                        0,
                        0,
                        0
                    ],
                    [
                        0,
                        0,
                        326,
                        0,
                        0,
                        0,
                        0,
                        0,
                        0,
                        0,
                        0
                    ],
                    [
                        0,
                        0,
                        0,
                        345,
                        0,
                        0,
                        0,
                        0,
                        0,
                        0,
                        0
                    ],
                    [
                        0,
                        0,
                        2,
                        49,
                        0,
                        0,
                        0,
                        0,
                        0,
                        0,
                        0
                    ],
                    [
                        0,
                        0,
                        2,
                        0,
                        0,
                        0,
                        0,
                        0,
                        0,
                        0,
                        0
                    ],
                    [
                        0,
                        0,
                        1,
                        0,
                        0,
                        0,
                        0,
                        0,
                        0,
                        0,
                        0
                    ],
                    [
                        0,
                        0,
                        0,
                        0,
                        0,
                        1,
                        0,
                        0,
                        0,
                        0,
                        0
                    ],
                    [
                        0,
                        0,
                        18,
                        3,
                        0,
                        0,
                        0,
                        0,
                        0,
                        0,
                        0
                    ],
                    [
                        0,
                        0,
                        3,
                        1,
                        0,
                        0,
                        0,
                        0,
                        0,
                        0,
                        0
                    ],
                    [
                        0,
                        0,
                        0,
                        1,
                        0,
                        0,
                        0,
                        0,
                        0,
                        0,
                        0
                    ]
                ]
            },
            "Using Predicted Vulnerability Name": {
                "Per Class Metrics": {
                    "Accuracy": {
                        "CWE-22": 0.9098540145985401,
                        "CWE-78": 0.9645985401459855,
                        "CWE-79": 0.9394160583941605,
                        "CWE-89": 0.9832116788321168,
                        "CWE-90": 0.9828467153284671,
                        "CWE-327": 0.9102189781021898,