{
    "gpt-5-mini-2025-08-07": {
        "Dataset": "owasp",
        "Prompt Type": "simple",
        "Vulnerability Metrics": {
            "Accuracy": 0.7912408759124088,
            "Precision": 0.7238449283058949,
            "Recall": 0.9632508833922262,
            "F1-Score": 0.8265615524560339,
            "Youden Index": 0.5707980532035468,
            "ROC-AUC Score": 0.7853990266017734,
            "FPR": 0.39245283018867927,
            "FNR": 0.03674911660777385,
            "Specificity": 0.6075471698113207,
            "NPV": 0.9393232205367561,
            "FDR": 0.27615507169410514,
            "MCC": 0.6152520526629596,
            "Confusion Matrix": [
                [
                    805,
                    520
                ],
                [
                    52,
                    1363
                ]
            ]
        },
        "Vulnerability Type Metrics": {
            "Using Predicted CWE": {
                "Per Class Metrics": {
                    "Accuracy": {
                        "CWE-22": 0.9525547445255474,
                        "CWE-78": 0.9598540145985401,
                        "CWE-79": 0.9248175182481752,
                        "CWE-89": 0.9262773722627737,
                        "CWE-90": 0.9894160583941606,
                        "CWE-327": 0.9182481751824818,
                        "CWE-328": 0.9138686131386862,
                        "CWE-330": 0.8605839416058394,
                        "CWE-501": 0.954014598540146,
                        "CWE-614": 0.9875912408759124,
                        "CWE-643": 0.9927007299270073
                    },
                    "Precision": {
                        "CWE-22": 1.0,
                        "CWE-78": 1.0,
                        "CWE-79": 0.969811320754717,
                        "CWE-89": 1.0,
                        "CWE-90": 1.0,
                        "CWE-327": 0.5345911949685535,
                        "CWE-328": 0.0,
                        "CWE-330": 0.9512195121951219,
                        "CWE-501": 0.0,
                        "CWE-614": 0.9714285714285714,
                        "CWE-643": 1.0
                    },
                    "Recall": {
                        "CWE-22": 0.5149253731343284,
                        "CWE-78": 0.5617529880478087,
                        "CWE-79": 0.5648351648351648,
                        "CWE-89": 0.5992063492063492,
                        "CWE-90": 0.5084745762711864,
                        "CWE-327": 0.6910569105691057,
                        "CWE-328": 0.0,
                        "CWE-330": 0.23732251521298176,
                        "CWE-501": 0.0,
                        "CWE-614": 0.5074626865671642,
                        "CWE-643": 0.42857142857142855
                    },
                    "F1-Score": {
                        "CWE-22": 0.6798029556650246,
                        "CWE-78": 0.7193877551020408,
                        "CWE-79": 0.7138888888888889,
                        "CWE-89": 0.749379652605459,
                        "CWE-90": 0.6741573033707865,
                        "CWE-327": 0.6028368794326241,
                        "CWE-328": 0.0,
                        "CWE-330": 0.37987012987012986,
                        "CWE-501": 0.0,
                        "CWE-614": 0.6666666666666666,
                        "CWE-643": 0.6
                    }
                },
                "Macro Precision": 0.7660955090315422,
                "Macro Recall": 0.4194189084014107,
                "Macro F1-Score": 0.5259991119637837,
                "Weighted Precision": 0.8116096783589671,
                "Weighted Recall": 0.4394160583941606,
                "Weighted F1-Score": 0.549735803627145,
                "MCC": 0.4776390993910027,
                "Cohen Kappa": 0.8605225155410722,
                "Confusion Matrix": [
                    [
                        138,
                        0,
                        0,
                        0,
                        0,
                        0,
                        0,
                        0,
                        0,
                        0,
                        0
                    ],
                    [
                        0,
                        141,
                        0,
                        0,
                        0,
                        0,
                        0,
                        0,
                        0,
                        0,
                        0
                    ],
                    [
                        0,
                        0,
                        257,
                        0,
                        0,
                        0,
                        0,
                        0,
                        0,
                        0,
                        0
                    ],
                    [
                        0,
                        0,
                        0,
                        302,
                        0,
                        0,
                        0,
                        0,
                        0,
                        0,
                        0
                    ],
                    [
                        0,
                        0,
                        8,
                        0,
                        30,
                        0,
                        0,
                        0,
                        0,
                        0,
                        0
                    ],
                    [
                        0,
                        0,
                        0,
                        0,
                        0,
                        170,
                        0,
                        6,
                        0,
                        0,
                        0
                    ],
                    [
                        0,
                        0,
                        0,
                        0,
                        0,
                        148,
                        0,
                        0,
                        0,
                        0,
                        0
                    ],
                    [
                        0,
                        0,
                        0,
                        0,
                        0,
                        0,
                        0,
                        117,
                        0,
                        0,
                        0
                    ],
                    [
                        0,
                        0,
                        0,
                        0,
                        0,
                        0,
                        0,
                        0,
                        0,
                        1,
                        0
                    ],
                    [
                        0,
                        0,
                        0,
                        0,
                        0,
                        0,
                        0,
                        0,
                        0,
                        34,
                        0
                    ],
                    [
                        0,
                        0,
                        0,
                        0,
                        0,
                        0,
                        0,
                        0,
                        0,
                        0,
                        15
                    ]
                ]
            },
            "Using Predicted Vulnerability Name": {
                "Per Class Metrics": {
                    "Accuracy": {
                        "CWE-22": 0.9529197080291971,
                        "CWE-78": 0.9598540145985401,